Method,Dataset,Budget,w_max,w_acc,nTiles,CoveredTiles,nPath,nPathBound,TilingTime,PlanningTime,IsValid
mink_rooted_greedy,GW191103_012549_638.txt,100,10,10,638,638,32,32,0.0754029,0.0397609,true,4793 4738 4685 4630 4572 4512 4449 4385 4318 4250 4179 4107 4032 3956 3877 3798 3716 3634 3550 3465 3378 3292 3204 3116 3026 3115 3203 3291 3377 3464 3549 3633 3715 3797 3876 3955 4031 4106 4178 4249 4317 4384 4448 4511 4571 4629 4684 4737 4787 4835 4879,4918 4921 4960 4997 5030 5061 4995 5060 5088 5113 5087 5059 4993 5086 5112 5134 5154 5170 5183 5192 5184 5171 5156 5137 5116 5091 5064 5033 5000 4963 4924 4882 4838 4790 4740 5034 5065 5092 5117 5093 5139 5138 5157 5172 5193 5199 5201 5198,5200 5191 5182 5169 5153 5133 5111 5085 5057 5056 5084 5110 5132 5152 5168 5181 5190 5197 5189 5180 5167 5151 5131 5109 5083 5055 5023 4989 4867 4910 4950 4988 5022 5054 5082 5108 5130 5150 5166 5149 5129 5107 5081 5080 5052 4985 4947 4907,4665 4864 4818 4819 4770 4769 4718 4664 4719 4665 4609 4549 4550 4489 4425 4360 4292 4003 4079 4152 4224 4293 4361 4426 4490 4551 4610 4666 4720 4771 4820 4865 4908 4948 4986 5020 5053 5021 4987,4428 4949 4909 4866 4821 4721 4667 4611 4552 4491 4427 4362 4294 4225 4153 4080 4004 3927 3848 3768 3686 3604 3519,3519 3434 3347 3261 3173 3085 2996 2997 3086 3174 3262 3348 3435,3606 3520 3605 3687 3769 3849 3928 4005 4081 4154 4226 4295 4082 4006 3929 3850 3770 3688 3606,3602 3521 3436 3349 3263 3175 3087 2998 2908 2817 2728 2637,2549 2548 2638 2729 2818 2909 2999 3088 3176 3264 3350 3437,2729 3522 3607 3689 3771 3523 3438 3351 3265 3177 3089 3000 2911,2730 2821 2731 2641 2552 2461 2551 2640 2820 2910 2819 2730,3268 2639 2549 2458 2369 2459 2550 2460 2370 2279 2190 2101,1503 2191 2280 2371 2372 2281 2192 2102 2014 1926 1840 1754,1671 1841 1927 2015 2103 2193 2282 2373 2462 2463 2374 2283,1505 2194 2104 2016 1928 1842 1755 1670 1586 1505 1587 1671,1848 1756 1843 1929 2017 2105 2195 2284 2106 2018 1930 1844,972 1757 1672 1588 1506 1424 1673 1758 1845 1931 2019 1932,1678 1846 1759 1674 1589 1507 1425 1345 1266 1190 1191 1267,832 1346 1426 1508 1590 1675 1760 1847 1761 1676 1591 1509,1353 1427 1347 1268 1192 1117 1269 1348 1428 1510 1592 1677,2472 1762 1678 1593 1511 1429 1349 1270 1193 1118 1045 1046,594 1119 1194 1271 1350 1430 1512 1594 1679 1680 1595 1513,2746 1431 1351 1272 1195 1120 1047 1048 1121 1197 1196 1273,1204 1352 1432 1514 1596 1681 1682 1597 1515 1433 1353 1274,339 1122 1198 1275 1354 1434 1516 1598 1683 1768 1855 1942 2031 1943 1856 1769,2751 1684 1599 1517 1435 1355 1276 1199 1123 1277 1356 1436,1286 1518 1600 1685 1770 1857 2032 1944 1858 1771 1686 1601 1519 1437 1357 1358 1438 1520,851 1602 1687 1772 1859 1945 2033 2121 2211 2212 2122 2034 1946 1860 1773 1688 1603 1521 1604 1689 1774 1861 1947 2035 2123 2213 2302 2393 2573 2663 2754 2843 2934 3023 3200,3714 3113 3201 3289 3375 3462 3631 3795 3953 4029 4682 4735 4785 4833 4878 4834 4786 4736 4683 4628 4570 4510 4447 4383 4316 4248 4177 4105 4030 3954 3875 3796 3714 3632 3548 3463 3376 3290 3202 3114 3025 3024 2935 2844 2755 2664 2574 2483,3710 2394 2303 2214 2124 2036 1948 1862 1775 1690 1863 1950 2127 2217 2306 2397 2396 2486 2576 2485 2305 2216 2126 2038 1949 2037 2125 2215 2304 2395 2484 2575 2665 2756 2845 2936 2937 2846 2757 2666 2577,3032 2487 2578 2667 2668 2758 2847 2848 2938 3027 3117 3205 3293 3379 3466 3551 3635 3717 3799 3878 3957 4033 4108 4319 4386 4450 4573 4631 4686 4739 4789 4837 4881 4923 4962 4999 5032 5063 5090 5115 5136 5155 5135 5114 5089 5062 5031 4998,4506 4961 4922 4880 4836 4788
mink_rooted_ILP,GW191103_012549_638.txt,100,10,10,638,638,32,29,0.0754029,7203.2,true,3268 2639 2549 2458 2369 2459 2550 2460 2370 2279 2190 2101,4793 4738 4685 4630 4572 4512 4449 4385 4318 4250 4179 4107 4032 3956 3877 3798 3716 3634 3550 3465 3378 3292 3204 3116 3026 3115 3203 3291 3377 3464 3549 3633 3715 3797 3876 3955 4031 4106 4178 4249 4317 4384 4448 4511 4571 4629 4684 4737 4787 4835 4879,2549 2548 2638 2729 2818 2909 2999 3088 3176 3264 3350 3437,3519 3434 3347 3261 3173 3085 2996 2997 3086 3174 3262 3348 3435,4918 4921 4960 4997 5030 5061 4995 5060 5088 5113 5087 5059 4993 5086 5112 5134 5154 5170 5183 5192 5184 5171 5156 5137 5116 5091 5064 5033 5000 4963 4924 4882 4838 4790 4740 5034 5065 5092 5117 5093 5139 5138 5157 5172 5193 5199 5201 5198,1678 1846 1759 1674 1589 1507 1425 1345 1266 1190 1191 1267,2472 1762 1678 1593 1511 1429 1349 1270 1193 1118 1045 1046,3714 3113 3201 3289 3375 3462 3631 3795 3953 4029 4682 4735 4785 4833 4878 4834 4786 4736 4683 4628 4570 4510 4447 4383 4316 4248 4177 4105 4030 3954 3875 3796 3714 3632 3548 3463 3376 3290 3202 3114 3025 3024 2935 2844 2755 2664 2574 2483,1286 1518 1600 1685 1770 1857 2032 1944 1858 1771 1686 1601 1519 1437 1357 1358 1438 1520,594 1119 1194 1271 1350 1430 1512 1594 1679 1680 1595 1513,1671 1841 1927 2015 2103 2193 2282 2373 2462 2463 2374 2283,2746 1431 1351 1272 1195 1120 1047 1048 1121 1197 1196 1273,2751 1684 1599 1517 1435 1355 1276 1199 1123 1277 1356 1436,5200 5191 5182 5169 5153 5133 5111 5085 5057 5056 5084 5110 5132 5152 5168 5181 5190 5197 5189 5180 5167 5151 5131 5109 5083 5055 5023 4989 4867 4910 4950 4988 5022 5054 5082 5108 5130 5150 5166 5149 5129 5107 5081 5080 5052 4985 4947 4907,1505 2194 2104 2016 1928 1842 1755 1670 1586 1505 1587 1671,972 1757 1672 1588 1506 1424 1673 1758 1845 1931 2019 1932,4506 4961 4922 4880 4836 4788,851 1602 1687 1772 1859 1945 2033 2121 2211 2212 2122 2034 1946 1860 1773 1688 1603 1521 1604 1689 1774 1861 1947 2035 2123 2213 2302 2393 2573 2663 2754 2843 2934 3023 3200,3602 3521 3436 3349 3263 3175 3087 2998 2908 2817 2728 2637,339 1122 1198 1275 1354 1434 1516 1598 1683 1768 1855 1942 2031 1943 1856 1769,1353 1427 1347 1268 1192 1117 1269 1348 1428 1510 1592 1677,2729 3522 3607 3689 3771 3523 3438 3351 3265 3177 3089 3000 2911,832 1346 1426 1508 1590 1675 1760 1847 1761 1676 1591 1509,4665 4864 4818 4819 4770 4769 4718 4664 4719 4665 4609 4549 4550 4489 4425 4360 4292 4003 4079 4152 4224 4293 4361 4426 4490 4551 4610 4666 4720 4771 4820 4865 4908 4948 4986 5020 5053 5021 4987,3606 3520 3605 3687 3769 3849 3928 4005 4081 4154 4226 4295 4082 4006 3929 3850 3770 3688 3606,4428 4949 4909 4866 4821 4721 4667 4611 4552 4491 4427 4362 4294 4225 4153 4080 4004 3927 3848 3768 3686 3604 3519,3032 2487 2578 2667 2668 2758 2847 2848 2938 3027 3117 3205 3293 3379 3466 3551 3635 3717 3799 3878 3957 4033 4108 4319 4386 4450 4573 4631 4686 4739 4789 4837 4881 4923 4962 4999 5032 5063 5090 5115 5136 5155 5135 5114 5089 5062 5031 4998,3710 2394 2303 2214 2124 2036 1948 1862 1775 1690 1863 1950 2127 2217 2306 2397 2396 2486 2576 2485 2305 2216 2126 2038 1949 2037 2125 2215 2304 2395 2484 2575 2665 2756 2845 2936 2937 2846 2757 2666 2577,2730 2821 2731 2641 2552 2461 2551 2640 2820 2910 2819 2730,1204 1352 1432 1514 1596 1681 1682 1597 1515 1433 1353 1274,1848 1756 1843 1929 2017 2105 2195 2284 2106 2018 1930 1844,1503 2191 2280 2371 2372 2281 2192 2102 2014 1926 1840 1754
mink_rooted_annealing,GW191103_012549_638.txt,100,10,10,638,638,33,33,0.0696202,7.19279,true,-2 3551 3635 3717 3799 3878 3956 4032 4107 4179 4250 4318 4385 4449 4512 4511 4571 4629 4684 4737 4787 4836 4880 4922 4961 4998 5031 5062 5089 5115 5136 5156 5172 5157 5138 5117 5092 5065 5034 5033 5000 4963 4924 4882 4838 4790 4740,-2 2757 2847 2938 3027 3116 3204 3292 3378 3465 3550 3634 3715 3797 3876 3954 4030 4105 4177 4248 4316 4383 4447 4510 4570 4628 4683 4736 4786 4835 4879 4921 4960 4997 5030 5090 5063 5032 4999 4962 4923 4881 4837 4789 4739 4686 4631 4573,-2 4735 4785 4834 4878 5061 5088 5060 5087 5059 5086 5112 5134 5154 5170 5183 5184 5192 5198 5191 5182 5169 5153 5133 5111 5085 5057 5056 5084 5110 5132 5152 5168 5181 5190 5197 5189 5180 5166 5150 5130 5108 5082 5054 5109 5083 5055 5023 4989,-2 5113 5135 5155 5171 5137 5116 5091 5064 4788 4738 4685 4630 4572 4448 4384 4317 4249 4178 4106 4031 3955 3877 3798 3716 3633 3549 3464 3377 3290 3202 3114 3024 3113 3201 3289 3375 3462 3376 3463 3548 3632 3714 3796 3875 3953 4029,-2 2127 2216 2305 2395 2484 2574 2663 2754 2664 2755 2844 2934 3023 2935 2845 2756 2666 2577 2487 2578 2667 2758 2668 2848 3117 3205 3293 3379 3466 3957 4033 4108 4319 4386 4450 5093 5139 5193 5199 5201,-2 2217 2306 2397 2486 2576 2665 2846 2936 3025 3115 3203 3291 3631 3795 4682 4833 4995 5131 5151 5167 5149 5129 5107 5081 5080 5052 5020 4986 4948 4909 4866 4821 4867 4910 4949 4987 5021 5022 4988 4950,-2 4611 4666 4610 4665 4719 4770 4819 4769 4718 4818 4864 4907 4947 4908 4865 4820 4771 4720 4721 4667 3200 2843 2573 2483 2394 2304 2215 2126 2038 1949 2037 2125 2214 2124 2213 2302 2393,-2 1944 2032 2211 2121 2033 1945 1858 1772 1859 1946 2034 2122 2212 2123 2035 1947 1860 1773 1861 1774 1689 1775 1863 1950 1862 1948 2036 2303 2575 2485 2396 3026 2937,-2 4004 4005 3929 4006 4082 4154 4081 4080 4153 4225 4294 4226 4295 4362 4426 4361 4293 4224 4152 4292 4360 4425 4549 4664 4609 4550 4489 4490 4551 4552 4491 4427,-2 1690 1604 1688 1603 1521 1520 1602 1687 1771 1686 1601 1685 1770 1857 1943 2031 1942 1856 1769 1684 1768 1855,-2 5114 4993 5053 4985 3850 3771 3689 3688 3770 3849 3928 3848 3927 4003 4079,-2 1519 1600 1599 1682 1273 1429 1510 1592 1675 1760 1847,-2 3265 3347 3173 3086 2458 2369 2279 2192 2105 2017 1929,-2 3607 3523 3438 3264 3174 2459 1928 1757 1672 1756,-2 1345 1426 1270 1431 1432 1518 1122 1678 1509 1591,-2 1433 1121 1119 1272 1430 1679 1508 1505 1844 1673,-2 3768 3686 3604 3519 3434 3687 3605 3521 3436 3435 2908,-2 1048 1513 1512 1511 1677 1427 1590 1587 1758 2019,-2 2641 2280 2191 2101 2548 2818 3261 3520 3349 2819 2910,-2 1191 1346 1425 1507 1586 1670 1755 1842 1930 2018 2106,-2 2373 2463 2282 2193 2104 2016 1754 1926 2639 3088 3769,-2 3177 3089 2730 2731 2015 1190 1428 1271 1351 1762,-2 3085 2996 2997 2729 2728 2637 3087 3175 3263 3350 3351,-2 1123 1199 1198 1275 1434 1681 1680 1514 1197 1120 1118,-2 1932 1846 1759 1674 1588 1671 2194 2374 2462 2461 2999,-2 1193 1192 1267 1506 2103 2190 2370 2551 2550 3262,-2 1683 1598 1597 1515 1352 1196 1195 1350 1349 1194 1046,-2 1516 1517 1435 1276 1277 1356 1436 1357 1437 1438 1358,-2 3348 2820 2821 2911 3000 2638 2549 2460 2371 2372,-2 1117 1347 1266 1424 1845 2195 2284 2283 2640 2552,-2 2281 2102 1840 1927 1843 1589 1676 1593 1595 1596 1353,-2 3606 3522 3437 3176 2998 2909 2817 1841 1268 1269,-2 2014 1931 1761 1594 1355 1354 1274 1047 1045 1348
mink_rooted_greedy,GW191109_010717_549.txt,100,10,10,549,549,25,25,0.0626061,0.03016,true,594 909 841 776 712 713 777 842 910 979 1051 1124 1200 1277 1356 1436 1601 1519 1437 1357 1278 1201 1125 1052 980 911 843 778 715 779 844 912 981 1053 1126 1202 1279 1358 1438 1520 1602 1687 1773 1688 1603 1521 1439 1359 1440 1522 1604,1204 1689 1774 1861 1948 2037 1949 2038 2126 2216 2305 2396 2486 2577 2397 2306 2217 2127 2039 1951 1865 1866 1952 2040 2128 2218 2307 2398 2487 2578 2667 2758 2759 2848 2939 3028 3117 3205 3118 3206 3380 3294 3207,3032 3295 3381 3468 3553 3637 3719 3801 3720 3638 3554 3469 3382 3296 3383 3470,4034 3555 3639 3721 3802 3881 3960 4036 4111 4183 4184 4255,4578 4323 4390 4454 4577 4635 4690 4743 4793 4841 4885 4927,4793 4966 5003 5036 5067 5094 5140 5159 5160 5143 5175 5176,5200 5187 5177 5162 5178 5163 5146 5147 5126 5127 5078 5049,4941 5016 4982 4981 5048 5077 5104 5103 5076 5102 5125 5124,4931 5145 5123 5144 5161 5122 5098 5097 5070 5039 5006 4843,4801 4887 4929 4968 5005 5038 5069 5096 5121 5142 5141 5120,4644 5095 5068 5037 5004 4967 4928 4886 4842 4794 4744 4691,3885 4636 4578 4518 4455 4324 4256 4185 4113 4112 4037 3961,3887 3882 3803 3640 3556 3471 3384 3297 3209 3121 3208 3120 3031 2942 2852 2672 2671 2581 2670 2761 2850 2851,3714 2941 3030 3119 3029 2940 2849 2760 2669 2668 2579 2488 2399 2489 2580 2490 2400 2401 2310 2221 2043 2131 2220 2309 2308 2219 2129 2041 1953 2130 2042 1954 1867 1779 1694 1609 1444 1526 1608 1693 1778 1777 1692,1286 1607 1525 1443 1363 1284 1207 1131 1057 1130 1206 1283 1362 1442 1524 1606 1691 1776 1864 1950 1863 1862 1775 1690 1605 1523 1441 1361 1282 1205 1129 1056 984 915 781 846 914 983 1055 1128 1204 1281 1360 1280 1203 1127 1054 982 913 845,339 780 716 655 654 594 653 714 652 593 537 536 592 651 591 535 534 589 533 532 587 646 706 645 705 769 768 767 831 898 897 966 1037 1109 1036 1108 1183 1259 1338 1417 1499 1581 1665 1750 1837 1923,2549 2011 2099 2277 2188 2098 2010 2009 2097 2187 2276 2367 2547 2636 2635 2726 2815 3084 3171 3259,3602 3345 3432 3517 3602 3684 3170 3258 3344 3431 3516 3601,3519 3683 3765 3845 3924 4000 4076 4148 4075 3999 3922 3843,4293 3923 3844 3764 3682 3600 3515 3430 3343 3168 3257 3169,2181 3081 2902 2903 2812 2723 2633 2724 2813 2904 2992 3082,3606 2993 3083 2994 2905 2814 2725 2634 2544 2453 2364 2185 2274,2729 2365 2454 2545 2455 2546 2456 2366 2275 2186 2096 2008 1834 1921 1835 1748 1663 1579 1498 1580 1664 1749 1836 1922 1751 1666 1582,1259 1500 1418 1339 1260 1184 1501 1419 1340 1261 1185 1110 1038 967 899 832 833 901 969 900 968 1039 1111 1186 1262 1187 1112 1040 1041 1042 970 834 902 971 1043 1044 972 903 835 770 707 771 836 904 973 1046 974,972 905 837 772 708 647 588 648 709 773 838 906 975 1047 1120 1197 1121 1048 976 907 839 774 710 649 590 650 711 775 840 908 977 1049 1122 1198 1275 1276 1199 1123 1050 978
mink_rooted_ILP,GW191109_010717_549.txt,100,10,10,549,549,25,24,0.0626061,7202.6,true,3887 3882 3803 3640 3556 3471 3384 3297 3209 3121 3208 3120 3031 2942 2852 2672 2671 2581 2670 2761 2850 2851,4793 4966 5003 5036 5067 5094 5140 5159 5160 5143 5175 5176,2549 2011 2099 2277 2188 2098 2010 2009 2097 2187 2276 2367 2547 2636 2635 2726 2815 3084 3171 3259,3519 3683 3765 3845 3924 4000 4076 4148 4075 3999 3922 3843,4293 3923 3844 3764 3682 3600 3515 3430 3343 3168 3257 3169,4034 3555 3639 3721 3802 3881 3960 4036 4111 4183 4184 4255,3714 2941 3030 3119 3029 2940 2849 2760 2669 2668 2579 2488 2399 2489 2580 2490 2400 2401 2310 2221 2043 2131 2220 2309 2308 2219 2129 2041 1953 2130 2042 1954 1867 1779 1694 1609 1444 1526 1608 1693 1778 1777 1692,1286 1607 1525 1443 1363 1284 1207 1131 1057 1130 1206 1283 1362 1442 1524 1606 1691 1776 1864 1950 1863 1862 1775 1690 1605 1523 1441 1361 1282 1205 1129 1056 984 915 781 846 914 983 1055 1128 1204 1281 1360 1280 1203 1127 1054 982 913 845,594 909 841 776 712 713 777 842 910 979 1051 1124 1200 1277 1356 1436 1601 1519 1437 1357 1278 1201 1125 1052 980 911 843 778 715 779 844 912 981 1053 1126 1202 1279 1358 1438 1520 1602 1687 1773 1688 1603 1521 1439 1359 1440 1522 1604,5200 5187 5177 5162 5178 5163 5146 5147 5126 5127 5078 5049,4801 4887 4929 4968 5005 5038 5069 5096 5121 5142 5141 5120,972 905 837 772 708 647 588 648 709 773 838 906 975 1047 1120 1197 1121 1048 976 907 839 774 710 649 590 650 711 775 840 908 977 1049 1122 1198 1275 1276 1199 1123 1050 978,4578 4323 4390 4454 4577 4635 4690 4743 4793 4841 4885 4927,4941 5016 4982 4981 5048 5077 5104 5103 5076 5102 5125 5124,3602 3345 3432 3517 3602 3684 3170 3258 3344 3431 3516 3601,339 780 716 655 654 594 653 714 652 593 537 536 592 651 591 535 534 589 533 532 587 646 706 645 705 769 768 767 831 898 897 966 1037 1109 1036 1108 1183 1259 1338 1417 1499 1581 1665 1750 1837 1923,2729 2365 2454 2545 2455 2546 2456 2366 2275 2186 2096 2008 1834 1921 1835 1748 1663 1579 1498 1580 1664 1749 1836 1922 1751 1666 1582,3885 4636 4578 4518 4455 4324 4256 4185 4113 4112 4037 3961,2181 3081 2902 2903 2812 2723 2633 2724 2813 2904 2992 3082,1259 1500 1418 1339 1260 1184 1501 1419 1340 1261 1185 1110 1038 967 899 832 833 901 969 900 968 1039 1111 1186 1262 1187 1112 1040 1041 1042 970 834 902 971 1043 1044 972 903 835 770 707 771 836 904 973 1046 974,4644 5095 5068 5037 5004 4967 4928 4886 4842 4794 4744 4691,3606 2993 3083 2994 2905 2814 2725 2634 2544 2453 2364 2185 2274,4931 5145 5123 5144 5161 5122 5098 5097 5070 5039 5006 4843,3032 3295 3381 3468 3553 3637 3719 3801 3720 3638 3554 3469 3382 3296 3383 3470,1204 1689 1774 1861 1948 2037 1949 2038 2126 2216 2305 2396 2486 2577 2397 2306 2217 2127 2039 1951 1865 1866 1952 2040 2128 2218 2307 2398 2487 2578 2667 2758 2759 2848 2939 3028 3117 3205 3118 3206 3380 3294 3207
mink_rooted_annealing,GW191109_010717_549.txt,100,10,10,549,549,27,27,0.0644005,5.30823,true,-2 1207 1284 1363 1443 1525 1607 1692 1691 1606 1524 1442 1362 1283 1206 1130 1057 1056 1129 1205 1282 1361 1281 1204 1128 1055 983 914 846 781 780 716 655 715 654 714 778 843 911 980 1052 1125 1201 1278 1357 1437 1519,-2 594 653 593 537 592 536 591 650 711 775 840 908 977 1048 1121 1197 1122 1198 1275 1276 1199 1124 1200 1277 1356 1436 1601 1602 1687 1773 1688 1603 1520 1438 1358 1279 1202 1126 1053 981 912 845 913 982 1054 1127 1203 1280 1359 1439,-2 2486 2396 2305 2216 2126 2038 1950 1863 1949 1862 1948 1861 1774 1689 1604 1522 1440 1360 1051 979 1050 978 909 841 776 712 651 535 590 534 589 533 588 647 708 772 837 905 974 1046 1047 975 906 838 773,-2 1501 1419 1339 1260 1259 1183 1108 1036 1109 1037 966 898 831 767 832 768 705 645 587 646 706 770 835 903 902 834 901 968 1039 1111 1186 1187 1112 1040 969 1041 970 1042 971 1043 972 1044 973 904,-2 915 984 1441 1523 1605 1690 1775 1776 1777 1864 1951 2039 2127 2217 2128 2040 1952 1865 1778 1693 1608 1526 1444 1609 1694 1779 1866 1953 2041 2129 2219 2130 2220 2309 2400 2490 2580 2669 2579 2488 2398 2307 2397 2306,-2 652 713 777 842 910 779 844 1049 1120 976 907 839 774 710 649 709 648 836 771 707 769 833 900 899 967 1038 1110 1185 1262 1340 1418 1500 1582 1666 1751 1837 1750 1665 1581 1499 1417 1338 1184 1261,-2 2758 2667 2577 2487 2578 2668 2759 2848 2939 3028 3117 3205 3118 3029 3119 3030 2941 2940 2849 2760 2850 2851 2671 2761 2670 2581 2401 2310 2221 2131 2043 1954 1867 2042 2489 2399 2308 2218,-2 897 1498 1580 1579 1663 1834 2008 2096 2186 2275 2097 2009 1921 1835 1748 1664 1749 1836 1922 2010 1923 2011 2099 2188 2277 2098 2187 2276 2367 2366 2456 2547,-2 532 1123 1521 1131 2037 2672 2852 2942 3031 3121 3209 3296 3382 3469 3553 3468 3381 3295 3208 3120 3207 3206 3294 3380,-2 3297 3383 3555 3638 3802 4390 4578 4636 4967 5068 5037,-2 2185 2274 2365 2455 2546 2636 2635 2815 2905 2994 3083 3171,-2 3640 4112 4184 4255 4323 3801 3719 3637 3554 3639 3556,-2 3344 3258 3082 3084 3259 3431 3516 3601 4000 4076 4148,-2 4981 5016 4982 5178 5162 5144 5145 5146 5126 5104 5077,-2 3683 3517 3602 3684 5049 5078 5127 5103 5076 5048,-2 3470 3720 4036 4113 4185 4691 4842 4886 4927 4183,-2 5121 5097 5070 5069 5095 5140 5094 5005 5004 4635 4454,-2 2545 2544 2453 2723 2812 2992 3169 3600 3923 3765,-2 2903 2725 2814 2904 2993 3345 3515 3682 3764 3999 4075,-2 5006 4928 4690 4743 4793 4841 4885 4966 5003 5036,-2 2634 2724 2813 3170 3432 3257 3168 3343 3430 3843 3922,-2 5147 5102 5124 5123 5122 5143 5142 5120 5175 5176 5187,-2 2364 3081 5163 5141 5096 4887 4794 4744 4577 4256,-2 3960 3961 4037 4455 4518 4843 4929 4968 5038 5098,-2 5177 5161 5160 5159 5067 4324 4111 3881 3721 3384,-2 2726 2454 2633 2902 3844 3845 3924 5125 5039,-2 3471 3803 3882
mink_rooted_greedy,GW191126_115259_535.txt,100,10,10,535,535,32,32,0.0789573,0.0297783,true,4665 4549 4608 4664 4663 4607 4547 4548 4487 4423 4422 4357 4289 4358 4290 4221 4149 4076 4000 3923 3844 3764 3682 3600 3515 3430 3429 3514 3599 3681 3763 3843 3922 3999 4075 4148 3680 3598 3513 3428 3341 3342 3256 3255 3167 3079 2989 3078 3166,3602 3254 3340 3427 3253 3165 3077 2988 2899 2809 2808 2719 2628 2538 2447 2448 2358 2267 2178 2088 2000 1912 1739 1405 1487 1569 1653 1738 1825 1911 1999 2087 2177 2266 2357 2446 2537 2627 2718,2623 2807 2898 2987 3076 3164 2986 2897 2806 2717 2626 2716 2625 2536 2445 2356 2265 2355 2264 2175 2176 2086 2085 1997 1909 1998 1910 1824 1737 1652 1568 1486 1404 1325,1097 1246 1170 1324 1403 1485 1567 1651 1736 1823 1822 1735 1650 1566 1484 1402,1647 1565 1401 1323 1245 1169 1094 1022 815 882 950 1021,1818 1093 1168 1244 1243 1167 1092 1020 949 881 814 750,199 687 627 686 749 813 880 948 1019 1091 1166 1242,1908 1090 1018 947 879 812 748 685 626 568 513 459,369 512 567 625 624 684 747 811 878 877 810 746,868 683 623 565 566 511 458 408 359 407 457 510,501 509 564 622 682 745 744 681 621 563 508 456,159 406 358 357 405 455 507 562 620 619 561 506,553 454 404 356 355 403 453 505 560 618 617 559,1000 504 452 402 354 451 401 502 557 613 556 612,552 673 734 798 863 931 1000 1072 1145 1074 933 865,1299 800 737 736 615 675 738 676 616 558 503 614,549 674 735 799 864 932 1001 1073 1146 1222 1299 1378,1971 1458 1221 1298 1377 1457 1539 1622 1621 1706 1791 1878,2325 2053 2141 2230 2319 2589 2498 2409 2318 2229 2139 2051,1533 2140 2052 1964 1877 1790 1705 1620 1538 1456 1376 1297,1975 1220 1144 1071 999 930 862 797 733 672 671 796,126 861 929 998 1070 1143 1219 1296 1375 1455 1537 1619,1286 1704 1703 1789 1876 1963 1962 2050 2138 2228 2408 2317,3032 2227 2316 2406 2586 2675 2765 2766 2855 2946 2947 2856,3885 2767 2676 2587 2496 2407 2497 2588 2677 2768 2857 3036,3887 3125 3035 3124 3212 3300 3386 3299 3211 3034 2945 3033,4034 3123 3210 3298 3385 3472 3557 3641 3722 3640 3556 3471,3714 3384 3470 3555 3639 3721 3803 3882 4036 3960 3881 3802,3875 3720 3959 4035 4110 4182 4321 4451 4573 4686 4685 4738 4788 4836 4880 4922 4961 4998 5031 5062 5089 5030 4997 4960 4921,4918 4879 4835 4787 4737 4684 4683 4736 4786 4834 4878 4920 4959 4996 4877 4919 4958 4957 4995 5029 5061 5088 5060 5028 4994 4956 4955 4993 5027 5059 5087 5113 5112 5086 5058 5026 4992 4954 4953 4991 5025 5057 5085 5111 5110 5084,5200 5056 5024 4990 4952 4869 4912 4951 4989 5023 5055 5083 5054 5022 4988 4950 4911 4868 4773 4822 4867 4910 4949 4987 4909 4866 4821 4772 4721 4551 4610 4666 4720 4771 4820 4865 4948 4908 4864 4818 4718 4769 4819 4770 4719 4665 4609 4550 4489,4293 4425 4360 4292 4223 4151 4078 4002 3925 3683 3765 3845 3924 4001 4077 4150 4222 4291 4359 4424 4488
mink_rooted_ILP,GW191126_115259_535.txt,100,10,10,535,535,32,30,0.0789573,7202.4,true,1971 1458 1221 1298 1377 1457 1539 1622 1621 1706 1791 1878,1533 2140 2052 1964 1877 1790 1705 1620 1538 1456 1376 1297,159 406 358 357 405 455 507 562 620 619 561 506,3887 3125 3035 3124 3212 3300 3386 3299 3211 3034 2945 3033,4918 4879 4835 4787 4737 4684 4683 4736 4786 4834 4878 4920 4959 4996 4877 4919 4958 4957 4995 5029 5061 5088 5060 5028 4994 4956 4955 4993 5027 5059 5087 5113 5112 5086 5058 5026 4992 4954 4953 4991 5025 5057 5085 5111 5110 5084,4293 4425 4360 4292 4223 4151 4078 4002 3925 3683 3765 3845 3924 4001 4077 4150 4222 4291 4359 4424 4488,4034 3123 3210 3298 3385 3472 3557 3641 3722 3640 3556 3471,553 454 404 356 355 403 453 505 560 618 617 559,3714 3384 3470 3555 3639 3721 3803 3882 4036 3960 3881 3802,1286 1704 1703 1789 1876 1963 1962 2050 2138 2228 2408 2317,1975 1220 1144 1071 999 930 862 797 733 672 671 796,5200 5056 5024 4990 4952 4869 4912 4951 4989 5023 5055 5083 5054 5022 4988 4950 4911 4868 4773 4822 4867 4910 4949 4987 4909 4866 4821 4772 4721 4551 4610 4666 4720 4771 4820 4865 4948 4908 4864 4818 4718 4769 4819 4770 4719 4665 4609 4550 4489,2623 2807 2898 2987 3076 3164 2986 2897 2806 2717 2626 2716 2625 2536 2445 2356 2265 2355 2264 2175 2176 2086 2085 1997 1909 1998 1910 1824 1737 1652 1568 1486 1404 1325,501 509 564 622 682 745 744 681 621 563 508 456,3602 3254 3340 3427 3253 3165 3077 2988 2899 2809 2808 2719 2628 2538 2447 2448 2358 2267 2178 2088 2000 1912 1739 1405 1487 1569 1653 1738 1825 1911 1999 2087 2177 2266 2357 2446 2537 2627 2718,1647 1565 1401 1323 1245 1169 1094 1022 815 882 950 1021,126 861 929 998 1070 1143 1219 1296 1375 1455 1537 1619,2325 2053 2141 2230 2319 2589 2498 2409 2318 2229 2139 2051,3885 2767 2676 2587 2496 2407 2497 2588 2677 2768 2857 3036,552 673 734 798 863 931 1000 1072 1145 1074 933 865,4665 4549 4608 4664 4663 4607 4547 4548 4487 4423 4422 4357 4289 4358 4290 4221 4149 4076 4000 3923 3844 3764 3682 3600 3515 3430 3429 3514 3599 3681 3763 3843 3922 3999 4075 4148 3680 3598 3513 3428 3341 3342 3256 3255 3167 3079 2989 3078 3166,868 683 623 565 566 511 458 408 359 407 457 510,1818 1093 1168 1244 1243 1167 1092 1020 949 881 814 750,549 674 735 799 864 932 1001 1073 1146 1222 1299 1378,3032 2227 2316 2406 2586 2675 2765 2766 2855 2946 2947 2856,369 512 567 625 624 684 747 811 878 877 810 746,1097 1246 1170 1324 1403 1485 1567 1651 1736 1823 1822 1735 1650 1566 1484 1402,199 687 627 686 749 813 880 948 1019 1091 1166 1242,1299 800 737 736 615 675 738 676 616 558 503 614,1908 1090 1018 947 879 812 748 685 626 568 513 459,1000 504 452 402 354 451 401 502 557 613 556 612,3875 3720 3959 4035 4110 4182 4321 4451 4573 4686 4685 4738 4788 4836 4880 4922 4961 4998 5031 5062 5089 5030 4997 4960 4921
mink_rooted_annealing,GW191126_115259_535.txt,100,10,10,535,535,34,34,0.0661867,5.30962,true,-2 4818 4864 4819 4769 4718 4663 4607 4547 4422 4357 4289 4148 4075 3999 3922 3843 3763 3681 3599 3514 3429 3342 3430 3515 3600 3682 3764 3844 3923 4000 4076 4149 4221 4150 4077 4002 4078 4151 4223 4292 4360 4425 4489 4550,-2 4869 4912 4952 4990 5024 5056 5084 5110 5083 5055 5023 4989 4951 4911 4868 4773 4822 4867 4910 4950 4988 5022 5054 4987 4949 4909 4948 4908 4865 4820 4771 4720 4666 4610 4665 4609 4664 4608 4549 4488 4424 4359 4291 4222,-2 4957 5028 5087 5059 5027 4993 4955 4954 4992 5026 5058 5086 5112 5111 5085 5057 5025 4991 4953 4866 4821 4772 4721 4770 4719 4548 4487 4423 4358 4290 4001 3924 3845 3765 3683 3680 3598 3513 3428 3341 3254 3340 3427 3253 3165 3077,-2 3256 3255 3167 3079 2989 3078 3166 2988 2899 2809 2719 2628 2718 2808 2898 2987 2807 2717 2627 2538 2358 2267 2178 2088 2000 2087 2176 2265 2356 2266 2357 2447 2537 2626 2536 2625 2716 2806 2897 2986 3076 3164,-2 4684 4737 4683 4736 4786 4835 4879 4921 4960 4997 5030 4959 4920 4878 4834 4877 4919 4958 4996 5029 4995 4956 4994 5060 5113 5088 5061 5089 5062 5031 4998 4961 4922 4880 4836 4788 4738 4685,-2 1569 1653 1738 1825 1739 1912 2177 2448 2446 2445 2355 2264 2175 2085 1997 1909 1822 1735 1736 1823 1910 1998 2086 1999 1911 1824 1737 1652 1568 1567,-2 4787 4451 4573 4686 4551 3925 1651 1650 1566 1484 1485 1486 1487 1405 1170,-2 685 747 684 746 745 682 622 617 676 738 675,-2 879 947 1018 1090 1243 1167 749 878 811 624 566,-2 1299 1378 1458 1622 1876 1962 2050 2768 2857 2947 3123,-2 1070 1143 2141 2230 2319 2498 2589 3472 3640 3556 3471,-2 354 355 403 404 405 565 459 512 567 625 748,-2 1565 1166 815 513 511 510 457 562 681 621,-2 2053 2409 2318 2855 3034 3298 3033 2496 2138 1878,-2 408 744 800 1074 1222 1298 1377 1457 1621 1706 1791,-2 672 563 564 623 683 810 877 568 881 949 1091,-2 3960 3881 3721 3639 3555 3386 3300 3212 3125 2856 2676,-2 737 612 671 1219 1296 1455 1537 1619 1704 1789 2407,-2 1168 1323 1021 950 627 359 455 507 454 452,-2 796 861 862 931 1001 502 558 616 560 561 508,-2 1404 1325 1245 1324 1403 1402 1401 1244 1169 1022 1094,-2 3720 3470 3641 3385 3211 2766 2317 2228 797 733,-2 1246 882 1020 1092 1019 948 880 812 814 750 687,-2 557 614 736 735 799 864 932 1145 1221 1539 1964,-2 3124 2406 2316 2227 1375 2051 2139 2229 2587 2767,-2 4321 4182 4110 4035 4036 3722 3557 2765 2675 2408 2497,-2 3036 2677 1146 1000 999 929 933 865 673 556,-2 3802 3210 3299 3035 1072 930 1376 1456 1877 1963,-2 813 458 407 406 358 506 619 618 559 505 402,-2 863 734 674 615 401 453 356 626 686 509 456,-2 451 504 998 1538 1620 1705 1790 2052 2140 1703,-2 620 357 503 613 798 1073 1071 1144 1297 1220,-2 1093 1242 2588 2946 3959 3882 3803 3384 2945,-2 2586
mink_rooted_greedy,GW191127_050227_524.txt,100,10,10,524,524,29,29,0.0753938,0.0294276,true,5200 5188 5196 5197 5180 5189 5179 5164 5147 5126 5103 5076 5047 5014 4979 4940 4980 5015 5048 5077 5078 5104 5127 5148 5165 5149 5052 5019 4985 4947 4907 4863 4864 4908 4948 4986 5020 4987 5021 5053 5081 5108 5082 5054 5022 4988 4989 5023 5055,4665 5083 5109 5131 5132 5110 5084 5056 5024 4990 4954 2834 2654 2655 2565 2474 2384 2294 2205,2746 2385 2475 2386 2295 2206 2116 2028 1940 1597 1682 1767,1353 1854 1941 2029 2117 2296 2207 2118 2030 1942 1855 1768,1678 1683 1598 1516 1435 1517 1599 1684 1769 1856 2031 1943,2751 1857 1770 1685 1600 1518 1436 1356 1277 1201 1278 1357,1204 1437 1519 1601 1438 1358 1279 1202 1126 1127 1054 982,594 913 845 780 656 717 781 846 914 983 1055 1128,1286 1203 1280 1204 1281 1360 1361 1282 1205 1129 1056 984,851 915 847 782 718 657 719 783 848 916 985 1057,438 1130 1206 1283 1284 1207 1131 1058 986 917 849 784,343 720 659 660 721 785 850 918 987 1059 1132 1208,1533 1285 1133 1060 988 919 851 786 722 661 601 602,549 662 723 787 852 920 990 921 853 788 724 663,154 603 546 491 440 391 441 492 547 493 548 604,552 664 726 725 789 854 922 923 855 790 924 993,553 1065 992 1064 1137 1213 1214 1138 1215 1292 1222 1146,1000 1147 1223 1300 1299 1379 1459 1460 1542 1624 1709 1795,1971 1710 1625 1543 1380 1301 1224 1381 1461 1462 1544 1626,1299 1711 1796 1883 1969 2057 2235 2146 2236 2325 2416 2415,2325 2505 2596 2685 2776 2686 2597 2506 2417 2326 2147 2058,1975 1970 2059 1884 1797 1712 1627 1885 1971 2060 2148 2237,3811 2327 2418 2508 2507 2598 2688 2779 2869 2780 2690 2691 2870,2607 2871 2960 3049 3050 3139 3051 2961 2781 2872 2962 3052 3140 3228 3314 3401 3400 3227 3226 3138 3048 3137 3225 3313 3399 3486 3571 3572 3487 3402 3315 3229,3058 3141 3230 3316 3403 3488 3573 3655 3737 3736 3654 3570 3485 3398 3312 3224 3136 3047 2959 2868 2958 2867 2778 2687 2777,3887 2866 2957 3046 3135 3223 3311 3397 3484 3569 3653 3735 3817 3896 3974 3897 3818 3738 3656 3574 3489 3404 3490 3575 3657 3739 3819 3898 3975 4051 4050 4124 4196 4197 4125 4052 3976,4130 3899 3820 3740 3658 3741 3821 3900 3977 4053 4126 4198 4267 4335 4334 4266 4464 4465 4401 4336 4268 4199 4127 4054 3978 3901 3979 4055 4128 4200 4269 4337 4402 4466 4527 4588 4528 4467 4403 4338 4270 4201 4129 4271 4339 4404,4644 4468 4529 4589 4645 4700 4644 4751 4752 4701 4646 4590 4530 4469 4405 4531 4591 4647 4702 4753 4803 4849 4802 4848 4892 4893 4934 4894 4850 4804 4754 4703 4648 4704 4755 4805 4851 4895 4935 4974 4973 5010 4975 4936 4896 4852 4806 4853,4941 4897 4937 4976 5011 5044 5043 5072 5073 5100 5123 5144 5161 5143 5186 5193 5199 5198 5200 5201 5195 5194 5176 5187 5177 5162 5145 5124 5101 5074 5045 5012 4977 4938 4939 4978 5013 5046 5075 5102 5125 5146 5163 5178
mink_rooted_ILP,GW191127_050227_524.txt,100,10,10,524,524,29,27,0.0753938,7202.2,true,1971 1710 1625 1543 1380 1301 1224 1381 1461 1462 1544 1626,1533 1285 1133 1060 988 919 851 786 722 661 601 602,3887 2866 2957 3046 3135 3223 3311 3397 3484 3569 3653 3735 3817 3896 3974 3897 3818 3738 3656 3574 3489 3404 3490 3575 3657 3739 3819 3898 3975 4051 4050 4124 4196 4197 4125 4052 3976,343 720 659 660 721 785 850 918 987 1059 1132 1208,1678 1683 1598 1516 1435 1517 1599 1684 1769 1856 2031 1943,3058 3141 3230 3316 3403 3488 3573 3655 3737 3736 3654 3570 3485 3398 3312 3224 3136 3047 2959 2868 2958 2867 2778 2687 2777,553 1065 992 1064 1137 1213 1214 1138 1215 1292 1222 1146,1286 1203 1280 1204 1281 1360 1361 1282 1205 1129 1056 984,1975 1970 2059 1884 1797 1712 1627 1885 1971 2060 2148 2237,594 913 845 780 656 717 781 846 914 983 1055 1128,2607 2871 2960 3049 3050 3139 3051 2961 2781 2872 2962 3052 3140 3228 3314 3401 3400 3227 3226 3138 3048 3137 3225 3313 3399 3486 3571 3572 3487 3402 3315 3229,2746 2385 2475 2386 2295 2206 2116 2028 1940 1597 1682 1767,2751 1857 1770 1685 1600 1518 1436 1356 1277 1201 1278 1357,5200 5188 5196 5197 5180 5189 5179 5164 5147 5126 5103 5076 5047 5014 4979 4940 4980 5015 5048 5077 5078 5104 5127 5148 5165 5149 5052 5019 4985 4947 4907 4863 4864 4908 4948 4986 5020 4987 5021 5053 5081 5108 5082 5054 5022 4988 4989 5023 5055,4941 4897 4937 4976 5011 5044 5043 5072 5073 5100 5123 5144 5161 5143 5186 5193 5199 5198 5200 5201 5195 5194 5176 5187 5177 5162 5145 5124 5101 5074 5045 5012 4977 4938 4939 4978 5013 5046 5075 5102 5125 5146 5163 5178,3811 2327 2418 2508 2507 2598 2688 2779 2869 2780 2690 2691 2870,851 915 847 782 718 657 719 783 848 916 985 1057,154 603 546 491 440 391 441 492 547 493 548 604,1353 1854 1941 2029 2117 2296 2207 2118 2030 1942 1855 1768,2325 2505 2596 2685 2776 2686 2597 2506 2417 2326 2147 2058,552 664 726 725 789 854 922 923 855 790 924 993,4644 4468 4529 4589 4645 4700 4644 4751 4752 4701 4646 4590 4530 4469 4405 4531 4591 4647 4702 4753 4803 4849 4802 4848 4892 4893 4934 4894 4850 4804 4754 4703 4648 4704 4755 4805 4851 4895 4935 4974 4973 5010 4975 4936 4896 4852 4806 4853,4665 5083 5109 5131 5132 5110 5084 5056 5024 4990 4954 2834 2654 2655 2565 2474 2384 2294 2205,438 1130 1206 1283 1284 1207 1131 1058 986 917 849 784,549 662 723 787 852 920 990 921 853 788 724 663,1299 1711 1796 1883 1969 2057 2235 2146 2236 2325 2416 2415,1000 1147 1223 1300 1299 1379 1459 1460 1542 1624 1709 1795,4130 3899 3820 3740 3658 3741 3821 3900 3977 4053 4126 4198 4267 4335 4334 4266 4464 4465 4401 4336 4268 4199 4127 4054 3978 3901 3979 4055 4128 4200 4269 4337 4402 4466 4527 4588 4528 4467 4403 4338 4270 4201 4129 4271 4339 4404,1204 1437 1519 1601 1438 1358 1279 1202 1126 1127 1054 982
mink_rooted_annealing,GW191127_050227_524.txt,100,10,10,524,524,31,31,0.0648112,4.93451,true,-2 4054 4128 4201 4271 4339 4405 4469 4531 4591 4648 4703 4755 4806 4852 4896 4936 4975 5010 5044 5011 4976 5012 4977 4938 4939 4978 5013 5046 5075 5102 5125 5146 5163 5178 5188 5179 5165 5148 5127 5147 5126 5103 5076 5047 5014 4979 4940,-2 4990 5024 5056 5084 5110 5132 5131 5109 5083 5055 5023 4989 4988 5022 5054 5082 5108 5180 5189 5197 5200 5201 5199 5193 5186 5194 5195 5187 5177 5162 5145 5123 5100 5072 5043 5073 5101 5074 5045 4980 5015 5048 5077,-2 4954 4987 5021 5053 5081 5052 5020 4986 4948 4908 4864 4907 4947 4985 5019 5078 5104 4937 4897 4853 4805 4851 4895 4935 4974 4934 4893 4848 4802 4849 4894 4850 4804 4754 4702 4647 4590 4646 4701 4752 4700 4644 4588 4527 4466,-2 5198 5196 5176 5161 5144 5143 4973 4892 4751 4645 4589 4529 4468 4404 4338 4403 4467 4402 4337 4268 4336 4401 4335 4334 4266 4196 4124 4050 4051 4125 4197 4267 4198 4126 4053 3977 3900 3978 4055 3979 3901 3821,-2 3311 3484 3569 3653 3735 3817 3974 3896 3737 3736 3572 3655 3738 3656 3574 3489 3404 3490 3575 3658 3741 3740 3820 3739 3819 3818 3897 3975 3898 3899 3976 4052 4464 4465 4199 4127 4200 4269,-2 3223 3398 3485 3570 3654 3571 3401 3400 3486 3399 3313 3226 3227 3314 3487 3402 3315 3228 3140 3052 3141 3229 3230 3316 3403 3488 3573 3657 4129 4270 4530 4753 4803,-2 4863 5149 5164 5124 4704 4528 3397 3312 3224 3136 3046 2958 3047 2959 2960 3048 3137 3225 3138 3049 2871 2961 3050 3139 3051 2962,-2 2596 2686 2598 2508 2872 2781 2870 2869 2868 2867 2866 2957 3135,-2 2385 2206 2207 1685 1601 1519 1201 1202 1127 1204,-2 441 990 851 919 988 1060 1205 1054 848 659 601,-2 1299 1627 1885 2057 2235 2415 2416 2326 2417 2506 2780,-2 922 854 855 924 852 913 982 1282 1281 1280 1279,-2 2294 2205 2028 1854 1767 1682 1435 1437 1438 1128 1129,-2 2236 1625 1459 719 782 847 849 850 918 987,-2 660 1285 1130 1357 1770 2031 2296 2386 2295 2117,-2 493 548 604 664 853 921 1059 1206 1126 783 657,-2 1301 1544 1712 1797 1795 1969 1971 2418 2687 2778,-2 1064 1137 721 983 1278 1277 1516 1856 1942 2030,-2 2565 1943 1769 781 656 784 785 790 1065 1214,-2 546 602 661 1208 1207 1131 985 916 1358 1517 1598,-2 2475 2834 2654 2474 2116 1940 1941 1855 1768 1683 1684,-2 789 725 726 992 1132 1057 1056 984 780 845,-2 440 492 1222 1300 1380 1543 1461 1381 1223 1147,-2 391 662 723 787 786 1133 986 1283 1055 914 1518,-2 2029 2118 1436 1356 1138 1709 1710 2060 2148 2688,-2 2690 2597 2507 2237 2059 2058 1883 1711 1626 1146,-2 917 1203 1058 788 724 923 993 1624 1542 1460,-2 2655 1857 1600 846 915 920 547 1215 1292 1213,-2 1379 1884 1970 2146 2147 2779 2777 2776 2685 2325,-2 1462 2327 2505 1224 603 722 720 718 717 1361,-2 2384 1597 1599 1360 1284 491 663 1796 2691
mink_rooted_greedy,GW200210_092254_633.txt,100,10,10,633,633,38,38,0.177676,0.0590366,true,3861 3939 4015 4090 4089 4014 3938 3859 3780 3698 3616 3532 3447 3359 3446 3531 3615 3697 3779 3858 3937 4013 3936 3857 3778 3696 3614 3530 3445 3358 3272 3184 3096 3006 2917 2826 2736 2645 2555 2644 2735 2824 2914 2823 2734 2643 2554 2463 2464 2375,1671 2284 2374 2283 2194 2104 2016 1928 1841 1754 1753 1668 1583 1667 1752 1839 1925 2013 2101 2191 2280 2371 2460 2551 2550 2459 2370 2279 2190 2100 2012 1924 1838 1751 1666 1582 1581 1749 1750 1837 1923 2011 2099 2189 2278,2549 2369 2368 2458 2549 2639 2729 2730 2640 2731 2820 2819 2910 2911 3000 3089 3178 3090 3001 2912 2821 2732 2641 2552 2461 2372 2281 2192 2102 2014 1926 1840 1927 2015 2103 2193 2282 2373 2462 2553 2642 2733 2822 2913 3002 3091 3179,3268 3267 3353 3611 3526 3441 3354 3268 3180 3092 3003 3004 2915 2825 2916 3005 3095 3183 3271 3357 3444 3529 3777 3695 3613 3528 3443 3356 3270 3182 3094 3093 3181 3269 3355 3442 3527 3612 3694 3776 3856 3935 4012 4088 4161 4233 4162 4302 4370,4435 4434 4435 4371 4436 4500 4560 4561 4501 4562 4502 4563 4622 4623 4566 4567 4507 4508 4445 4446 4316 4317 4249 4178 4106 3640 3722 3641 3557 3472,3032 3385 3299 3212 3300 3386 3473 3558 3642 3643 3559 3474,3885 3387 3301 3213 3125 3036 3037 3126 3214 3302 3388 3475,3887 3389 3303 3215 3127 3038 3128 3216 3217 3129 3040 2951,2325 2861 2681 2772 2952 2862 2773 2682 2683 2594 2503 2414,1971 2323 2234 2144 2056 2057 2145 2235 2324 2504 2415 2325,1975 2236 2146 2058 1970 2147 2059 1971 1884 1797 1796 1711,1299 1712 1627 1626 1461 1543 1625 1710 1795 1883 1969 1882,1000 1968 1967 1881 1794 1709 1624 1542 1460 1380 1301 1224,868 1148 1002 1074 1147 1223 1300 1379 1459 1541 1623 1708,1533 1793 1880 1966 2055 2143 2233 2322 2413 2502 2593 2592,3811 2501 2412 2321 2232 2142 2054 1965 1879 1792 1707 1622,553 1540 1458 1378 1299 1222 1146 1073 1001 932 864 799,501 735 674 614 503 451 401 502 557 613 673 734,552 798 863 931 1000 1072 1145 1221 1298 1377 1457 1539,549 1621 1706 1791 1878 1964 2053 2141 2231 2320 2411 2500,4034 2591 2680 2771 2860 3039 2950 2859 2770 2679 2590 2499,1286 2410 2319 2230 2140 2052 1877 1790 1705 1620 1538 1456,851 1376 1297 1220 1144 1071 999 930 862 797 733 672,159 612 556 501 450 400 354 402 452 403 355 311,199 269 194 231 270 312 356 313 271 232 195 162,126 131 104 80 105 132 163 196 233 164 133 106,154 81 60 41 27 42 61 82 107 134 108 83,90 62 43 28 44 63 84 45 29 16 8 15,343 26 58 59 103 130 159 228 267 307 351 397,438 447 498 553 669 928 860 795 731 670 610 554,339 499 448 398 352 308 268 193 160 161 229 230,214 310 309 353 399 449 500 555 611 671 732 796,1204 861 929 998 1070 1143 1219 1296 1455 1619 1704 1963,3714 2051 2139 2229 2318 2409 2589 2498 2408 2228 2317 2407,4578 2497 2588 2678 2769 2858 2949 2948 2857 2768 2677 2587,3875 2676 2767 2856 2947 2946 3035 3124 3211 3796 4105 4380 4444 4379 4312 4243 4311 4378 4443,4506 4506 4442 4505 4565 4564 4504 4441 4377 4310 4242 4171 4098 4022 4170 4241 4309 4376 4440 4503 4439 4375 4308 4240 4169 4168 4239 4307 4374 4438 4437 4373 4306 4238 4167 4095 4019 4094 4166 4237 4305 4372 4304 4236 4165 4093 4018 3942 3784 3862,4235 3941 4017 4092 4164 4235 4303 4234 4163 4091 4016 3940 3861 3782 3700 3618 3533 3617 3699 3781 3860
mink_rooted_ILP,GW200210_092254_633.txt,100,10,10,633,633,38,35,0.177676,7205.81,true,1971 2323 2234 2144 2056 2057 2145 2235 2324 2504 2415 2325,3268 3267 3353 3611 3526 3441 3354 3268 3180 3092 3003 3004 2915 2825 2916 3005 3095 3183 3271 3357 3444 3529 3777 3695 3613 3528 3443 3356 3270 3182 3094 3093 3181 3269 3355 3442 3527 3612 3694 3776 3856 3935 4012 4088 4161 4233 4162 4302 4370,1533 1793 1880 1966 2055 2143 2233 2322 2413 2502 2593 2592,159 612 556 501 450 400 354 402 452 403 355 311,3887 3389 3303 3215 3127 3038 3128 3216 3217 3129 3040 2951,2549 2369 2368 2458 2549 2639 2729 2730 2640 2731 2820 2819 2910 2911 3000 3089 3178 3090 3001 2912 2821 2732 2641 2552 2461 2372 2281 2192 2102 2014 1926 1840 1927 2015 2103 2193 2282 2373 2462 2553 2642 2733 2822 2913 3002 3091 3179,4435 4434 4435 4371 4436 4500 4560 4561 4501 4562 4502 4563 4622 4623 4566 4567 4507 4508 4445 4446 4316 4317 4249 4178 4106 3640 3722 3641 3557 3472,343 26 58 59 103 130 159 228 267 307 351 397,4034 2591 2680 2771 2860 3039 2950 2859 2770 2679 2590 2499,553 1540 1458 1378 1299 1222 1146 1073 1001 932 864 799,3861 3939 4015 4090 4089 4014 3938 3859 3780 3698 3616 3532 3447 3359 3446 3531 3615 3697 3779 3858 3937 4013 3936 3857 3778 3696 3614 3530 3445 3358 3272 3184 3096 3006 2917 2826 2736 2645 2555 2644 2735 2824 2914 2823 2734 2643 2554 2463 2464 2375,3714 2051 2139 2229 2318 2409 2589 2498 2408 2228 2317 2407,1286 2410 2319 2230 2140 2052 1877 1790 1705 1620 1538 1456,1975 2236 2146 2058 1970 2147 2059 1971 1884 1797 1796 1711,1671 2284 2374 2283 2194 2104 2016 1928 1841 1754 1753 1668 1583 1667 1752 1839 1925 2013 2101 2191 2280 2371 2460 2551 2550 2459 2370 2279 2190 2100 2012 1924 1838 1751 1666 1582 1581 1749 1750 1837 1923 2011 2099 2189 2278,90 62 43 28 44 63 84 45 29 16 8 15,4235 3941 4017 4092 4164 4235 4303 4234 4163 4091 4016 3940 3861 3782 3700 3618 3533 3617 3699 3781 3860,4578 2497 2588 2678 2769 2858 2949 2948 2857 2768 2677 2587,4506 4506 4442 4505 4565 4564 4504 4441 4377 4310 4242 4171 4098 4022 4170 4241 4309 4376 4440 4503 4439 4375 4308 4240 4169 4168 4239 4307 4374 4438 4437 4373 4306 4238 4167 4095 4019 4094 4166 4237 4305 4372 4304 4236 4165 4093 4018 3942 3784 3862,501 735 674 614 503 451 401 502 557 613 673 734,3811 2501 2412 2321 2232 2142 2054 1965 1879 1792 1707 1622,851 1376 1297 1220 1144 1071 999 930 862 797 733 672,154 81 60 41 27 42 61 82 107 134 108 83,339 499 448 398 352 308 268 193 160 161 229 230,126 131 104 80 105 132 163 196 233 164 133 106,2325 2861 2681 2772 2952 2862 2773 2682 2683 2594 2503 2414,3885 3387 3301 3213 3125 3036 3037 3126 3214 3302 3388 3475,552 798 863 931 1000 1072 1145 1221 1298 1377 1457 1539,868 1148 1002 1074 1147 1223 1300 1379 1459 1541 1623 1708,438 447 498 553 669 928 860 795 731 670 610 554,549 1621 1706 1791 1878 1964 2053 2141 2231 2320 2411 2500,3032 3385 3299 3212 3300 3386 3473 3558 3642 3643 3559 3474,214 310 309 353 399 449 500 555 611 671 732 796,199 269 194 231 270 312 356 313 271 232 195 162,1299 1712 1627 1626 1461 1543 1625 1710 1795 1883 1969 1882,1000 1968 1967 1881 1794 1709 1624 1542 1460 1380 1301 1224,1204 861 929 998 1070 1143 1219 1296 1455 1619 1704 1963,3875 2676 2767 2856 2947 2946 3035 3124 3211 3796 4105 4380 4444 4379 4312 4243 4311 4378 4443
mink_rooted_annealing,GW200210_092254_633.txt,100,10,10,633,633,41,41,0.166075,13.2162,true,-2 4622 4563 4502 4438 4374 4307 4239 4167 4095 4019 4094 4018 3941 3862 3782 3700 3618 3533 3617 3699 3781 3860 3939 4015 4090 4014 4089 4161 4088 4012 3936 3857 3777 3695 3613 3528 3612 3527 3442 3355 3268 3354 3441,-2 1754 1841 1928 2016 2104 2193 2282 2372 2461 2551 2641 2731 2821 2911 3000 3090 3178 3267 3179 3091 3002 3092 3180 3093 3181 3269 3356 3270 3182 3094 3005 2916 2826 2917 3006 3096 3184 3272 3358 3445 3530 3615 3697 3779 3859 3938,-2 4565 4505 4566 4506 4443 4379 4312 4442 4378 4311 4243 4171 4242 4310 4377 4441 4504 4564 4503 4440 4376 4308 4375 4439 4562 4501 4561 4500 4436 4372 4304 4371 4303 4235 4163 4234 4302 4233 4162 4013 3937 3858 3778 3696 3614 3529 3444 3357 3271,-2 3780 3698 3616 3531 3446 3359 3183 3095 3004 2915 2824 2914 3003 2823 2913 2822 2912 3001 2820 2730 2639 2550 2459 2369 2278 2189 2099 2011 1924 2012 2100 2190 2279 2370 2280 2191 2102 2014 1926 1840 1753 1668 1583 1667 1752 1839,-2 1582 1666 1751 1838 1925 2013 2101 2015 2194 2283 2374 2284 2375 2464 2555 2645 2735 2825 3694 3776 3856 3935 4091 4016 4092 4164 4236 4165 4093 4166 4237 4305 4437 4373 4306 4238 4168 4240 4169 4241 4309,-2 2103 2192 2281 2371 2460 2552 2462 2553 2642 2732 2640 2819 2910 3089 3353 3526 3611 3443 3447 3532 3861 3940 4017 3942 4022 4098 4170 4567 4507 4444 4380 4445 4508 4446 4316 4317 4249 4178 4106,-2 4370 4434 4435 4560 4623 4105 3722 3640 3796 3784 2736 2644 2734 2733 2643 2554 2463 2373 1927 1581 1750 1837 1749 1923 2368 2458 2549 2729,-2 60 162 231 557 1148 1461 1624 2144 2234 2059,-2 131 107 160 194 309 308 352 502 1001 670,-2 1790 1705 1455 2587 2767 3126 3214 3302 3389 3303 3215,-2 1299 448 451 403 269 195 233 104 81 61 15,-2 1704 1619 1963 2051 2322 2501 2591 2497 3124 3299 3385,-2 3642 3558 3559 3216 3129 3040 2862 2594 1884 1711,-2 2146 2057 1968 2056 2233 2412 2502 2682 2773 2683 2593,-2 132 356 355 450 501 556 734 929 1541 1709 1794,-2 553 449 399 402 452 614 796 1456 2055 2232 2321,-2 3641 3557 3643 3474 3387 3300 3213 3125 3035 2946 2856,-2 164 80 59 503 613 673 612 611 555 351 307,-2 63 106 270 310 499 554 1222 1146 1073 1000,-2 159 268 400 671 861 928 998 1144 1220 1297 1971,-2 2500 2411 2680 2770 2950 3039 2949 2947 2948 3037,-2 2503 2147 2058 1883 1379 1301 999 931 862 733,-2 29 28 42 58 103 447 498 1797 1796 1708,-2 26 16 229 500 674 863 1881 2143 2324 1970,-2 2318 2317 2408 2588 2768 2859 2951 2771 2504 1793,-2 3472 3386 3212 3127 2858 2952 2861 2590 2140 1071,-2 3473 3211 3388 2772 2414 1967 1623 1378 1221 1296,-2 1538 1376 1298 1145 932 864 798 672 732 795,-2 84 313 401 797 930 1072 1377 1712 1627 1074,-2 1147 1223 1882 1969 2236 2235 3036 2857 2677 2498 2229,-2 1877 1964 2052 2319 2409 2679 2769 3038 2676 2407,-2 1626 1543 1459 1458 1224 311 271 105 130 193,-2 232 1710 1795 1457 1620 2142 2145 2323 2592 2681,-2 8 41 860 1143 1540 1625 1380 1300 1002 799,-2 1542 1791 1219 397 161 133 82 83 108 134,-2 1880 1966 1879 1706 731 610 398 43 44 45,-2 2499 2589 3128 2860 2320 1878 1621 1539 1707 2231,-2 196 312 353 735 1070 1792 1965 2141 2139,-2 230 228 1460 2415 2053 2230 2410 2678 3217,-2 3301 3475 2325 2054 1622 669 27 163 267,-2 2228 2413 354 62
mink_rooted_greedy,GW200216_220804_735.txt,100,10,10,735,735,21,21,0.173195,0.0831062,true,4578 4578 4518 4455 4391 4324 4256 4185 4113 4038 4184 4255 4323 4390 4454 4517 4577 4635 4690 4743 4793 4841 4885 4927 4966 5003 5036 5067 5094 5118 5138 5117 5091 5116 5137 5156 5090 5115 5136 5155 5135 5059 5060 5028 4994 4995 4957 4918 4875 4876,4918 4831 4782 4732 4731 4678 4623 4564 4504 4441 4377 4310 4242 4171 4099 4024 3948 3869 3790 3708 3626 3542 3457 3370 3283 3195 3107 3369 3456 3541 3625 3707 3789 3868 3947 4023 4098 4170 4241 4309 4376 4440 4503 4563 4622,4503 4562 4502 4439 4375 4308 4240 4169 4097 4022 3946 3867 3788 3706 3624 3540 3455 3368 3282 3194 3106 3193 3281 3367 3454 3539 3623 3705 3787 3866 3945 4021 4096 4168 4239 4307 4374 4438 4501 4500 4437 4373,4440 4306 4238 4167 4095 4020 3944 3865 3786 3704 3622 3538 3453 3366 3280 3192 3191 3279 3365 3452 3537 3621 3703 3785 3864 3943 4019 4094 4166 4237 4305 4372 4436 4304 4165,3861 4093 4018 3942 3863 3784 3702 3620 3536 3451 3364 3278 3190 3189 3277 3363 3450 3535 3619 3701 3783,4235 3862 3941 4017 4092 3940 3782 3700 3618 3534 3449 3362 3276 3188 3100 3011,3011 3101 3012 2923 2832 2743 2653 2564 2744 2833 2924 3013,2746 3102 3103 3014 2925 2834 2745 2654 2655 2566 2746 2835 2926,2472 3015 3104 3105 3016 2927 2836 2747 2656 2567 2476 2386 2296 2207 2118,2751 2208 2297 2388 2387 2477 2478 2298 2209 2119 2031 2032,1353 2120 2210 2299 2390 2389 2479 2570 2659 2749 2658 2569 2568 2657 2748 2837 2928 3017,3710 2838 2839 2929 3018 3108 3196 3284 3371 3458 3543 3627 3709 3791 3870 3949 4025 4100 4172 4243 4311 4378 4442 4505 4565 4624 4679 4733 4783 4832 4784 4734 4680 4625 4566 4506 4443 4379 4312 4244 4173 4101 4026 3950 3871,4104 3792 3710 3628 3544 3545 3629 3711 3793 3872 3951 4027 4102 4174 4245 4313 4380 4444 4507 4567 4681 4626 4568 4508 4445 4381 4314 4246 4175 4103 4028 3952 3873 3794 3712 3630 3713 3795 3874 3953 4029 4104 4176 4247 4315 4382 4446 4509 4569,4506 4627 4682 4735 4785 4833 4877 4919 4958 5029 4996 4959 4920 4878 4834 4786 4736 4683 4628 4570 4510 4447 4383 4316 4248 4177 4105 4030 3954 3875 3796 3714 3632 3633 3715 3797 3876 3955 4031 4106 4178 4249 4317 4384 4448 4511 4571 4629 4684 4737,4565 4787 4835 4879 4921 4960 4997 5030 5061 5088 5114 5089 5062 5031 4998 4961 4922 4880 4836 4788 4738 4685 4630 4572 4512 4449 4385 4318 4250 4179 4107 4032 3956 3877 3798 3716 3957 4033 4108 4180 4251 4319 4386 4450 4513 4573 4631 4686 4739 4789,4793 4837 4881 4923 4962 4999 5032 5063 5064 5033 5000 4963 4924 4882 4838 4790 4740 4687 4632 4574 4514 4451 4387 4320 4110 4182 4253 4321 4388 4452 4515 4575 4633 4688 4741 4791 4839 4883 4925 4964 5001 5034 5065 5092 5093 5066 5035 5002 4965 4926 4884,4931 4840 4792 4742 4689 4634 4576 4516 4453 4389 4322 4254 4183 4111 4112 4037 3961 3883 3804 3722 3640 3472 3385 3299 3212 3300 3387 3213 3301 3302 3214 3126 3036 2947 2767 2677 2588 2497 2408 2317 2318 2229 2230 2319 2409 2498 2589,2325 2499 2410 2320 2411 2500 2590 2679 2770 2859 2950 3039 2951 2860 2771 2680 2591 2681 2861 2862 2952 3041 3131 3219 3393 3648 3564 3479 3392 3306 3218 3130 3040 3129 3217 3305 3391 3478 3563 3647 3729 3811 3890 3812 3969 4119,3811 4044 3968 3889 3810 3728 3646 3562 3477 3390 3304 3216 3128 3038 2949 2858 2769 2678 2768 2857 2948 3037 3127 3215 3303 3389 3476 3561 3645 3727 3809 3888 3967 4043 4118 4190 4261 4329 4396 4460 4582 4522 4459 4395 4328 4260 4189 4117 4042,3887 3966 3887 3808 3726 3644 3560 3475 3388 3474 3559 3643 3725 3807 3886 3965 4041 4116 4188 4259 4327 4394 4458 4521 4581 4639 4694 4747 4888 4844 4796 4746 4693 4638 4580 4520 4457 4393 4326 4258 4187 4115 4040 3964 3885 3806 3724 3642 3558 3473 3386,3885 3557 3641 3723 3805 3884 3962 3963 4039 4114 4186 4257 4325 4392 4456 4519 4579 4637 4692 4745 4795 4843 4887 4929 4968 5005 5038 5095 5068 5037 5004 4967 4928 4886 4842 4794 4744 4691 4636
mink_rooted_ILP,GW200216_220804_735.txt,100,10,10,735,735,21,20,0.173195,7207.71,true,3887 3966 3887 3808 3726 3644 3560 3475 3388 3474 3559 3643 3725 3807 3886 3965 4041 4116 4188 4259 4327 4394 4458 4521 4581 4639 4694 4747 4888 4844 4796 4746 4693 4638 4580 4520 4457 4393 4326 4258 4187 4115 4040 3964 3885 3806 3724 3642 3558 3473 3386,4793 4837 4881 4923 4962 4999 5032 5063 5064 5033 5000 4963 4924 4882 4838 4790 4740 4687 4632 4574 4514 4451 4387 4320 4110 4182 4253 4321 4388 4452 4515 4575 4633 4688 4741 4791 4839 4883 4925 4964 5001 5034 5065 5092 5093 5066 5035 5002 4965 4926 4884,3011 3101 3012 2923 2832 2743 2653 2564 2744 2833 2924 3013,4918 4831 4782 4732 4731 4678 4623 4564 4504 4441 4377 4310 4242 4171 4099 4024 3948 3869 3790 3708 3626 3542 3457 3370 3283 3195 3107 3369 3456 3541 3625 3707 3789 3868 3947 4023 4098 4170 4241 4309 4376 4440 4503 4563 4622,2472 3015 3104 3105 3016 2927 2836 2747 2656 2567 2476 2386 2296 2207 2118,3861 4093 4018 3942 3863 3784 3702 3620 3536 3451 3364 3278 3190 3189 3277 3363 3450 3535 3619 3701 3783,2746 3102 3103 3014 2925 2834 2745 2654 2655 2566 2746 2835 2926,2751 2208 2297 2388 2387 2477 2478 2298 2209 2119 2031 2032,4235 3862 3941 4017 4092 3940 3782 3700 3618 3534 3449 3362 3276 3188 3100 3011,4440 4306 4238 4167 4095 4020 3944 3865 3786 3704 3622 3538 3453 3366 3280 3192 3191 3279 3365 3452 3537 3621 3703 3785 3864 3943 4019 4094 4166 4237 4305 4372 4436 4304 4165,4578 4578 4518 4455 4391 4324 4256 4185 4113 4038 4184 4255 4323 4390 4454 4517 4577 4635 4690 4743 4793 4841 4885 4927 4966 5003 5036 5067 5094 5118 5138 5117 5091 5116 5137 5156 5090 5115 5136 5155 5135 5059 5060 5028 4994 4995 4957 4918 4875 4876,4506 4627 4682 4735 4785 4833 4877 4919 4958 5029 4996 4959 4920 4878 4834 4786 4736 4683 4628 4570 4510 4447 4383 4316 4248 4177 4105 4030 3954 3875 3796 3714 3632 3633 3715 3797 3876 3955 4031 4106 4178 4249 4317 4384 4448 4511 4571 4629 4684 4737,3811 4044 3968 3889 3810 3728 3646 3562 3477 3390 3304 3216 3128 3038 2949 2858 2769 2678 2768 2857 2948 3037 3127 3215 3303 3389 3476 3561 3645 3727 3809 3888 3967 4043 4118 4190 4261 4329 4396 4460 4582 4522 4459 4395 4328 4260 4189 4117 4042,1353 2120 2210 2299 2390 2389 2479 2570 2659 2749 2658 2569 2568 2657 2748 2837 2928 3017,2325 2499 2410 2320 2411 2500 2590 2679 2770 2859 2950 3039 2951 2860 2771 2680 2591 2681 2861 2862 2952 3041 3131 3219 3393 3648 3564 3479 3392 3306 3218 3130 3040 3129 3217 3305 3391 3478 3563 3647 3729 3811 3890 3812 3969 4119,3885 3557 3641 3723 3805 3884 3962 3963 4039 4114 4186 4257 4325 4392 4456 4519 4579 4637 4692 4745 4795 4843 4887 4929 4968 5005 5038 5095 5068 5037 5004 4967 4928 4886 4842 4794 4744 4691 4636,4931 4840 4792 4742 4689 4634 4576 4516 4453 4389 4322 4254 4183 4111 4112 4037 3961 3883 3804 3722 3640 3472 3385 3299 3212 3300 3387 3213 3301 3302 3214 3126 3036 2947 2767 2677 2588 2497 2408 2317 2318 2229 2230 2319 2409 2498 2589,4565 4787 4835 4879 4921 4960 4997 5030 5061 5088 5114 5089 5062 5031 4998 4961 4922 4880 4836 4788 4738 4685 4630 4572 4512 4449 4385 4318 4250 4179 4107 4032 3956 3877 3798 3716 3957 4033 4108 4180 4251 4319 4386 4450 4513 4573 4631 4686 4739 4789,3710 2838 2839 2929 3018 3108 3196 3284 3371 3458 3543 3627 3709 3791 3870 3949 4025 4100 4172 4243 4311 4378 4442 4505 4565 4624 4679 4733 4783 4832 4784 4734 4680 4625 4566 4506 4443 4379 4312 4244 4173 4101 4026 3950 3871,4104 3792 3710 3628 3544 3545 3629 3711 3793 3872 3951 4027 4102 4174 4245 4313 4380 4444 4507 4567 4681 4626 4568 4508 4445 4381 4314 4246 4175 4103 4028 3952 3873 3794 3712 3630 3713 3795 3874 3953 4029 4104 4176 4247 4315 4382 4446 4509 4569,4503 4562 4502 4439 4375 4308 4240 4169 4097 4022 3946 3867 3788 3706 3624 3540 3455 3368 3282 3194 3106 3193 3281 3367 3454 3539 3623 3705 3787 3866 3945 4021 4096 4168 4239 4307 4374 4438 4501 4500 4437 4373
mink_rooted_annealing,GW200216_220804_735.txt,100,10,10,735,735,23,23,0.184683,16.3914,true,-2 3812 3890 3968 4044 4118 4189 4260 4328 4395 4458 4520 4579 4637 4691 4744 4793 4841 4885 4927 4965 5002 5035 5066 5093 5065 5034 5001 4964 4963 5000 4962 4923 4881 4836 4787 4737 4684 4629 4571 4511 4448 4384 4317 4249 4178 4106 4031,-2 3632 3714 3796 3875 3954 4030 3955 3876 3797 3798 3877 3956 4032 4107 4179 4250 4318 4385 4319 4386 4450 4513 4514 4451 4387 4320 4321 4253 4182 4110 4111 4183 4254 4322 4389 4453 4516 4576 4577 4635 4690 4743 4794 4842 4886 4928,-2 4565 4624 4680 4734 4681 4735 4682 4627 4569 4509 4446 4382 4315 4247 4176 4104 4029 4105 4177 4248 4316 4383 4447 4510 4570 4628 4683 4736 4786 4835 4880 4922 4961 4999 5032 5063 5091 5064 5033 4925 4883 4839 4791 4741 4688 4633 4575 4515 4452 4388,-2 4875 4918 4957 4995 5029 5061 5089 5115 5137 5116 5138 5117 5118 5094 5067 5036 5003 4967 5004 5037 5068 5038 5005 4968 4929 4887 4843 4796 4746 4795 4745 4692 4636 4578 4518 4455 4517 4454 4390 4323 4255 4184 4112 4037 3961 3883 3804,-2 2230 2319 2410 2499 2679 2769 2858 2768 2857 2947 3036 3213 3301 3387 3474 3558 3473 3557 3641 3723 3805 3884 3962 4038 4113 4185 4256 4324 4391 4574 4632 4687 4740 4790 4838 4882 4837 4789 4739 4686 4631 4630 4572 4512 4449,-2 2497 2588 2678 2859 2950 3039 3128 3216 3304 3391 3478 3563 3647 3728 3810 3889 3967 4042 3966 4041 3965 3886 3964 4040 4115 4187 4258 4326 4393 4457 4519 4456 4392 4325 4257 4186 4114 4039 3963 4251 4180 4108 4033 3957,-2 4308 4376 4440 4504 4441 4377 4310 4242 4171 4311 4243 4172 4100 4025 3949 4026 3950 3871 3792 3711 3793 3872 3951 4027 4102 4174 4245 4313 4380 4444 4507 4567 4626 4568 4508 4445 4381 4314 4246 4175 4103 4028 3952 3873 3794 3874 3795,-2 3625 3707 3789 3869 3948 4024 4099 4378 4442 4443 4506 4566 4625 4733 4783 4831 4876 4919 4958 4996 5030 5062 5031 4998 4926 4884 4840 4792 4742 4689 4634 4693 4747 4694 4639 4581 4582 4522 4459 4396 4460,-2 4329 4261 4190 4119 3969 3811 3729 3648 3564 3393 3306 3218 3131 3041 2952 2861 2951 3040 3129 3217 3305 3392 3479 3646 3562 3477 3561 3645 3727 3808 3726 3644 3560 3475 3559 3643 3725 3806 3724 3642 3722 3640,-2 2320 2411 2500 2590 2680 2770 2949 3037 3126 3214 3300 3386 3299 3385 3472 4573 4685 4738 4788 4879 4921 4960 4997 4959 4920 4878 4834 4785 4833 4877 4832 4784 4679 4732 4678 4623 4564 4622 4563 4502 4439 4375,-2 2591 2681 2771 2860 3038 3127 3215 3303 3389 3476 3390 3809 3888 4043 4117 4116 4188 4259 4327 4394 4521 4580 4638 4844 4888 5095 5156 5136 5155 5135 5114 5088 5060 5028 4994 4501 4438 4374 4307 4239 4168 4096,-2 3716 3715 3633 3713 3712 3630 3545 3629 3710 3628 3543 3627 3709 3791 3870 4101 4173 4244 4312 4379 4309 4241 4170 4098 4023 3947 3868 3706 3788 3867 3946 4022 4097 4169 4240 4021 3945 3866 3944 4020 4095,-2 4304 4372 4436 4500 4437 4373 4306 4305 4237 4166 4094 4019 3943 3864 3785 3865 3786 3704 3787 3705 3623 3624 3540 3455 3368 3282 3369 3456 3541 3790 3708 3626 3542 3457 3370 3284 3371 3458 3544,-2 3219 3130 2862 2409 2229 2318 2317 2408 2498 2589 2677 2767 2948 3302 3388 3807 3885 4924 5090 5059 4782 4731 4503 4562 4238 4167 3622 3538 3453 3539 3454 3367 3281,-2 2839 2929 3018 3108 3196 3283 3195 3107 3017 2928 3106 3194 3193 3105 3537 3621 3703 3620 3702 3784 3942 4018 4093 4165 4092 4017 3941 3783 3862,-2 3212 3887 4966 5092 4505 3863 3940 3782 3701 3536 3452 3365 3279 3366 3280 3192 3016 2927 2837 2838 2749 2659 2570,-2 3700 3619 3535 3451 3364 3278 3191 3014 3104 3015 2926 2748 2658 2569 2479 2390 3953,-2 2745 2833 2923 3012 2746 2747 2656 2386 2209 2032,-2 3011 2743 2655 2478 2836 3103 3102 3190 3189 3101 3188,-2 2297 2476 2657 2835 2925 3013 3363 3450 3449 3534 3618,-2 2924 2744 2564 2296 2207 2118 2119 2120 2298 2388 2389,-2 3362 3276 2832 2653 2834 2566 2567 2387 2208 2568 2477,-2 3100 3277 2654 2299 2210 2031
mink_rooted_greedy,GW200220_124850_785.txt,100,10,10,785,785,47,47,0.185617,0.104753,true,4506 4567 4625 4566 4506 4443 4379 4312 4244 4173 4100 4172 4243 4311 4378 4442 4505 4565 4624 4679 4733 4504 4441 4376 4309 4377 4310 4242 4171 4099 4024 3948 3625 3707 3789 3868 3947 4023 4098 4170 4241 4240 4169 4097 4022 3946 3867 3788 3706 3624,3710 3540 3455 3368 3281 3193 3105 3015 2926 2836 2835 2655 2654 2745 2834 2925 3014 3104 3192 3280 3367 3454 3539 3623 3705 3787 3866 3945 4021 4096 3944 3865 3786 3704 3622 3538 3453 3366 3452 3537 3621 3703 3785 3536 3451 3364 3277 3189,3011 3101 3012 3102 3190 3278 3365 3279 3191 3103 3013 2924 2833 2744 2653 2564 2565 2474 2385 2294 2384 2473 2293 2204 2115 2114 2026 1938 1851 1764 1763 1678 1594 1593 1511 1429,1678 1349 1193 1117 1044 972 903 835 770 706 769 834,972 902 971 1043 1116 1192 1269 1348 1427 1428 1510 1592 1677 1762 1849,1848 1935 2023 2111 2201 2290 2381 2470 2561 2562 2471 2382 2291 2202 2112 2024 1936 1850 1937 2025 2113 2203 2292 2383 2472 2563 2652 2743 2832 2923 3011 2922 2831 2742 2651 2741 2650 2380 2289 2200 2110,2472 2022 1934 1848 1761 1676 1591 1675 1760 1847 1933 1759 1674 1590 1508 1426 1346,1505 1267 1190 1114 1041 1113 1189 1266 1345 1425 1507 1589,1671 1588 1506 1424 1344 1265 1188 1264 1187 1112 1040 969,832 901 833 900 968 1039 1111 1038 967 899 832 768,700 705 645 646 586 530 476 425 376 475 529 585,700 644 704 767 831 898 966 897 830 766 703 643,1259 584 583 642 702 765 829 764 701 641 582 527,90 473 422 472 526 581 640 700 763 699 639 580,369 525 471 421 372 328 373 374 423 474 528 424,214 375 330 329 286 246 285 327 284 245 207 244,694 283 326 371 420 470 524 579 638 637 578 523,822 469 419 370 325 369 418 468 522 577 636 635,1097 634 576 521 417 467 520 575 633 632 574 519,1249 466 416 368 324 282 243 206 205 242 281 323,199 367 415 465 518 573 631 691 753 690 630 572,1032 517 464 414 366 322 280 241 240 279 321 365,1647 413 463 516 571 629 689 752 816 882 815 751,1818 688 628 570 515 462 412 364 461 514 513 568,1908 626 569 627 687 750 814 881 949 1020 1166 1091,1996 1019 948 880 813 749 686 685 748 812 879 947,2253 1018 1090 1165 1241 1240 1319 1398 1479 1397 1318 1239,2176 1164 1089 1017 946 878 811 877 945 1016 1088 1163,868 1238 1317 1396 1478 1560 1644 1728 1643 1559 1477 1395,2607 1316 1237 1162 1087 1161 1315 1394 1476 1558 1642 1727,3058 1814 1900 1988 2253 2164 2074 2075 1987 1899 1813 1726,3582 1641 1557 1475 1556 1640 1725 1812 1986 1898 1811 1724,1975 1897 1985 2073 2163 2252 2343 2432 2522 2431 2342 2251,4063 2162 2072 1984 2071 2161 2250 2341 2521 2611 2612 2702,4130 2791 2881 2970 2790 2701 2610 2520 2430 2340 2249 2429,1971 2339 2428 2519 2518 2608 2698 2787 2878 2967 2877 3056,4644 3144 3232 3318 3405 3490 3575 3576 3658 3740 3820 3899,4801 3976 4052 4125 4197 4334 4400 4464 4465 4586 4526 4463 4525 4585 4643 4587 4527 4401 4336 4268 4335 4267 4198 4126 4053 3977 3900,4931 3821 3741 3659 3491 3406 3319 3233 3145 3057 2968 2879,4065 2788 2699 2609 2700 2789 2880 2969 3058 3146 3234 3320,3811 3407 3492 3577 3660 3578 3493 3408 3321 3235 3147 3059,2623 3060 3148 3236 3322 3409 3495 3580 3494 3579 3662 3744,4941 3661 3743 3823 3824 3903 3902 3980 4056 4129 4201 4270 4271,5200 4339 4404 4403 4467 4528 4588 4644 4699 4698 4750 4697 4642 4584 4641 4696 4749 4799 4847 4891 4801 4800 4751 4700 4645 4589 4529 4468 4646 4701 4752 4802 4848 4892 4971 5007 4970 4932 4890,4793 4846 4798 4748 4695 4694 4747 4797 4845 4889 4931 5006 5039 5005 5038 5069 5095 5068 5037 5004 4968 4969 4930 4888 4844 4796 4746 4795 4843 4887 4929 4967 4966 4928 4886 4842 4794 4793 4841 4885 4927 4926 4884 4840 4792 4791 4839,4578 4883 4925 4964 5001 5034 5066 5035 5002 4965 5003 5036 5067 5094 5093 5118 5092 5065 5000 4963 4924 4882 4838 4790 4739 4789 4837 4881 4923 4962 4999 5033 5064 5091 5063 5032 4998 4961 4922 4880 4836 4788 4738 4684 4737 4787 4835 4879 4921,4918 4960 4997 4920 4878 4834 4786 4736 4683 4628 4569 4627 4682 4735 4785 4833 4877 4832 4784 4734 4680 4681 4626 4568 4508 4445 4313 4380 4444 4507
mink_rooted_ILP,GW200220_124850_785.txt,100,10,10,785,785,47,44,0.185617,7208.86,true,1971 2339 2428 2519 2518 2608 2698 2787 2878 2967 2877 3056,3582 1641 1557 1475 1556 1640 1725 1812 1986 1898 1811 1724,4793 4846 4798 4748 4695 4694 4747 4797 4845 4889 4931 5006 5039 5005 5038 5069 5095 5068 5037 5004 4968 4969 4930 4888 4844 4796 4746 4795 4843 4887 4929 4967 4966 4928 4886 4842 4794 4793 4841 4885 4927 4926 4884 4840 4792 4791 4839,3011 3101 3012 3102 3190 3278 3365 3279 3191 3103 3013 2924 2833 2744 2653 2564 2565 2474 2385 2294 2384 2473 2293 2204 2115 2114 2026 1938 1851 1764 1763 1678 1594 1593 1511 1429,2253 1018 1090 1165 1241 1240 1319 1398 1479 1397 1318 1239,1249 466 416 368 324 282 243 206 205 242 281 323,4918 4960 4997 4920 4878 4834 4786 4736 4683 4628 4569 4627 4682 4735 4785 4833 4877 4832 4784 4734 4680 4681 4626 4568 4508 4445 4313 4380 4444 4507,700 705 645 646 586 530 476 425 376 475 529 585,1678 1349 1193 1117 1044 972 903 835 770 706 769 834,3058 1814 1900 1988 2253 2164 2074 2075 1987 1899 1813 1726,2472 2022 1934 1848 1761 1676 1591 1675 1760 1847 1933 1759 1674 1590 1508 1426 1346,4063 2162 2072 1984 2071 2161 2250 2341 2521 2611 2612 2702,2176 1164 1089 1017 946 878 811 877 945 1016 1088 1163,4065 2788 2699 2609 2700 2789 2880 2969 3058 3146 3234 3320,1975 1897 1985 2073 2163 2252 2343 2432 2522 2431 2342 2251,1671 1588 1506 1424 1344 1265 1188 1264 1187 1112 1040 969,1996 1019 948 880 813 749 686 685 748 812 879 947,2607 1316 1237 1162 1087 1161 1315 1394 1476 1558 1642 1727,700 644 704 767 831 898 966 897 830 766 703 643,5200 4339 4404 4403 4467 4528 4588 4644 4699 4698 4750 4697 4642 4584 4641 4696 4749 4799 4847 4891 4801 4800 4751 4700 4645 4589 4529 4468 4646 4701 4752 4802 4848 4892 4971 5007 4970 4932 4890,2623 3060 3148 3236 3322 3409 3495 3580 3494 3579 3662 3744,4801 3976 4052 4125 4197 4334 4400 4464 4465 4586 4526 4463 4525 4585 4643 4587 4527 4401 4336 4268 4335 4267 4198 4126 4053 3977 3900,694 283 326 371 420 470 524 579 638 637 578 523,90 473 422 472 526 581 640 700 763 699 639 580,1505 1267 1190 1114 1041 1113 1189 1266 1345 1425 1507 1589,972 902 971 1043 1116 1192 1269 1348 1427 1428 1510 1592 1677 1762 1849,4578 4883 4925 4964 5001 5034 5066 5035 5002 4965 5003 5036 5067 5094 5093 5118 5092 5065 5000 4963 4924 4882 4838 4790 4739 4789 4837 4881 4923 4962 4999 5033 5064 5091 5063 5032 4998 4961 4922 4880 4836 4788 4738 4684 4737 4787 4835 4879 4921,4941 3661 3743 3823 3824 3903 3902 3980 4056 4129 4201 4270 4271,4506 4567 4625 4566 4506 4443 4379 4312 4244 4173 4100 4172 4243 4311 4378 4442 4505 4565 4624 4679 4733 4504 4441 4376 4309 4377 4310 4242 4171 4099 4024 3948 3625 3707 3789 3868 3947 4023 4098 4170 4241 4240 4169 4097 4022 3946 3867 3788 3706 3624,3811 3407 3492 3577 3660 3578 3493 3408 3321 3235 3147 3059,1647 413 463 516 571 629 689 752 816 882 815 751,832 901 833 900 968 1039 1111 1038 967 899 832 768,1259 584 583 642 702 765 829 764 701 641 582 527,4644 3144 3232 3318 3405 3490 3575 3576 3658 3740 3820 3899,1032 517 464 414 366 322 280 241 240 279 321 365,868 1238 1317 1396 1478 1560 1644 1728 1643 1559 1477 1395,822 469 419 370 325 369 418 468 522 577 636 635,4931 3821 3741 3659 3491 3406 3319 3233 3145 3057 2968 2879,1818 688 628 570 515 462 412 364 461 514 513 568,369 525 471 421 372 328 373 374 423 474 528 424,3710 3540 3455 3368 3281 3193 3105 3015 2926 2836 2835 2655 2654 2745 2834 2925 3014 3104 3192 3280 3367 3454 3539 3623 3705 3787 3866 3945 4021 4096 3944 3865 3786 3704 3622 3538 3453 3366 3452 3537 3621 3703 3785 3536 3451 3364 3277 3189,1097 634 576 521 417 467 520 575 633 632 574 519,214 375 330 329 286 246 285 327 284 245 207 244,199 367 415 465 518 573 631 691 753 690 630 572,1908 626 569 627 687 750 814 881 949 1020 1166 1091,4130 2791 2881 2970 2790 2701 2610 2520 2430 2340 2249 2429,1848 1935 2023 2111 2201 2290 2381 2470 2561 2562 2471 2382 2291 2202 2112 2024 1936 1850 1937 2025 2113 2203 2292 2383 2472 2563 2652 2743 2832 2923 3011 2922 2831 2742 2651 2741 2650 2380 2289 2200 2110
mink_rooted_annealing,GW200220_124850_785.txt,100,10,10,785,785,49,49,0.189633,20.1399,true,-2 4796 4843 4842 4841 4793 4792 4840 4839 4883 4925 4964 5001 5034 5065 5033 5000 4963 4924 4882 4838 4789 4739 4738 4684 4737 4683 4628 4569 4627 4568 4508 4445 4444 4380 4313 4312 4244 4173 4172 4100 4024 4099 4023 4098 4170,-2 2836 2926 3015 3105 3193 3281 3368 3455 3540 3625 3707 3789 3868 3947 4171 4243 4311 4378 4442 4443 4506 4566 4625 4680 4733 4679 4624 4565 4505 4504 4441 4377 4376 4309 4240 4169 4096 4021 3944 3865 3785 3703 3621 3536 3451 3364,-2 4507 4567 4626 4681 4734 4784 4833 4877 4920 4878 4834 4835 4879 4921 4960 4997 4998 4961 4922 4880 4836 4788 4837 4881 4923 4962 4999 5032 5063 5091 5064 5092 5118 5093 5066 5035 5002 4965 4926 4884 4885 4927 4966 5003 5036 5067 5094 5068 5095,-2 3786 3704 3622 3538 3623 3705 3787 3866 3945 4097 4022 3946 3867 3788 3706 3624 3539 3454 3367 3453 3366 3280 3192 3104 3014 2925 2834 2744 2653 2743 2832 2922 3011 3101 3189 3277 3278 3190 3102 3012 3013 3103 3191 3279 3365 3452 3537,-2 4463 4525 4585 4642 4697 4750 4800 4801 4891 4847 4799 4749 4696 4641 4695 4694 4747 4797 4845 4846 4890 4889 4931 4970 5007 5039 5069 5038 5006 4969 4930 4888 4844 4887 4929 4968 5005 5037 5004 4967,-2 1938 2026 2114 2204 2293 2384 2294 2385 2474 2565 2655 2835 2745 2654 2564 2473 2563 2833 2924 2923 2742 2831 2741 2651 2561 2470 2380 2290 2201 2112 2202 2291 2381 2471 2382 2383 2292 2203 2025 2113,-2 4241 4242 4310 4832 4785 4735 4682 4736 4786 4787 4790 4791 4928 4886 4794 4795 4746 4748 4798 4932 4971 4892 4848 4802 4752 4701 4646 4645 4700 4751 4699 4644 4587 4527 4465 4464 4526 4586 4643 4698,-2 1935 2023 2111 2200 2289 2024 1936 1850 1764 1851 1937 2472 2562 2652 3948 4379 4584 4400 4334 4335 4267 4336 4401 4588 4589 4529 4468 4403 4467 4528,-2 1675 1760 1847 1933 1934 2022 2110 2650 2115 1763 1678 1594 1593 1511 1510 1592 1677 1762 1849 1676 1761 1848,-2 3147 3235 3899 3976 4052 4125 4197 4198 4126 4053 4268 4270 4201 4271 4339 4404,-2 1811 1560 1644 2164 2970 2878 3146 3821 3741 3660,-2 642 373 421 420 243 241 280 574 514 462,-2 1759 1507 1425 968 900 767 766 641 474 472 372,-2 2969 2700 2252 2253 2432 2522 3495 3580 3662 3744 3824,-2 413 281 282 244 286 374 1116 1192 1426 1591 1429,-2 1344 706 584 583 898 700 640 580 636 635,-2 3579 3148 2611 2521 2430 2250 879 811 1087 1161,-2 2609 2429 2699 2879 3232 3406 3491 3490 3575 3658 3659,-2 1346 1267 1189 897 829 765 527 473 423 330 328,-2 419 205 283 326 371 470 523 524 525 699 639,-2 1040 1113 1269 1117 972 903 901 581 582 702 830,-2 4129 3321 3059 2968 2698 2518 2428 2161 2340 2520,-2 815 568 626 685 748 812 878 945 1394 1557 1641,-2 325 370 418 468 522 577 467 417 323 415 366,-2 1348 1427 1193 1043 1190 1264 1112 1039 1038 966 899,-2 3980 3902 3900 3577 3492 3056 3057 3058 2791 2519,-2 207 245 284 327 322 321 365 518 573 521,-2 1590 1588 1506 1345 1266 902 770 376 701 764,-2 691 630 689 752 1020 1091 1165 1016 1315 1475 1556,-2 240 279 572 412 513 1162 1316 1900 2072 1476,-2 1187 971 835 704 643 644 586 476 425 475 324,-2 2342 2163 2073 1985 2071 2249 2339 2701 2788 2787 3405,-2 520 575 634 631 1479 1397 1019 948 881 751 570,-2 2967 3144 3319 3407 3320 2790 2341 2251 1813 1898,-2 2789 1899 1812 750 687 627 569 753 517 464 414,-2 2610 2431 1725 1988 1728 1643 1240 1164 1089 877 946,-2 1986 1814 1478 1395 1088 688 463 465 466 519 632,-2 1424 1349 1114 834 769 703 763 246 578 637,-2 1111 1041 969 768 705 645 530 375 424 529 585,-2 3236 2880 3145 3234 3408 3661 3743 3823 4056 3903,-2 1428 1044 471 368 416 461 947 1090 1317 2162,-2 329 369 576 571 516 515 749 813 1642 1727,-2 3977 3740 3318 3322 3060 2702 2612 1984 2075 2343,-2 629 628 814 882 1166 1241 1017 1238 1559 1726 1987,-2 367 364 880 1018 1319 1398 1477 1396 1318 1239 1163,-2 3494 3493 3233 2877 2608 2881 1897 1724 1558 1237,-2 469 579 638 285 526 832 833 1265 1508 1589 1674,-2 1188 967 831 528 422 206 242 633 690 816,-2 646 686 949 1640 2074 3576 3820 3578 3409
mink_rooted_greedy,GW191113_071753_952.txt,100,10,10,952,952,56,56,0.202985,0.137477,true,1353 1123 1050 978 909 841 776 712 651 592 536 482 431 382 337 294 338 383 432 483 537 593 652 713 777 842 910 979 1051 1124 1200 1277 1356 1436 1518 1600 1685 1770 1520 1438 1358 1279 1202 1126 1053 981 912 844 779 715 654,594 539 595 655 716 780 845 913 982 1054 1127 983 914 846 781 717 656 596 540 485 434 385 435 486 541 597 657 718 915 916 848 849 784 785 721 660 600 544 489 438 388 342 298 258 219 184 151 123 152 185,343 220 259 299 343 389 439 490 545 601 661 662 602 546 491 440 390 344 300 260 221 186 153 124 97 74 54 75 98 125 154 187 222 261 301 345 391 441 492 392 346 302 262 223 188 155 126 99 76,126 55 56 77 100 127 156 189 224 263 303 347 348 304 264 225 190 157 128 101 78 129 158 191 226 265 305 349 395 445 497 446 396 350 306 351 397 447 498 448 398 399 352 308,159 230 229 228 267 307 266 227 192 159 160 102 79 57 39 38 37 53 96 122 150 183 218 257 297 341 387 437 488 543 599 659 658 598 542 487 436 386 340 296 256 217 182 216 255 295,339 339 384 433 484 538 594 653 714 778 843 911 980 1052 1125 1201 1278 1357 1437 1519 1601 1686 1771 1858 1944 1857 1943 2031 2119 2030 2118 2207 2117 2029 2028 2116 2206 2295 2386 2475 2565 2474 2385 2294 2205 2115 2027 2026 2114 2204 2293,2472 2384 2473 2564 2653 2654 2744 2833 2923 2832 2743 2652 2563 2472 2383 2292 2203 2113 2025 2024 2112 2202 2291 2382 2562 2651 2742 2831 2921 3010 3009 3183 3271 3357 3444 3529 3613 3528 3612 3694 3776 3693,3356 3775 3855 3934 4010 3933 3854 3932 4009 4085 4086 4158 4157,4428 4084 4008 4007 4083 4156 4228 4229 4298 4297 4365 4430,4496 4493 4429 4364 4296 4227 4155 4082 4154 4226 4295 4363,4293 4428 4492 4553 4612 4668 4722 4721 4667 4611 4552 4491,4665 4427 4362 4294 4225 4153 4293 4361 4426 4490 4551 4610,3606 4666 4720 4771 4820 4865 4908 4864 4819 4770 4719 4665,3602 4609 4550 4489 4425 4360 4292 4291 4359 4424 4488 4549,3519 4608 4664 4718 4769 4818 4863 4768 4717 4663 4607 4548,4941 4487 4423 4358 4290 4289 4357 4422 4486 4547 4662 4606,4065 4546 4485 4421 4356 4288 4287 4355 4420 4484 4545 4605,5200 4661 4716 4767 4817 4862 4816 4766 4715 4660 4604 4544,4063 4483 4419 4354 4286 4216 4285 4353 4418 4482 4543 4603,4801 4659 4714 4765 4815 4861 4905 4945 4904 4860 4814 4764,4130 4713 4658 4602 4542 4481 4417 4352 4284 4215 4143 4069,2623 4142 4214 4283 4351 4416 4480 4541 4601 4657 4712 4763,4644 4812 4762 4711 4656 4600 4540 4479 4415 4350 4282 4213,3582 4141 4068 3992 3915 3833 3913 3990 4066 4139 4211 4280,3058 4348 4413 4477 4538 4598 4654 4709 4708 4653 4597 4537,4931 4476 4412 4347 4279 4210 4138 4065 3989 3912 3832 3831,2253 3911 3988 4064 4137 4209 4278 4346 4411 4475 4536 4474,2607 4410 4345 4277 4208 4136 4063 3987 3910 3830 3909 3986,1818 4062 4135 4207 4276 4344 4275 4206 4134 4061 3985 3908,1996 3829 3749 3667 3585 3500 3415 3328 3241 3327 3414 3499,1647 3584 3666 3748 3828 3907 3984 4060 4133 3983 3906 3827,1908 3747 3665 3583 3498 3413 3326 3240 3152 3064 2974 3063,2176 3151 3239 3325 3412 3497 3582 3664 3746 3663 3581 3496,1975 3411 3324 3238 3150 3062 2973 2884 2793 2704 2613 2524,868 2433 2253 2164 2074 1986 1985 2073 2163 2252 2343 2432,1097 2523 2612 2703 2792 2883 2972 3061 3149 3237 3323 3410,3811 3495 3580 3494 3409 3322 3236 3148 3059 3147 3235 3321,1971 3234 3146 3058 2968 3057 3145 2967 2878 2787 2518 2608,2325 2699 2788 2879 2969 2880 2789 2700 2609 2519 2428 2338,1299 2159 2248 2339 2429 2520 2430 2521 2610 2701 2790 2881,1249 2970 3060 2971 2882 2791 2702 2611 2522 2431 2342 2251,199 2162 2072 1984 1896 1983 2071 2161 2250 2341 2340 2249,501 2160 2070 2069 1981 1982 1894 1807 1721 1808 1895 1809,1000 1722 1637 1553 1554 1638 1723 1810 1897 1811 1724 1639,553 1555 1473 1391 1234 1313 1392 1474 1556 1640 1725 1812,1741 1898 1899 1987 2075 2344 2434 2525 2614 2705 2794 2885,2181 2795 2886 2975 3065 3153 3154 3242 3329 3416 3501 3586,4793 3668 3750 3751 3669 3587 3502 3417 3503 3588 3670 3752,2729 3753 3671 3589 3754 3834 3914 3991 4067 4140 4212 4281,4918 4349 4414 4478 4539 4599 4655 4710 4761 4810 4811 4857,4435 4942 4902 4858 4813 4859 4903 4943 4944 4983 4984 4906,4235 4946 4985 4947 4907 4948 4866 4821 4772 4822 4773 4723,3779 4669 4613 4554 4555 4494 4431 4301 4011 3935 3856 3777 3695 3614 3445 3358 3272 3184 3096,3183 3007 2918 2828 2739 2648 2559 2649 2740 2829 2920 2830 2741 2650 2560 2469 2289 2200 2380 2470 2561 2471 2381 2290 2201 2111 2023 1936 1849 1762 1677 1850 1763 1678 1593 1511 1429 1194 1271 1350 1430 1512 1594 1679 1764 1851 1937 1938,1678 1852 1765 1680 1595 1513 1431 1351 1272 1195 1119 975 1047 1120 1196 1273 1352 1432 1514 1596 1681 1766 1853 1939 1940 1854 1767 1682 1597 1515 1433 1353 1274 1197 1121 1048 976 907 839 711 775 840 908 977 1049 1122 1198 1275 1354 1434 1516,2746 1598 1683 1768 1855 1941 1942 1856 1769 1684 1599 1517 1435 1355 1276 1199
mink_rooted_ILP,GW191113_071753_952.txt,100,10,10,952,952,56,52,0.202985,7212.66,true,1971 3234 3146 3058 2968 3057 3145 2967 2878 2787 2518 2608,159 230 229 228 267 307 266 227 192 159 160 102 79 57 39 38 37 53 96 122 150 183 218 257 297 341 387 437 488 543 599 659 658 598 542 487 436 386 340 296 256 217 182 216 255 295,3582 4141 4068 3992 3915 3833 3913 3990 4066 4139 4211 4280,4793 3668 3750 3751 3669 3587 3502 3417 3503 3588 3670 3752,2253 3911 3988 4064 4137 4209 4278 4346 4411 4475 4536 4474,4435 4942 4902 4858 4813 4859 4903 4943 4944 4983 4984 4906,3519 4608 4664 4718 4769 4818 4863 4768 4717 4663 4607 4548,1249 2970 3060 2971 2882 2791 2702 2611 2522 2431 2342 2251,4918 4349 4414 4478 4539 4599 4655 4710 4761 4810 4811 4857,4293 4428 4492 4553 4612 4668 4722 4721 4667 4611 4552 4491,343 220 259 299 343 389 439 490 545 601 661 662 602 546 491 440 390 344 300 260 221 186 153 124 97 74 54 75 98 125 154 187 222 261 301 345 391 441 492 392 346 302 262 223 188 155 126 99 76,3356 3775 3855 3934 4010 3933 3854 3932 4009 4085 4086 4158 4157,1678 1852 1765 1680 1595 1513 1431 1351 1272 1195 1119 975 1047 1120 1196 1273 1352 1432 1514 1596 1681 1766 1853 1939 1940 1854 1767 1682 1597 1515 1433 1353 1274 1197 1121 1048 976 907 839 711 775 840 908 977 1049 1122 1198 1275 1354 1434 1516,3058 4348 4413 4477 4538 4598 4654 4709 4708 4653 4597 4537,2472 2384 2473 2564 2653 2654 2744 2833 2923 2832 2743 2652 2563 2472 2383 2292 2203 2113 2025 2024 2112 2202 2291 2382 2562 2651 2742 2831 2921 3010 3009 3183 3271 3357 3444 3529 3613 3528 3612 3694 3776 3693,4063 4483 4419 4354 4286 4216 4285 4353 4418 4482 4543 4603,2176 3151 3239 3325 3412 3497 3582 3664 3746 3663 3581 3496,553 1555 1473 1391 1234 1313 1392 1474 1556 1640 1725 1812,4065 4546 4485 4421 4356 4288 4287 4355 4420 4484 4545 4605,1975 3411 3324 3238 3150 3062 2973 2884 2793 2704 2613 2524,594 539 595 655 716 780 845 913 982 1054 1127 983 914 846 781 717 656 596 540 485 434 385 435 486 541 597 657 718 915 916 848 849 784 785 721 660 600 544 489 438 388 342 298 258 219 184 151 123 152 185,1996 3829 3749 3667 3585 3500 3415 3328 3241 3327 3414 3499,2607 4410 4345 4277 4208 4136 4063 3987 3910 3830 3909 3986,2746 1598 1683 1768 1855 1941 1942 1856 1769 1684 1599 1517 1435 1355 1276 1199,5200 4661 4716 4767 4817 4862 4816 4766 4715 4660 4604 4544,2623 4142 4214 4283 4351 4416 4480 4541 4601 4657 4712 4763,4801 4659 4714 4765 4815 4861 4905 4945 4904 4860 4814 4764,3183 3007 2918 2828 2739 2648 2559 2649 2740 2829 2920 2830 2741 2650 2560 2469 2289 2200 2380 2470 2561 2471 2381 2290 2201 2111 2023 1936 1849 1762 1677 1850 1763 1678 1593 1511 1429 1194 1271 1350 1430 1512 1594 1679 1764 1851 1937 1938,4496 4493 4429 4364 4296 4227 4155 4082 4154 4226 4295 4363,4235 4946 4985 4947 4907 4948 4866 4821 4772 4822 4773 4723,4941 4487 4423 4358 4290 4289 4357 4422 4486 4547 4662 4606,501 2160 2070 2069 1981 1982 1894 1807 1721 1808 1895 1809,3811 3495 3580 3494 3409 3322 3236 3148 3059 3147 3235 3321,3602 4609 4550 4489 4425 4360 4292 4291 4359 4424 4488 4549,339 339 384 433 484 538 594 653 714 778 843 911 980 1052 1125 1201 1278 1357 1437 1519 1601 1686 1771 1858 1944 1857 1943 2031 2119 2030 2118 2207 2117 2029 2028 2116 2206 2295 2386 2475 2565 2474 2385 2294 2205 2115 2027 2026 2114 2204 2293,1647 3584 3666 3748 3828 3907 3984 4060 4133 3983 3906 3827,1353 1123 1050 978 909 841 776 712 651 592 536 482 431 382 337 294 338 383 432 483 537 593 652 713 777 842 910 979 1051 1124 1200 1277 1356 1436 1518 1600 1685 1770 1520 1438 1358 1279 1202 1126 1053 981 912 844 779 715 654,2729 3753 3671 3589 3754 3834 3914 3991 4067 4140 4212 4281,126 55 56 77 100 127 156 189 224 263 303 347 348 304 264 225 190 157 128 101 78 129 158 191 226 265 305 349 395 445 497 446 396 350 306 351 397 447 498 448 398 399 352 308,2325 2699 2788 2879 2969 2880 2789 2700 2609 2519 2428 2338,2181 2795 2886 2975 3065 3153 3154 3242 3329 3416 3501 3586,4644 4812 4762 4711 4656 4600 4540 4479 4415 4350 4282 4213,4665 4427 4362 4294 4225 4153 4293 4361 4426 4490 4551 4610,3606 4666 4720 4771 4820 4865 4908 4864 4819 4770 4719 4665,868 2433 2253 2164 2074 1986 1985 2073 2163 2252 2343 2432,4931 4476 4412 4347 4279 4210 4138 4065 3989 3912 3832 3831,1818 4062 4135 4207 4276 4344 4275 4206 4134 4061 3985 3908,4428 4084 4008 4007 4083 4156 4228 4229 4298 4297 4365 4430,1097 2523 2612 2703 2792 2883 2972 3061 3149 3237 3323 3410,199 2162 2072 1984 1896 1983 2071 2161 2250 2341 2340 2249,1299 2159 2248 2339 2429 2520 2430 2521 2610 2701 2790 2881,1908 3747 3665 3583 3498 3413 3326 3240 3152 3064 2974 3063,1000 1722 1637 1553 1554 1638 1723 1810 1897 1811 1724 1639,4130 4713 4658 4602 4542 4481 4417 4352 4284 4215 4143 4069,3779 4669 4613 4554 4555 4494 4431 4301 4011 3935 3856 3777 3695 3614 3445 3358 3272 3184 3096,1741 1898 1899 1987 2075 2344 2434 2525 2614 2705 2794 2885
mink_rooted_annealing,GW191113_071753_952.txt,100,10,10,952,952,59,59,0.19416,30.7491,true,-2 261 222 187 154 125 98 75 54 74 96 122 150 182 216 294 337 382 431 482 537 593 652 713 777 842 910 979 1051 1124 1200 1277 1356 1436 1518 1435 1517 1599 1684 1769 1856 1683 1768 1855 1941 2029 2117,-2 594 653 714 778 843 911 980 1052 1125 1201 1278 1357 1437 1519 1601 1686 1600 1685 1770 1857 1943 2031 1942 2030 2118 2207 2386 2475 2565 2474 2564 2653 2743 2652 2562 2471 2382 2291 2202 2112 2024 1936 1850 1763 1678 1593 1511 1429 1350 1271,-2 2923 2832 2742 2651 2561 2381 2290 2201 2113 2025 1937 1851 1764 1679 1594 1512 1430 1351 1272 1195 1119 1047 975 976 907 839 775 711 651 592 536 432 383 338 295 339 296 340 297 341 387 437 488 543 489 544,-2 3009 2920 2830 2741 2472 2383 2292 2203 2114 2026 1938 1852 1765 1680 1596 1514 1432 1352 1273 1197 1274 1353 1354 1275 1198 1123 1199 1276 1358 1279 1202 1126 1053 981 912 844 779 715 654 595 655 596 656 717 781 846 914 983,-2 159 129 128 157 190 225 264 263 224 189 188 223 262 302 346 345 391 441 492 491 440 390 344 300 260 259 299 343 389 439 490 545 546 602 662 661 601 600 660 721 659 599 658 598 542 487 436 386,-2 385 435 486 541 597 657 718 716 780 845 913 982 1054 1127 1355 1434 1516 1598 1682 1767 1854 1940 2028 2116 2206 2295 2385 2294 2205 2115 2027 1939 1853 1766 1681 1597 1515 1433 1431 1513 1595 1677 1762 1849 2023 2111 2200 2289,-2 3010 2921 2829 2740 2649 2739 2648 2559 2560 2469 2380 2470 2563 2473 2384 1944 1858 1771 1520 1438 915 916 848 849 784 785 438 388 342 298 258 219 184 152 123 151 183 217 255 384 433 484 538,-2 840 908 977 1048 1120 1196 1121 1049 1122 1050 978 909 841 776 712 483 539 485 434 256 218 257 220 221 186 153 124 97 53 37 38 55 76 99 126 156 127 100 101 78 57 39 56 77,-2 230 229 228 267 308 352 398 448 498 447 397 351 307 266 227 192 160 79 102 158 191 226 265 306 350 396 446 497 445 395 349 305 304 303 347 392 348,-2 301 185 540 1194 2204 2293 2654 2744 2833 2831 2650 2828 2918 3007 3096 3184 3272 3358 3183 3271 3357 3444 3529 3445 3614 3613 3528 3612 3694 3776 3856 3935 3777 3695,-2 399 155 2119 3693 3775 3855 3934 4011 4427 4609 4608 4770 4819,-2 3058 2339 2249 2161 2072 2073 2163 2704 3328 3582,-2 4008 4428 4426 4490 4551 4610 4666 4720 4664 4420 4214,-2 3906 3828 4278 4346 4412 4413 4477 4538 4598 4985 4943,-2 1392 1474 1556 1640 1811 1985 2252 2343 3323 3237 3149,-2 2519 2518 3322 3580 3665 3985 3241 3153 2975 3833,-2 4767 4946 4716 4661 4605 4545 4284 3991 3990 3913 3834,-2 1721 1807 1981 2069 2967 3057 3235 3236 3409 3663 3984,-2 4226 4362 4550 4549 4663 4607 4487 4423 4358 4484 4419,-2 1637 2162 2613 2886 3416 3503 3753 4597 4536 4475,-2 4547 4483 4482 4655 4860 4548 4718 4719 4864 4818,-2 4769 4768 4817 4862 4715 4660 4659 4713 4712 4657 4653,-2 4288 4356 4352 4417 4481 4542 4761 4811 4813 4858 4902,-2 1554 1808 2070 2248 2429 2880 2430 2341 1987 1899,-2 4363 4907 4983 4765 4543 4599 3832 3752 3589 3242,-2 4709 4411 3912 3670 3588 4216 4285 4353 4544 4602,-2 4431 4430 4153 4359 4289 4421 4714 4857 4859 4814,-2 4723 4773 4822 4865 4906 4480 4415 4350 4282 4212 4140,-2 2524 2433 2523 2612 2703 3666 3748 3910 3987 4063 4136,-2 2968 2878 2787 3496 2793 2973 3415 4068 4142 3915,-2 4296 4295 4491 4552 4771 4422 4357 3831 4060 4134,-2 2251 2340 2521 3062 3059 3147 3146 3234 2879 2789 2788,-2 4546 4606 4662 4486 4861 4766 4287 4286 4213 4349,-2 1553 1638 1894 2700 3148 2794 2974 3064 3152 3063,-2 3746 3827 3907 3829 4275 4344 4410 4345 4208 4141 4069,-2 2250 2432 4067 4283 4418 4603 4601 4656 4764 4763,-2 2253 3417 3502 3587 3586 4062 4206 4207 4211 4066 4143,-2 4604 4424 4488 4611 4553 4554 4613 4668 4612 4667 4772,-2 4007 4083 4155 4292 4291 4290 4364 4297 4365 4429 4493,-2 2160 2071 2431 2611 2970 3239 3326 3240 2434 2525,-2 4082 4489 4820 4816 4815 4942 4810 4710 4347 4139,-2 4301 4721 4665 4293 4425 4863 4711 4600 4540 4281,-2 4474 4135 3988 3750 3581 3410 2972 2792 2075 2344,-2 3151 3238 3324 3667 3830 4210 4215 4354 4355 4541,-2 2795 2701 2610 2522 2164 1810 1639 1234 1313 1473,-2 4209 4137 4138 4065 3914 3911 3909 3585 3500 3065 2885,-2 2790 2882 3321 3494 3497 3413 3499 3749 3669 3671,-2 4360 3932 3854 3933 4009 4084 4157 4158 4229 4228 4485,-2 1809 1895 1983 2881 3412 4348 4414 4478 4479 4416,-2 3989 3583 3498 3414 3327 2705 2614 1984 1723 1722 1896,-2 4154 4227 4294 4225 4717 4821 4866 4948 4908 4947,-2 4654 4708 4537 4476 4064 4061 3983 3325 2971 2791,-2 4555 4722 4984 4905 4944 4904 4903 4812 4762 4539 4280,-2 1391 1724 1725 1812 1898 1897 2702 3150 3061 2428,-2 3747 3908 3501 3584 3411 2969 2699 2608 2884 2883,-2 1982 1555 1986 2074 2342 3154 3329 3668 3986 4133,-2 2520 2609 3060 3495 3664 4276 4277 3754 3992 4351,-2 4085 4010 4086 4298 4494 4669 4492 4361 4945 4658,-2 3751 2159 2338 3145 4279 4156
mink_rooted_greedy,GW200306_093714_952.txt,100,10,10,952,952,36,36,0.213819,0.125843,true,4665 4865 4908 4948 4986 5020 5052 5080 5079 5051 5019 4985 4947 4907 4864 4818 4769 4718 4664 4608 4549 4488 4424 4359 4291 4222 4150 4077 4001 4290 4358 4423 4487 4548 4607 4663 4717 4768 4767 4716 4662 4547 4486 4422 4357 4289 4288 4356 4421 4485,4293 4546 4606 4661 4605 4545 4484 4420 4355 4287 4218 4146 4073 3920 3840 3919 3996 4072 4145 4217 4286 4354 4419 4483 4544 4604 4660 4715 4766 4816 4862 4817 4863 4906 4946 4984 5018 4945 4905 4861 4815 4765 4714 4659 4603 4543 4482 4418 4353 4285,4065 4216 4144 4071 3995 3918 3839 3759 3676 3758 3838 3917 3994 4070 4143 4215 4284 4352 4417 4481 4542 4602 4658 4713 4764 4814 4860 4904 4944 4983 5050 5017 4982 4943 4903 4859 4813 4763 4712 4657 4601 4541 4480 4416 4351 4283 4214 4142 4069 3993,4063 3916 3837 3757 3675 3593 3592 3674 3756 3836 3915 3992 4068 4141 4213 4282 4350 4415 4479 4540 4600 4656 4711 4762 4812 4858 4902 4942 4981 5016 5049 5078 5105 5106 5128 5127 5104 5077 5048 5015 4980 4941 4901 4857 4811 4761 4710 4655 4599,4941 4539 4478 4414 4349 4281 4212 4140 4067 3991 3914 3835 3755 3673 3591 3506 3505 3590 3672 3754 3834 3913 3990 4066 4139 4211 4280 4348 4413 4477 4538 4598 4654 4709 4760 4810 4856 4900 4940 4979 5014 5047 5076 5103 5126 5147 5164 5148 5165,5200 5149 5129 5107 5081 5053 5021 4987 4949 4909 4866 4821 4772 4721 4667 4611 4552 4491 4428 4363 4295 4226 4154 4081 4005 3928 3849 3769 3687 3605 3520 3435 3348 3262 3174 3086 2996 2907 2816 2727 2636 2547 2456 2367 2457 2548 2637 2728,2729 2817 2818 2908 2997 2998 3087 3175 3263 3350 3264 3176 3351 3438 3523 3608 3690 3772 3852 3931 4008 4084 4156 4083 4007 3930 3851 3771 3689 3607 3522 3437 3349 3436 3521 3606 3688 3770 3850 3929 4006 4082 4155 4227 4296 4364 4429 4492 4553,4428 4612 4668 4722 4773 4822 4867 4910 4950 4988 5022 5054 5082 5108 5130 5150 5167 5166 5180 5189 5179 5188 5178 5163 5146 5125 5102 5075 5046 5013 4978 4939 4899 4855 4809 4759 4708 4653 4597 4537 4476 4412 4347 4279 4210 4138 4065 3989 3912 3833,3582 3753 3671 3589 3504 3419 3418 3503 3588 3670 3752 3832 3911 3988 4064 4137 4209 4278 4346 4411 4475 4536 4596 4652 4707 4758 4808 4854 4898 4938 4977 5012 5045 5074 5101 5124 5145 5162 5123 5100 5073 5044 5011 4976 4937 4897 4853 4807,4130 4757 4706 4651 4595 4535 4474 4410 4345 4277 4208 4136 4063 3987 3910 3831 3751 3669 3587 3502 3416 3501 3586 3668 3750 3830 3909 3986 4062 4135 4207 4276 4344 4409 4473 4534 4594 4650 4705 4756 4806 4852 4896 4936 4975 5010,4801 5043 5072 4974 4935 4895 4851 4805 4755 4704 4649 4593 4533 4472 4408 4343 4275 4206 4134 4061 3985 3907 3984 4060 4133 4205 4274 4342 4407 4471 4532 4592 4648 4703 4754 4804 4647 4591 4531 4470 4406 4341 4273 4204 4132,3058 4059 3983 3906 3827 3747 3665 3583 3498 3413 3326 3240 3241 3327 3414 3499 3584 3666 3748 3828 3908 3829 3749 3667 3585 3415 3328 3154 3153 3065 2975 3064 3152 3151 3239 3325,2253 3412 3497 3582 3664 3746 3826 3905 3982 4058 4131 4203 4272 4340 4405 4469 4271 4202 4130 4057 3981 3904 3825 3745 3663 3581 3496 3411 3324 3238 3150 3061 3149,2607 3237 3323 3410 3495 3580 3662 3744 3824 3903 3980 4056 3823 3743 3661 3579 3494 3409 3322 3236 3148 3060,1818 2970 2969 3059 3147 3235 3321 3408 3493 3578 3234 3146 3058,1975 3057 2968 2879 2880 2789 2700 2609 2520 2610 2701 2790,1647 2881 2971 2882 2791 2702 2611 2521 2430 2341 2251 2342,1908 2431 2522 2432 2523 2612 2703 2792 2883 2972 3062 3063 2973,2623 2884 2793 2704 2613 2524 2433 2343 2252 2163 2074 2164,1996 2253 2344 2434 2525 2614 2794 2974 2885 2795 2705 2615 2526,2176 2435 2345 2254 2165 2075 1987 1900 1988 2076 2166 2255,1097 2346 2436 2347 2256 2167 2077 1989 1901 1815 1902 1990,1249 2078 2168 2257 2348 2258 2169 2079 1991 1903 1816 1729,199 1561 1645 1730 1817 1904 1992 2080 1993 1905 1818 1731,1741 1646 1562 1481 1563 1647 1732 1819 1906 1994 1995 1907,2181 1820 1733 1648 1564 1482 1322 1401 1483 1565 1649 1734,694 1821 1822 1735 1650 1566 1484 1402 1323 1324 1403 1485,822 1567 1651 1736 1823 1824 1737 1652 1568 1486 1404 1325,369 1246 1247 1326 1405 1487 1569 1653 1738 1739 1654 1570,1032 1488 1406 1327 1248 1249 1328 1407 1489 1571 1655 1740 1827,1259 1914 1828 1741 1656 1572 1490 1408 1329 1250 1174 1100 1175,700 1251 1330 1409 1491 1573 1657 1742 1829 1915 1916 2004 2092 2182 2271 2362 2452 2543 2363 2272 2183 2093,2549 2005 1917 1830 1743 1658 1574 1492 1410 1331 1252 1493 1575 1659 1744 1831 1918,2730 2006 2094 2184 2273 2364 2453 2544 2633 2724 2813 2812 2903 2992 3082 2993 2904 3083 3171 3259 3346 3260 3172 3084 2994 2905 2814 2725 2634 2545 2454 2365 2274 2185 2095 2007 1919 1832 1745 1660,700 1746 1833 1920 2008 2096 2009 2097 2186 2275 2187 2276 2366 2455 2546 2635 2726 2815 2906 2995 3085 3173 3261 3347 3434 3519 3604 3686 3768 3848 3927 4004 4080 4153 4225 4294 4362 4427 4490 4426 4361 4293 4224,3602 4152 4079 4003 3926 3847 3767 3685 3603 3602 3684 3925 4002 4078 4151 4223 4292 4360 4425 4489 4550 4609 4665 4719 4770 4819 4551 4610 4666 4720 4771 4820
mink_rooted_ILP,GW200306_093714_952.txt,100,10,10,952,952,36,34,0.213819,7212.45,true,3582 3753 3671 3589 3504 3419 3418 3503 3588 3670 3752 3832 3911 3988 4064 4137 4209 4278 4346 4411 4475 4536 4596 4652 4707 4758 4808 4854 4898 4938 4977 5012 5045 5074 5101 5124 5145 5162 5123 5100 5073 5044 5011 4976 4937 4897 4853 4807,2253 3412 3497 3582 3664 3746 3826 3905 3982 4058 4131 4203 4272 4340 4405 4469 4271 4202 4130 4057 3981 3904 3825 3745 3663 3581 3496 3411 3324 3238 3150 3061 3149,2549 2005 1917 1830 1743 1658 1574 1492 1410 1331 1252 1493 1575 1659 1744 1831 1918,1249 2078 2168 2257 2348 2258 2169 2079 1991 1903 1816 1729,4293 4546 4606 4661 4605 4545 4484 4420 4355 4287 4218 4146 4073 3920 3840 3919 3996 4072 4145 4217 4286 4354 4419 4483 4544 4604 4660 4715 4766 4816 4862 4817 4863 4906 4946 4984 5018 4945 4905 4861 4815 4765 4714 4659 4603 4543 4482 4418 4353 4285,700 1251 1330 1409 1491 1573 1657 1742 1829 1915 1916 2004 2092 2182 2271 2362 2452 2543 2363 2272 2183 2093,3058 4059 3983 3906 3827 3747 3665 3583 3498 3413 3326 3240 3241 3327 3414 3499 3584 3666 3748 3828 3908 3829 3749 3667 3585 3415 3328 3154 3153 3065 2975 3064 3152 3151 3239 3325,4063 3916 3837 3757 3675 3593 3592 3674 3756 3836 3915 3992 4068 4141 4213 4282 4350 4415 4479 4540 4600 4656 4711 4762 4812 4858 4902 4942 4981 5016 5049 5078 5105 5106 5128 5127 5104 5077 5048 5015 4980 4941 4901 4857 4811 4761 4710 4655 4599,2176 2435 2345 2254 2165 2075 1987 1900 1988 2076 2166 2255,4065 4216 4144 4071 3995 3918 3839 3759 3676 3758 3838 3917 3994 4070 4143 4215 4284 4352 4417 4481 4542 4602 4658 4713 4764 4814 4860 4904 4944 4983 5050 5017 4982 4943 4903 4859 4813 4763 4712 4657 4601 4541 4480 4416 4351 4283 4214 4142 4069 3993,1975 3057 2968 2879 2880 2789 2700 2609 2520 2610 2701 2790,1996 2253 2344 2434 2525 2614 2794 2974 2885 2795 2705 2615 2526,2607 3237 3323 3410 3495 3580 3662 3744 3824 3903 3980 4056 3823 3743 3661 3579 3494 3409 3322 3236 3148 3060,700 1746 1833 1920 2008 2096 2009 2097 2186 2275 2187 2276 2366 2455 2546 2635 2726 2815 2906 2995 3085 3173 3261 3347 3434 3519 3604 3686 3768 3848 3927 4004 4080 4153 4225 4294 4362 4427 4490 4426 4361 4293 4224,5200 5149 5129 5107 5081 5053 5021 4987 4949 4909 4866 4821 4772 4721 4667 4611 4552 4491 4428 4363 4295 4226 4154 4081 4005 3928 3849 3769 3687 3605 3520 3435 3348 3262 3174 3086 2996 2907 2816 2727 2636 2547 2456 2367 2457 2548 2637 2728,2623 2884 2793 2704 2613 2524 2433 2343 2252 2163 2074 2164,4801 5043 5072 4974 4935 4895 4851 4805 4755 4704 4649 4593 4533 4472 4408 4343 4275 4206 4134 4061 3985 3907 3984 4060 4133 4205 4274 4342 4407 4471 4532 4592 4648 4703 4754 4804 4647 4591 4531 4470 4406 4341 4273 4204 4132,694 1821 1822 1735 1650 1566 1484 1402 1323 1324 1403 1485,4941 4539 4478 4414 4349 4281 4212 4140 4067 3991 3914 3835 3755 3673 3591 3506 3505 3590 3672 3754 3834 3913 3990 4066 4139 4211 4280 4348 4413 4477 4538 4598 4654 4709 4760 4810 4856 4900 4940 4979 5014 5047 5076 5103 5126 5147 5164 5148 5165,3602 4152 4079 4003 3926 3847 3767 3685 3603 3602 3684 3925 4002 4078 4151 4223 4292 4360 4425 4489 4550 4609 4665 4719 4770 4819 4551 4610 4666 4720 4771 4820,1647 2881 2971 2882 2791 2702 2611 2521 2430 2341 2251 2342,2729 2817 2818 2908 2997 2998 3087 3175 3263 3350 3264 3176 3351 3438 3523 3608 3690 3772 3852 3931 4008 4084 4156 4083 4007 3930 3851 3771 3689 3607 3522 3437 3349 3436 3521 3606 3688 3770 3850 3929 4006 4082 4155 4227 4296 4364 4429 4492 4553,2181 1820 1733 1648 1564 1482 1322 1401 1483 1565 1649 1734,1259 1914 1828 1741 1656 1572 1490 1408 1329 1250 1174 1100 1175,4665 4865 4908 4948 4986 5020 5052 5080 5079 5051 5019 4985 4947 4907 4864 4818 4769 4718 4664 4608 4549 4488 4424 4359 4291 4222 4150 4077 4001 4290 4358 4423 4487 4548 4607 4663 4717 4768 4767 4716 4662 4547 4486 4422 4357 4289 4288 4356 4421 4485,1032 1488 1406 1327 1248 1249 1328 1407 1489 1571 1655 1740 1827,822 1567 1651 1736 1823 1824 1737 1652 1568 1486 1404 1325,1818 2970 2969 3059 3147 3235 3321 3408 3493 3578 3234 3146 3058,4428 4612 4668 4722 4773 4822 4867 4910 4950 4988 5022 5054 5082 5108 5130 5150 5167 5166 5180 5189 5179 5188 5178 5163 5146 5125 5102 5075 5046 5013 4978 4939 4899 4855 4809 4759 4708 4653 4597 4537 4476 4412 4347 4279 4210 4138 4065 3989 3912 3833,369 1246 1247 1326 1405 1487 1569 1653 1738 1739 1654 1570,1097 2346 2436 2347 2256 2167 2077 1989 1901 1815 1902 1990,199 1561 1645 1730 1817 1904 1992 2080 1993 1905 1818 1731,2730 2006 2094 2184 2273 2364 2453 2544 2633 2724 2813 2812 2903 2992 3082 2993 2904 3083 3171 3259 3346 3260 3172 3084 2994 2905 2814 2725 2634 2545 2454 2365 2274 2185 2095 2007 1919 1832 1745 1660,1908 2431 2522 2432 2523 2612 2703 2792 2883 2972 3062 3063 2973,4130 4757 4706 4651 4595 4535 4474 4410 4345 4277 4208 4136 4063 3987 3910 3831 3751 3669 3587 3502 3416 3501 3586 3668 3750 3830 3909 3986 4062 4135 4207 4276 4344 4409 4473 4534 4594 4650 4705 4756 4806 4852 4896 4936 4975 5010,1741 1646 1562 1481 1563 1647 1732 1819 1906 1994 1995 1907
mink_rooted_annealing,GW200306_093714_952.txt,100,10,10,952,952,39,39,0.195866,30.3211,true,-2 4210 4348 4413 4477 4538 4598 4654 4709 4761 4811 4857 4812 4762 4711 4656 4600 4540 4479 4480 4541 4601 4542 4482 4418 4353 4285 4216 4217 4286 4354 4419 4483 4544 4604 4660 4715 4661 4716 4767 4717 4768 4818 4769 4770 4820,-2 3351 3438 3523 3608 3690 3772 3852 3931 4007 4083 4156 4227 4296 4364 4429 4492 4553 4612 4668 4722 4773 4822 4867 4910 4950 4988 5022 5054 5021 5053 5081 5052 5019 5051 5018 4983 4944 4982 4943 4903 4860 4814 4764 4713 4658,-2 4821 4772 4721 4771 4720 4665 4719 4664 4608 4548 4487 4423 4358 4290 4289 4357 4422 4486 4547 4606 4662 4816 4861 4904 4859 4902 4942 4980 4941 4901 4900 4856 4810 4809 4855 4899 4939 4978 5013 5046 5075 5102 5125 5146 5163 5178 5188,-2 3851 3771 3850 3770 3687 3769 3848 3768 3847 3926 4003 4079 4151 4222 4291 4359 4421 4485 4545 4484 4420 4355 4287 4218 4146 4145 4072 3996 4071 3995 3918 3838 3917 3994 4070 4143 4215 4284 4352 4417 4481 4543 4603 4659 4714 4765 4815,-2 3593 3675 3757 3837 3916 3993 4069 4142 4214 4283 4351 4416 4415 4350 4282 4213 4141 4068 3992 3915 3914 3991 4067 4140 4212 4281 4349 4414 4478 4539 4412 4476 4537 4597 4653 4708 4759 4758 4707 4652 4596 4595 4535,-2 2906 2995 3084 3172 3260 3347 3434 3519 3603 3685 3767 3925 4002 4078 4223 4292 4360 4425 4489 4550 4609 4909 4949 4987 5082 5108 5130 5150 5166 5180 5189 5179 5164 5162 5145 5123 5100 5073 5044 5011 4976 4937 4897,-2 4866 4865 4908 4948 4986 4947 4946 4984 5050 5078 5104 5126 5103 5076 5074 5045 5012 4977 4938 4898 4854 4808 4757 4706 4651 4594 4534 4473 4409 4474 4475 4411 4346 4278 4347 4279 4280 4211 4139 4066 3990 3913 3834 3835 3755,-2 2636 2726 2815 2905 2994 3083 2993 2904 2903 2992 3082 3171 3259 3346 3604 3686 3927 4004 4080 4153 4225 4294 4362 4427 4491 4552 4611 4666 4610 4551 4490 4426 4361 4293 4424 4488 4549 4663 4607 4602 4657 4712 4763 4813,-2 3592 3674 3756 3836 3673 3591 3590 3504 3589 3671 3753 3833 3912 3989 4065 4138 4064 4137 4209 4208 4277 4345 4410 4344 4276 4206 4133 4205 4275 4343 4408 4472 4533 4593 4649 4704 4756 4806 4852 4896 4936 4975 5010 5043 5072,-2 2548 2637 2727 2816 2907 2996 3086 3174 3262 3348 3435 3520 3605 3521 3436 3349 3263 3175 3176 3264 3350 3437 3522 3607 3689 3606 3688 3849 3928 4005 3929 4006 4082 4226 4154 4081 4224 4152 4150 4077 4001,-2 4271 4340 4406 4470 4531 4591 4647 4703 4754 4804 4851 4895 4935 4940 4979 5014 5047 5015 5048 5077 5127 5148 5165 5149 5129 5107 5080 5106 5079 5105 5049 5016 5017 4945 4905 4862 4817 4863 4906 4907 4864 4819,-2 4203 4272 4341 4273 4204 4132 4059 3983 3906 3984 4060 4134 4061 3985 3908 3829 3749 3667 3750 3830 3909 3986 4062 4135 4207 4136 4063 3987 3910 3831 3751 3988 3911 3832 3752 3670 3588 3503 3418,-2 2998 3087 2997 2908 2818 2728 2817 2547 2456 2546 2635 2725 2634 2544 2453 2543 2633 2724 2813 3602 3684 4073 3920 3840 3919 3839 3759 3676 3758 3506 3505 3672 3754 3587 3502 3416 3501 3586 3668 3585,-2 4130 4131 4058 3982 4274 4342 4407 4471 4532 4592 4648 4755 4805 4650 4705 4807 4853 4760 4599 4655 4710 4858 4981 4766 4605 4546 4356 4288 3261 3173 3085 2814 2545 2454 2364 2273 2363 2452 2362 2272,-2 3153 3328 3415 3327 3414 3499 3584 3666 3748 3828 3907 3827 3747 3665 3583 3498 3664 3746 3663 3745 3826 3905 3825 3904 3981 4057 3980 4056 4202 4405 4469 4974 5101 5124,-2 1919 2007 2094 2006 2093 2092 2182 2271 2183 2184 2095 2185 2096 2008 1920 2009 2097 2186 2275 2365 2455 2366 2187 2276 2367 2457 3930 4008 4084 4428 4363 4295 4155,-2 5167 5147 5128 5020 4985 4718 4144 3419 3154 3065 2975 3064 3152 3241 3240 3326 3413 3325 3412 3497 3582 3411 3496 3581 3580 3662 3744 3824 3903 3823 3743,-2 3409 3495 3410 3323 3324 3238 3239 3151 3669 1914 1915 2004 1916 1830 1917 2005 2274 1918 1831 1745 1832 1833 1746,-2 2812 1744 1743 1829 1742 1828 1827 2795 2885 2974 3063 3062 3150 3237 3494 3579 3661 3578 3493,-2 1987 2074 2253 2344 2524 2884 2973 3061 3149 3236 3322 4536,-2 1660 1659 1658 1741 1247 1326 1738 1823 1736 1822 1735 1650,-2 4667 2613 2612 2611 2791 2881 2970 3148 3147 3234 3408,-2 1493 1575 1408 1488 1652 1907 1733 1648 1819 1903 1990,-2 1248 1569 1484 1563 1817 2257 2526 2435 2433 2972,-2 1330 1251 1174 1824 2080 1818 1731 1646 1562 1481,-2 1492 1331 1252 1100 1175 1329 1490 1404 1403 1651,-2 3057 2968 2879 2969 2880 2341 2251 1729 1816 2348,-2 1327 1406 1328 1489 1570 1566 1565 1734 1820 1995,-2 1402 1483 1564 1647 1904 2347 2436 2346 2164 2430 3235,-2 1322 1906 1905 1730 2256 2345 2522 2702 3060 2520,-2 1657 1740 1249 1324 1821 1815 1988 2163 2704 2971,-2 2169 1993 1732 1991 2078 2077 2076 2165 2343 2703 2792,-2 1568 1485 1323 1401 1649 1992 2079 2615 2705 2794 2793,-2 1410 1656 1655 1654 1653 1567 1645 1902 1989 1901,-2 3058 3059 2789 2614 2258 1994 2168 2255 2166 2254 2432,-2 2700 2610 2521 2431 2342 2434 2523 2882 2701 2790 3321,-2 1482 1246 1325 1405 1737 1250 1409 1491 1573 1572 1571,-2 1574 1739 1487 1486 1561 1900 2075 2167 2525 2609,-2 3146 2883 2252 1407
mink_rooted_greedy,GW191222_033537_640.txt,100,10,10,640,640,36,36,0.091901,0.0419896,true,594 775 711 774 710 773 838 839 907 976 1048 1196 1120 1047 975 906 905 974 1045 1046 1119 1195 1272 1351 1594 1512 1430 1350 1271 1194 1118 1117 1193 1270 1349 1429 1511 1593 1678 1763 1850 1936 2024 2112 1849 1762 1677 1592 1510,1678 1428 1348 1269 1427 1509 1591 1676 1761 1848 1935 2023 2111 2201 2290 2289 2200 2110 2022 1934 1847 1760 1675 1590 1933 2021 2109 2199 2288 2379 2378 2287 2198 2020 2108 2197 2286 2377 2467 2558 2468 2559 2469 2380 2470 2560 2649 2648,3011 2739 2828 3007 2918 2827 2738 2647 2557 2466 2376 2465 2556 2646 2737 2826 2917 3006 3096 3097 3184 3272 3358 3445 3614 3529 3444 3357 3271 3183 3095 3005 2916 2825 2736 2645 2555 2644 2735 2824 2915 3004 3094,3183 3182 3270 3356 3443 3528 3613 3612 3527 3442 3355 3269 3181 3093 2914 3003 3092 3180 3268 3354 3441 3267 3353 3440 3525 3609 3691 3773 3853,3606 3932 3774 3692 3610 3526 3611 3693 3775 3854 3933 4009 4085 4158 4229,4428 4157 4084 4008 3931 3852 3772 3690 3851 3930 4007 4083,4293 4156 4228 4297 4365 4430 4493 4429 4364 4296 4227 4155,3519 4082 4006 4081 4154 4226 4295 4363 4428 4492 4553 4612,4665 4667 4721 4611 4552 4491 4427 4362 4294 4225 4153 4224,3602 4293 4361 4426 4490 4551 4610 4666 4720 4771 4820 4770,4496 4719 4665 4609 4550 4489 4425 4360 4292 4359 4424 4488,4941 4549 4608 4664 4718 4769 4819 4864 4818 4863 4817 4767,5200 4716 4768 4717 4663 4607 4548 4487 4423 4547 4486 4422,4065 4485 4546 4606 4662 4661 4605 4545 4484 4544 4604 4660,4063 4715 4766 4816 4862 4905 4861 4815 4765 4714 4659 4603,2623 4543 4481 4542 4602 4658 4713 4764 4814 4860 4903 4859,4801 4813 4858 4812 4763 4712 4657 4601 4541 4480 4415 4479,3582 4540 4600 4656 4711 4762 4811 4761 4710 4655 4599 4709,4130 4654 4598 4538 4539 4478 4414 4348 4413 4477 4476 4412,4644 4347 4279 4209 4278 4346 4411 4475 4537 4597 4653 4596,4931 4536 4474 4410 4344 4345 4277 4208 4136 3986 4062 4135,3058 4207 4276 4275 4206 4134 4061 3985 3908 3907 3828 3748,2607 3665 3747 3827 3906 3984 4060 4133 4059 3983 3905 3826,2253 3746 3664 3582 3411 3496 3581 3663 3745 3825 3662 3580,1975 3495 3410 3323 3148 3236 3322 3409 3494 3579 3493 3408,1818 3321 3235 3147 3059 2969 3058 3146 3234 3320 3233 3145,1971 3057 2968 2879 2789 2788 2699 2608 2698 2787 2878 2967,2325 3056 2966 2877 2786 2697 2607 2518 2427 2428 2338 2247,868 2158 2068 1981 1893 1980 1892 1805 1891 1979 2067 2157,1647 2246 2337 2336 2426 2517 2606 2696 2605 2516 2425 2335,1299 2244 2245 2156 2066 1978 1804 1633 1718 1719 1806 1551,1000 1634 1550 868 737 675 615 674 614 503 557 502 400 450 501 556 612 672 673 734 799 864,501 933 932 863 798 797 733 671 611 555 500 449 399 353 309 268 228 159 192 227 266 307 267 308 352 398 448 499 554 553 498 447 397 351 306 350,553 396 446 395 349 305 265 226 191 158 129 78 101 128 157 190 225 264 304 348 347 303 263 224 189 156 127 100 77 55 76 99 126 155 188 223 262 302 301 261 222 187 154 125 98 75 54 74,154 96 97 124 153 186 221 260 300 299 259 220 185 152 123 122 150 151 184 219 258 298 342 341 297 257 218 183 217 256 296 339 340 386 385 485 434 384 433 484 538 594 653 713 652 593 537 483 432,339 383 338 295 255 182 216 254 294 337 382 431 481 535 591 650 482 536 592 651 712 776 841 908 840
mink_rooted_ILP,GW191222_033537_640.txt,100,10,10,640,640,36,33,0.091901,7203.27,true,1971 3057 2968 2879 2789 2788 2699 2608 2698 2787 2878 2967,3582 4540 4600 4656 4711 4762 4811 4761 4710 4655 4599 4709,3011 2739 2828 3007 2918 2827 2738 2647 2557 2466 2376 2465 2556 2646 2737 2826 2917 3006 3096 3097 3184 3272 3358 3445 3614 3529 3444 3357 3271 3183 3095 3005 2916 2825 2736 2645 2555 2644 2735 2824 2915 3004 3094,2253 3746 3664 3582 3411 3496 3581 3663 3745 3825 3662 3580,3519 4082 4006 4081 4154 4226 4295 4363 4428 4492 4553 4612,4293 4156 4228 4297 4365 4430 4493 4429 4364 4296 4227 4155,1678 1428 1348 1269 1427 1509 1591 1676 1761 1848 1935 2023 2111 2201 2290 2289 2200 2110 2022 1934 1847 1760 1675 1590 1933 2021 2109 2199 2288 2379 2378 2287 2198 2020 2108 2197 2286 2377 2467 2558 2468 2559 2469 2380 2470 2560 2649 2648,3058 4207 4276 4275 4206 4134 4061 3985 3908 3907 3828 3748,4063 4715 4766 4816 4862 4905 4861 4815 4765 4714 4659 4603,553 396 446 395 349 305 265 226 191 158 129 78 101 128 157 190 225 264 304 348 347 303 263 224 189 156 127 100 77 55 76 99 126 155 188 223 262 302 301 261 222 187 154 125 98 75 54 74,4065 4485 4546 4606 4662 4661 4605 4545 4484 4544 4604 4660,1975 3495 3410 3323 3148 3236 3322 3409 3494 3579 3493 3408,594 775 711 774 710 773 838 839 907 976 1048 1196 1120 1047 975 906 905 974 1045 1046 1119 1195 1272 1351 1594 1512 1430 1350 1271 1194 1118 1117 1193 1270 1349 1429 1511 1593 1678 1763 1850 1936 2024 2112 1849 1762 1677 1592 1510,2607 3665 3747 3827 3906 3984 4060 4133 4059 3983 3905 3826,5200 4716 4768 4717 4663 4607 4548 4487 4423 4547 4486 4422,2623 4543 4481 4542 4602 4658 4713 4764 4814 4860 4903 4859,4801 4813 4858 4812 4763 4712 4657 4601 4541 4480 4415 4479,3183 3182 3270 3356 3443 3528 3613 3612 3527 3442 3355 3269 3181 3093 2914 3003 3092 3180 3268 3354 3441 3267 3353 3440 3525 3609 3691 3773 3853,4496 4719 4665 4609 4550 4489 4425 4360 4292 4359 4424 4488,4941 4549 4608 4664 4718 4769 4819 4864 4818 4863 4817 4767,501 933 932 863 798 797 733 671 611 555 500 449 399 353 309 268 228 159 192 227 266 307 267 308 352 398 448 499 554 553 498 447 397 351 306 350,3602 4293 4361 4426 4490 4551 4610 4666 4720 4771 4820 4770,154 96 97 124 153 186 221 260 300 299 259 220 185 152 123 122 150 151 184 219 258 298 342 341 297 257 218 183 217 256 296 339 340 386 385 485 434 384 433 484 538 594 653 713 652 593 537 483 432,339 383 338 295 255 182 216 254 294 337 382 431 481 535 591 650 482 536 592 651 712 776 841 908 840,1647 2246 2337 2336 2426 2517 2606 2696 2605 2516 2425 2335,2325 3056 2966 2877 2786 2697 2607 2518 2427 2428 2338 2247,4644 4347 4279 4209 4278 4346 4411 4475 4537 4597 4653 4596,4665 4667 4721 4611 4552 4491 4427 4362 4294 4225 4153 4224,3606 3932 3774 3692 3610 3526 3611 3693 3775 3854 3933 4009 4085 4158 4229,868 2158 2068 1981 1893 1980 1892 1805 1891 1979 2067 2157,4931 4536 4474 4410 4344 4345 4277 4208 4136 3986 4062 4135,1818 3321 3235 3147 3059 2969 3058 3146 3234 3320 3233 3145,4428 4157 4084 4008 3931 3852 3772 3690 3851 3930 4007 4083,1299 2244 2245 2156 2066 1978 1804 1633 1718 1719 1806 1551,1000 1634 1550 868 737 675 615 674 614 503 557 502 400 450 501 556 612 672 673 734 799 864,4130 4654 4598 4538 4539 4478 4414 4348 4413 4477 4476 4412
mink_rooted_annealing,GW191222_033537_640.txt,100,10,10,640,640,38,38,0.0729279,7.0532,true,-2 347 303 262 223 188 155 126 99 76 55 75 54 74 96 122 150 182 216 254 294 337 382 431 481 535 591 650 711 775 840 907 976 1048 1120 1196 1272 1195 1271 1350 1429 1511 1593 1678 1594 1512 1430,-2 594 538 484 433 383 432 483 537 482 536 592 651 712 776 841 908 839 774 710 773 838 906 975 1047 1046 1119 1194 1118 1193 1269 1348 1428 1510 1592 1677 1762 1849 1936 2024 2112 2201 2111 2023 1935 1848 1761 1676 1591 1509 1427,-2 3097 3007 2918 2828 2739 2738 2827 2917 3006 3095 3005 2916 2826 2736 2646 2556 2466 2376 2286 2197 2108 2198 2287 2378 2468 2559 2469 2560 2470 2380 2289 2379 2288 2199 2109 2021 1933 1847 1760 1675 1934 2022 2110 2200,-2 3445 3358 3272 3184 3096 2557 2467 2377 2020 1590 1117 1045 974 905 652 593 653 485 434 385 340 386 341 297 257 258 298 342 299 259 220 221 260 300 301 261 222 187 154 125 98 124 153 186,-2 159 192 227 266 306 350 305 349 395 348 304 264 265 226 191 158 129 78 101 128 157 190 225 263 224 189 156 127 100 77 97 123 152 185 219 184 151 183 217 255 295 338 384 339 296 256 218,-2 713 1351 1270 1349 1763 1850 2290 2649 2648 2558 2647 2737 2645 2465 2555 2644 2735 2824 2914 3003 3092 3180 3268 3267 3354 3355 3269 3181 3093 3004 2915 2825 3183 3271 3094 3182 3270 3356 3443,-2 302 446 396 397 351 307 267 228 268 308 352 398 448 447 498 553 554 499 500 555 611 671 733 672 612 556 501 449 399 353 400 450 502 557,-2 674 673 734 798 797 614 503 309 3357 3444 3529 3614 3613 3528 3442 3527 3612 3693 3611 3526 3441 3353 3440 3525,-2 4293 3691 3609 3610 3692 3774 3775 863 932 864 799 615 675,-2 1978 2066 2335 2966 3145 3234 3745 3828 4411 4812,-2 1891 1805 1806 2336 2426 2427 2518 2607 2697 2878 2787,-2 3493 3826 4062 4709 4710 4764 4814 4766 4715 4660,-2 4009 4227 4362 4427 4491 4607 4484 4545 4714 4816 4905,-2 4600 4540 4480 4541 4656 4811 4761 4598 4413 4348 4275,-2 1893 1981 2247 2337 2517 2698 2786 2877 2967 3057 3233,-2 2428 2879 3322 4206 4134 3986 4659 4603 4602 4542,-2 4664 4718 4767 4861 4860 4859 4813 4763 4711 4479 4415,-2 868 3321 3409 3410 3496 3664 4208 4277 4345 4475 4537,-2 4085 4228 4364 4666 4548 4487 4423 4547 4606 4716 4815,-2 737 1633 3059 3147 3235 4060 4596 4476 4278 4207,-2 4430 4820 4665 4719 4713 4658 4599 4539 4477 3905,-2 3933 3854 3932 4008 3852 3772 3851 3930 4295 4224 4425,-2 4717 4768 4863 4818 4819 4771 4721 4667 4612 4553 4297,-2 2158 2788 2969 3058 3748 3985 3827 3747 3580 3494,-2 4296 4424 4662 4765 4712 4654 4601 4604 4605 4422,-2 4493 4428 4363 4490 4426 4226 4082 4083 4156 4229 4158,-2 4858 4538 4412 4347 4209 4410 3907 3411 3408 3320,-2 4279 4344 4276 4135 3746 3581 2968 2338 2067 2156,-2 2425 2244 1804 1719 2606 2696 2789 3146 3983 3984,-2 933 1550 1718 1892 1980 2068 2157 2516 2605 3056 3148,-2 3853 4155 4006 4081 4153 4360 4489 4550 4609 4549 4608,-2 3582 3825 4061 4136 4414 4478 4657 4661 4663 4769 4770,-2 3690 4084 4154 4225 4294 4486 4544 4817 4551 4610,-2 1551 1634 1979 2245 2608 2699 3323 3662 3665 4133,-2 3579 3495 3906 4059 4597 4655 4762 4903 4862 4546,-2 3236 4359 4292 4361 4864 4611 4552 4492 4429 4157,-2 3663 3908 4474 4536 4346 4481 4543 4488 4720 3773,-2 3931 4007 4365 4485 4653 2246
mink_rooted_greedy,GW200128_022011_680.txt,100,10,10,680,680,40,40,0.0857275,0.0480876,true,1353 1123 1050 1122 1198 1275 1354 1434 1516 1598 1683 1768 1855 1941 2029 2117 2028 2116 2206 2295 2294 2205 2115 2027 2026 2114 2204 2293 2384 2385 2475 2565 2474 2564 2653 2654 2744 2833 2834 2924 3013 3102 3190 3189 3277 3363 3450 3535,3861 3619 3940 3861 3782 3700 3618 3534 3449 3362 3276 3188 3187 3275 3361 3448 3533 3617 3699 3781 3860 3939 4016 4091 4163 4234 4302 4369 4433 4496,4496 4432 4367 4431 4495 4556 4615 4670 4614 4555 4494 4430,4428 4298 4297 4429 4493 4554 4613 4669 4723 4773 4772 4722,4665 4668 4612 4553 4492 4428 4491 4552 4611 4667 4721 4771,4293 4720 4666 4610 4551 4550 4609 4665 4719 4770 4819 4864,4941 4863 4818 4769 4718 4664 4608 4549 4607 4663 4768 4717,3602 4662 4606 4605 4661 4716 4767 4817 4862 4816 4766 4715,4065 4660 4604 4544 4543 4603 4659 4714 4765 4815 4860 4814,5200 4764 4713 4658 4602 4542 4481 4416 4480 4541 4601 4657,4063 4656 4600 4540 4479 4415 4350 4282 4478 4414 4349 4281,3582 4212 4140 4066 4139 4211 4280 4348 4413 4477 4538 4598,4130 4539 4599 4655 4710 4711 4762 4812 4712 4763 4813 4859,4801 4903 4944 4904 4861 4905 4945 4906 4946 4907 4947 4948,4435 4908 4865 4820 4909 4866 4821 4867 4822 4823 4774 4724,4235 4671 4557 4497 4434 4370 4303 4015 4090 4162 4233 4301 4368 4300 4232,3779 4161 4089 4014 3938 3859 3780 3615 3531 3446 3359 3185 3273 3360 3447 3274 3186 3098 3008 2920 3009 3099 3010 2921 2830 2741 2740 2650 2561 2471 2381 2291 2202 2382 2562 2651 2742 2831 2922 3011 3100 3101,3011 3012 2923 2832 2743 2652 2563 2472 2473 2383 2292 2203 2113 2025 1938 1851 1764 1852 1765 1680 1595 1513 1273 1352 1432 1514 1596 1681 1766 1853 1939 1940 1854 1767 1682 1597 1515 1433 1353 1274 1197 1121 1049 978 909 841 777 714 653,594 594 538 484 539 595 485 434 339 296 257 219 185 153 125 126 155 188 223 262 224 189 156 127 128 157 190 225 226 191 158 159 192 227 267 228 229 310 400 450 502 614,501 503 558 616 615 675 738 802 869 937 1008 1080 1155,868 1231 1389 1471 1553 1637 1554 1638 1723 1809 1722 1808,2607 1894 1982 2070 2248 2339 2160 2249 2340 2429 2520 2430,2253 2341 2250 2161 2071 1983 1895 1896 1984 2072 2162 2251,3058 2342 2431 2522 2612 2703 2792 2883 2793 2973 3063 3152,1818 3240 3327 3414 3415 3500 3585 3667 3749 3829 3909 3910,2623 3830 3750 3668 3586 3669 3751 3831 3911 3832 3912 3989,4644 4065 4138 4210 4279 4347 4412 4476 4346 4278 4209 4137,1996 4064 3988 3987 4063 4136 4208 4062 3986 3985 3908 3828,1647 3748 3666 3584 3499 3413 3498 3583 3665 3582 3497 3412,1908 3325 3326 3239 3151 3062 2972 3061 3150 3238 3324 3411,1975 3323 3237 3149 3148 3060 2971 2882 2791 2702 2611 2521,1971 2610 2701 2790 2881 2970 3059 2880 2789 2700 2699 2609,2325 2519 2428 2338 2247 2158 2159 2069 1981 1893 1806 1719,1000 1634 1550 1468 1386 1307 1228 1152 1005 867 935 1006,1299 1078 1153 1229 1308 1387 1469 1551 1635 1720 1807 1721,199 1636 1552 1470 1388 1309 1230 1154 1079 1007 936 868,553 801 737 866 800 736 674 735 673 613 557 501 556 612 555 500 449 399 353 309 268,159 308 352 398 448 499 498 446 396 350 447 397 351 307 266 306 265 305 349 395 394 348 304 264 263 303 347 393 392 346 302 391 345 301 261 222 187 154 186 221 260 300 344 390,438 439 389 343 299 259 220 258 298 342 388 438 489 543 488 437 387 341 297 340 386 436 487 542 598 657 597 541 486 435 385 540 596 656 717 781 913 845 780 716 655 654 715 779 844 912 981 1125 1052 980,1204 911 843 778 842 910 979 1051 1124 1200 1277 1356 1599 1517 1435 1355 1276 1199
mink_rooted_ILP,GW200128_022011_680.txt,100,10,10,680,680,40,37,0.0857275,7203.89,true,1971 2610 2701 2790 2881 2970 3059 2880 2789 2700 2699 2609,159 308 352 398 448 499 498 446 396 350 447 397 351 307 266 306 265 305 349 395 394 348 304 264 263 303 347 393 392 346 302 391 345 301 261 222 187 154 186 221 260 300 344 390,3582 4212 4140 4066 4139 4211 4280 4348 4413 4477 4538 4598,3011 3012 2923 2832 2743 2652 2563 2472 2473 2383 2292 2203 2113 2025 1938 1851 1764 1852 1765 1680 1595 1513 1273 1352 1432 1514 1596 1681 1766 1853 1939 1940 1854 1767 1682 1597 1515 1433 1353 1274 1197 1121 1049 978 909 841 777 714 653,2253 2341 2250 2161 2071 1983 1895 1896 1984 2072 2162 2251,4435 4908 4865 4820 4909 4866 4821 4867 4822 4823 4774 4724,4293 4720 4666 4610 4551 4550 4609 4665 4719 4770 4819 4864,3058 2342 2431 2522 2612 2703 2792 2883 2793 2973 3063 3152,4063 4656 4600 4540 4479 4415 4350 4282 4478 4414 4349 4281,553 801 737 866 800 736 674 735 673 613 557 501 556 612 555 500 449 399 353 309 268,3861 3619 3940 3861 3782 3700 3618 3534 3449 3362 3276 3188 3187 3275 3361 3448 3533 3617 3699 3781 3860 3939 4016 4091 4163 4234 4302 4369 4433 4496,4065 4660 4604 4544 4543 4603 4659 4714 4765 4815 4860 4814,1975 3323 3237 3149 3148 3060 2971 2882 2791 2702 2611 2521,594 594 538 484 539 595 485 434 339 296 257 219 185 153 125 126 155 188 223 262 224 189 156 127 128 157 190 225 226 191 158 159 192 227 267 228 229 310 400 450 502 614,1996 4064 3988 3987 4063 4136 4208 4062 3986 3985 3908 3828,2607 1894 1982 2070 2248 2339 2160 2249 2340 2429 2520 2430,5200 4764 4713 4658 4602 4542 4481 4416 4480 4541 4601 4657,2623 3830 3750 3668 3586 3669 3751 3831 3911 3832 3912 3989,4801 4903 4944 4904 4861 4905 4945 4906 4946 4907 4947 4948,4496 4432 4367 4431 4495 4556 4615 4670 4614 4555 4494 4430,4235 4671 4557 4497 4434 4370 4303 4015 4090 4162 4233 4301 4368 4300 4232,4941 4863 4818 4769 4718 4664 4608 4549 4607 4663 4768 4717,501 503 558 616 615 675 738 802 869 937 1008 1080 1155,3602 4662 4606 4605 4661 4716 4767 4817 4862 4816 4766 4715,1647 3748 3666 3584 3499 3413 3498 3583 3665 3582 3497 3412,1353 1123 1050 1122 1198 1275 1354 1434 1516 1598 1683 1768 1855 1941 2029 2117 2028 2116 2206 2295 2294 2205 2115 2027 2026 2114 2204 2293 2384 2385 2475 2565 2474 2564 2653 2654 2744 2833 2834 2924 3013 3102 3190 3189 3277 3363 3450 3535,2325 2519 2428 2338 2247 2158 2159 2069 1981 1893 1806 1719,4644 4065 4138 4210 4279 4347 4412 4476 4346 4278 4209 4137,4665 4668 4612 4553 4492 4428 4491 4552 4611 4667 4721 4771,868 1231 1389 1471 1553 1637 1554 1638 1723 1809 1722 1808,438 439 389 343 299 259 220 258 298 342 388 438 489 543 488 437 387 341 297 340 386 436 487 542 598 657 597 541 486 435 385 540 596 656 717 781 913 845 780 716 655 654 715 779 844 912 981 1125 1052 980,1818 3240 3327 3414 3415 3500 3585 3667 3749 3829 3909 3910,4428 4298 4297 4429 4493 4554 4613 4669 4723 4773 4772 4722,199 1636 1552 1470 1388 1309 1230 1154 1079 1007 936 868,1299 1078 1153 1229 1308 1387 1469 1551 1635 1720 1807 1721,1908 3325 3326 3239 3151 3062 2972 3061 3150 3238 3324 3411,1000 1634 1550 1468 1386 1307 1228 1152 1005 867 935 1006,4130 4539 4599 4655 4710 4711 4762 4812 4712 4763 4813 4859,1204 911 843 778 842 910 979 1051 1124 1200 1277 1356 1599 1517 1435 1355 1276 1199,3779 4161 4089 4014 3938 3859 3780 3615 3531 3446 3359 3185 3273 3360 3447 3274 3186 3098 3008 2920 3009 3099 3010 2921 2830 2741 2740 2650 2561 2471 2381 2291 2202 2382 2562 2651 2742 2831 2922 3011 3100 3101
mink_rooted_annealing,GW200128_022011_680.txt,100,10,10,680,680,41,41,0.0730587,7.93732,true,-2 391 345 390 439 389 343 388 437 488 542 598 657 597 541 486 540 485 539 484 538 594 653 714 778 843 911 979 910 842 777 841 909 978 1050 1123 1199 1276 1355 1435 1517 1599 1516 1598 1683 1768 1855,-2 654 715 779 844 912 981 980 1052 1125 1124 1200 1277 1356 1434 1354 1275 1198 1274 1353 1433 1515 1597 1682 1767 1854 1941 2029 2117 2206 2116 2028 1940 1853 1766 1681 1596 1514 1432 1352 1513 1595 1680 1765 1852 1938 2026 2114 2203 2292 2382,-2 3535 3450 3363 3277 3189 3102 3013 2924 2834 2744 2654 2565 2475 2385 2295 2294 2205 2115 2204 2293 2383 2472 2562 2471 2381 2291 2202 2113 2025 1851 1764 1273 1197 1121 1049 1122 913 845 780 716 655 596 656 717 781,-2 3615 3531 3446 3359 3273 3360 3274 3186 3098 3009 2920 2830 2741 2651 2742 2652 2563 2473 2384 2474 2564 2653 2743 2833 2923 3012 3101 3011 3100 3188 3276 3362 3449 3534 3618 3533 3448 3361 3275 3187 3099 3010 2921 2831 2922 2832,-2 159 158 191 190 157 128 127 156 189 224 263 303 347 393 392 346 302 262 223 188 155 126 125 154 187 222 261 301 344 300 260 221 186 153 185 220 259 299 342 298 258 219 257 297 341 386 436 487,-2 339 296 340 385 434 435 387 543 489 438 394 348 304 264 225 226 265 305 349 395 446 396 350 306 266 227 192 228 267 307 351 397 447 498 499 448 398 352 308 268 229 309,-2 3861 3940 4016 4091 4015 3938 3859 3780 3860 3939 3619 3700 3782 3781 3699 3617 3447 3185 3008 2740 2650 2561 2027 1939 1051 595 555 500 449 399 450 400 310 353,-2 503 502 501 557 613 673 612 556 3190 4090 4163 4303 4302 4234 4162 4233 4161 4089 4014,-2 4601 4541 4480 4416 4281 4212 4140 3751 3415 3500 3585,-2 735 674 614 736 737 1007 937 1008 1080 1155 1231 1389,-2 1634 1720 1807 1637 1722 1809 1895 1982 2248 2249 3237,-2 4370 4433 4301 4232 4431 4494 4429 4773 4718 4607,-2 4497 4557 4615 4671 4823 4608 4663 4717 4769 4866 4909,-2 3828 3748 3908 3985 4346 4655 4710 4944 4904 4813 4763,-2 1808 1894 1896 1984 2340 2429 2609 2700 2789 3059 2880,-2 558 615 675 801 868 1468 1550 2430 2521 2611 2702,-2 4903 4658 4715 4770 4772 4722 4668 4612 4492 4552 4611,-2 1386 1471 2070 2160 2251 2342 2793 3152 3151 3062 2883,-2 4300 4432 4495 4556 4555 4614 4723 4553 4428 4768 4716,-2 616 1152 1079 1719 2610 2881 2970 3669 3832 3912,-2 4550 4609 4665 4820 4860 3582 3497 3411 3323 3060,-2 4865 4863 4906 4817 4767 4605 4544 4603 4659 4814 4812,-2 3989 4065 4138 3988 3911 3326 3413 3498 3583 3665 3666,-2 802 1552 1723 1983 2338 2428 2519 2699 3239 2973,-2 4496 4554 4613 4822 4867 4821 4771 4720 4819 4606 4662,-2 4948 4947 4862 4815 4762 4598 4538 3831 2971 3749,-2 4946 4945 4905 4711 4656 4600 4540 4209 2790 3061,-2 4434 4670 4669 4721 4864 4907 4818 4816 4765 4714 4660,-2 3327 3414 4136 4208 4278 4412 4476 4477 4599 4415 4282,-2 935 1229 1308 1309 1388 1470 2162 2612 2703 2972 3150,-2 4604 4543 4602 4479 4139 3499 3063 3238 3324 3412,-2 3909 3830 3668 3586 2792 2701 2339 2158 2159 2071 1638,-2 3986 4062 4211 4349 4350 4766 4661 4666 4551 4491,-2 800 1153 1307 1387 1469 1551 1635 1806 1893 1981 2069,-2 3148 2882 3149 3325 3829 4063 4539 4481 4542 4713 4712,-2 2791 3667 3750 3910 4210 4279 4348 4413 4478 4764 4859,-2 2341 2431 2522 2250 2161 1636 1230 1154 1078 936 869,-2 4610 4549 4664 4719 4667 4493 4430 4297 4298 4367 4368,-2 4657 4414 4347 4137 4064 3987 3584 3240 4066 4280,-2 866 867 738 1228 1553 1554 1721 2247 2072 2520,-2 4369 4724 4774 4908 4861 1006 1005
mink_rooted_greedy,GW200208_222617_766.txt,100,10,10,766,766,42,42,0.0899948,0.0601939,true,4130 4053 4126 4198 4267 4197 4334 4335 4401 4336 4268 4199 4127 4054 3978 3901 3822 3742 3902 3979 4055 4128 4200 4269 4337 4402 4466 4527 4588 4528 4467 4403 4338 4270 4201 4129 4056 3980 4057 4130 4202 4271 4339 4404 4468 4529 4589 4645 4644,4644 4700 4752 4701 4646 4590 4530 4469 4405 4340 4272 4203 4273 4341 4406 4470 4531 4591 4647 4702 4753 4803 4849 4894 4895 4935 4975 4936 4976 5011 5044 5045 5012 4977 4937 4896 4852 4806 4756 4705 4650 4594 4534 4473 4409 4344 4343 4408 4472 4533,4063 4593 4649 4704 4755 4805 4851 4850 4804 4754 4703 4648 4592 4532 4471 4407 4342 4274 3583 3153 4346 4410 4474 4535 4595 4651 4706 4757 4807 4853 4897 4938 4898 4854 4808 4758 4707 4652 4596 4536 4597 4653 4708 4759 4809 4855,4941 4899 4939 4978 5013 5046 5075 5076 5047 5014 4979 4940 4900 4856 4810 4760 4709 4654 4598 4599 4655 4710 4761 4811 4857 4901 4941 4980 5015 5048 5077 5049 5016 4981 4943 4903 4904 4861 4816 4766 4715 4661 4606 4547 4546 4605,4665 4660 4659 4714 4765 4815 4860 4814 4764 4713 4658 4601 4657 4712 4763 4813 4859 4942 4902 4858 4812 4762 4711 4656 4600 4069 4068 3506 3507 2352 3077 2539,822 1028 889 198 235 1085 1395 1476 2073 1386 738 675 737 801 1799 2149 2239 2328 2419 2509 2600 2689,1975 2690 2780 2869 2870 2871 2960 3049 3050 2961 2781 2601 2692 2782 2872 2962 3051 3140 3228 3139 3227 3226 3138 3048 3137 3225 3313 3399 3486 3400 3314 3401 3571 3572 3487 3402 3315 3229 3316 3403 3488 3573 3655 3737 3736 3654 3570,3811 3485 3398 3312 3224 3136 3047 2959 2868 2779 2688 2599 2508 2598 2507 2418 2327 2238 2148 2060 2059 2147 2237 2326 2417 2416 2506 2597 2686 2776 2596 2505 2595 2685 2775 2684 2594 2504 2414 2323 2234 2056 1968 1969 2057,2325 2145 2235 2324 2415 2325 2236 2146 2058 1970 1626 1883 1882 1881 1068 1141 1217 1216 1140 1067 995,552 926 793 667 607 550 495 443 393 392 346 302,154 262 222 221 186 153 152 151 183 150 182 181,214 215 253 293 336 381 430 380 335 292 252 291,90 334 379 428 478 531 587 646 706 645 705 768,832 833 900 968 969 1040 1112 1187 1263 1342 1421 1503,1503 1585 1669 1754 1841 1928 2017 2105 2195 2284 2283 2194,1671 2104 2016 1927 2015 2103 2192 2281 2193 2282 2373 2372,2730 2461 2371 2460 2551 2640 3176 2820 2731 2641 2552 2462,3004 2553 2642 2643 2554 2463 2374 2464 2375 2285 2196 2106,1505 2018 1930 1844 1757 1672 1588 1506 1424 1673 1758 1845,1848 1932 1931 2019 2107 2197 2108 2020 1933 1846 1759 1674,972 1589 1507 1425 1345 1266 1189 1265 1344 1423 1505 1587,1259 1671 1756 1843 1929 1842 1755 1670 1586 1504 1422 1343,700 1264 1188 1113 1041 1114 1190 1267 1346 1426 1508 1590,1678 1591 1509 1427 1347 1268 1191 1115 1042 970 901 769,700 834 902 971 1043 1116 1192 1269 1348 1428 1510 1193,1353 1117 1044 972 903 835 770 707 771 836 904 973,594 1045 1118 974 905 837 772 708 647 588 532 533,339 589 648 709 773 838 906 839 774 710 649 590,438 534 479 429 480 481 535 591 650 711 775 651,343 592 536 482 431 382 337 294 254 216 255 295,126 338 383 432 483 537 652 593 538 484 433 384,1204 434 485 539 540 385 435 486 541 542 487 436,851 386 340 339 296 256 217 218 257 297 341 387,549 437 488 543 544 489 438 388 342 298 258 219,159 184 185 220 259 299 343 389 439 490 545 601,1286 661 662 602 546 491 440 390 344 300 260 261,553 301 345 391 441 492 547 603 663 664 604 548,1533 493 442 494 549 605 665 726 790 789 855 923,1000 1065 993 924 856 791 727 666 606 728 792 857,1299 925 994 1066 1139 1215 2049 2944 3033 3122 3210 2664 2840 3198,4793 4688 4741 4333 4195 4124 4123 3973 4049 3974 3895 3816 3734 3652 3568 3483 3310 3222 3134 3044 2955 2865 2956 3045 2957 2866 2777 2687 2778 2867 2958 3046 3135 3223 3311 3397 3484 3569 3653 3735 3817 3896 4050 3897 3818 3738,3058 3656 3574 3489 3404 3490 3575 3657 3739 3819 3898 3975 4051 4196 4125 4052 3976 3899 3820 3740 3658 3576 3491 3406 3577 3659 3741 3821 3900 3977
mink_rooted_ILP,GW200208_222617_766.txt,100,10,10,766,766,42,39,0.0899948,7204.51,true,1533 493 442 494 549 605 665 726 790 789 855 923,159 184 185 220 259 299 343 389 439 490 545 601,4793 4688 4741 4333 4195 4124 4123 3973 4049 3974 3895 3816 3734 3652 3568 3483 3310 3222 3134 3044 2955 2865 2956 3045 2957 2866 2777 2687 2778 2867 2958 3046 3135 3223 3311 3397 3484 3569 3653 3735 3817 3896 4050 3897 3818 3738,343 592 536 482 431 382 337 294 254 216 255 295,700 1264 1188 1113 1041 1114 1190 1267 1346 1426 1508 1590,1678 1591 1509 1427 1347 1268 1191 1115 1042 970 901 769,3058 3656 3574 3489 3404 3490 3575 3657 3739 3819 3898 3975 4051 4196 4125 4052 3976 3899 3820 3740 3658 3576 3491 3406 3577 3659 3741 3821 3900 3977,4063 4593 4649 4704 4755 4805 4851 4850 4804 4754 4703 4648 4592 4532 4471 4407 4342 4274 3583 3153 4346 4410 4474 4535 4595 4651 4706 4757 4807 4853 4897 4938 4898 4854 4808 4758 4707 4652 4596 4536 4597 4653 4708 4759 4809 4855,553 301 345 391 441 492 547 603 663 664 604 548,1286 661 662 602 546 491 440 390 344 300 260 261,1975 2690 2780 2869 2870 2871 2960 3049 3050 2961 2781 2601 2692 2782 2872 2962 3051 3140 3228 3139 3227 3226 3138 3048 3137 3225 3313 3399 3486 3400 3314 3401 3571 3572 3487 3402 3315 3229 3316 3403 3488 3573 3655 3737 3736 3654 3570,594 1045 1118 974 905 837 772 708 647 588 532 533,3004 2553 2642 2643 2554 2463 2374 2464 2375 2285 2196 2106,1671 2104 2016 1927 2015 2103 2192 2281 2193 2282 2373 2372,700 834 902 971 1043 1116 1192 1269 1348 1428 1510 1193,90 334 379 428 478 531 587 646 706 645 705 768,1505 2018 1930 1844 1757 1672 1588 1506 1424 1673 1758 1845,972 1589 1507 1425 1345 1266 1189 1265 1344 1423 1505 1587,4941 4899 4939 4978 5013 5046 5075 5076 5047 5014 4979 4940 4900 4856 4810 4760 4709 4654 4598 4599 4655 4710 4761 4811 4857 4901 4941 4980 5015 5048 5077 5049 5016 4981 4943 4903 4904 4861 4816 4766 4715 4661 4606 4547 4546 4605,3811 3485 3398 3312 3224 3136 3047 2959 2868 2779 2688 2599 2508 2598 2507 2418 2327 2238 2148 2060 2059 2147 2237 2326 2417 2416 2506 2597 2686 2776 2596 2505 2595 2685 2775 2684 2594 2504 2414 2323 2234 2056 1968 1969 2057,851 386 340 339 296 256 217 218 257 297 341 387,154 262 222 221 186 153 152 151 183 150 182 181,339 589 648 709 773 838 906 839 774 710 649 590,1353 1117 1044 972 903 835 770 707 771 836 904 973,126 338 383 432 483 537 652 593 538 484 433 384,2325 2145 2235 2324 2415 2325 2236 2146 2058 1970 1626 1883 1882 1881 1068 1141 1217 1216 1140 1067 995,832 833 900 968 969 1040 1112 1187 1263 1342 1421 1503,1259 1671 1756 1843 1929 1842 1755 1670 1586 1504 1422 1343,552 926 793 667 607 550 495 443 393 392 346 302,4644 4700 4752 4701 4646 4590 4530 4469 4405 4340 4272 4203 4273 4341 4406 4470 4531 4591 4647 4702 4753 4803 4849 4894 4895 4935 4975 4936 4976 5011 5044 5045 5012 4977 4937 4896 4852 4806 4756 4705 4650 4594 4534 4473 4409 4344 4343 4408 4472 4533,4665 4660 4659 4714 4765 4815 4860 4814 4764 4713 4658 4601 4657 4712 4763 4813 4859 4942 4902 4858 4812 4762 4711 4656 4600 4069 4068 3506 3507 2352 3077 2539,822 1028 889 198 235 1085 1395 1476 2073 1386 738 675 737 801 1799 2149 2239 2328 2419 2509 2600 2689,438 534 479 429 480 481 535 591 650 711 775 651,549 437 488 543 544 489 438 388 342 298 258 219,214 215 253 293 336 381 430 380 335 292 252 291,2730 2461 2371 2460 2551 2640 3176 2820 2731 2641 2552 2462,1299 925 994 1066 1139 1215 2049 2944 3033 3122 3210 2664 2840 3198,1000 1065 993 924 856 791 727 666 606 728 792 857,4130 4053 4126 4198 4267 4197 4334 4335 4401 4336 4268 4199 4127 4054 3978 3901 3822 3742 3902 3979 4055 4128 4200 4269 4337 4402 4466 4527 4588 4528 4467 4403 4338 4270 4201 4129 4056 3980 4057 4130 4202 4271 4339 4404 4468 4529 4589 4645 4644,1204 434 485 539 540 385 435 486 541 542 487 436,1848 1932 1931 2019 2107 2197 2108 2020 1933 1846 1759 1674,1503 1585 1669 1754 1841 1928 2017 2105 2195 2284 2283 2194
mink_rooted_annealing,GW200208_222617_766.txt,100,10,10,766,766,44,44,0.0789129,10.4218,true,-2 2600 2690 2780 2870 2871 2961 3051 3140 3229 3316 3404 3489 3574 3656 3739 3819 3899 3976 4052 4125 4198 4267 4335 4401 4466 4527 4588 4645 4700 4752 4803 4849 4894 4935 4975 5011 4976 4937 4897 4853 4807 4757 4706 4651 4595 4535 4474 4410,-2 2145 2324 2504 2684 2775 2865 2956 3045 3134 3222 3310 3397 3483 3568 3652 3734 3816 3895 3974 4050 4051 3975 3898 3820 3740 3658 3741 3659 3742 3822 3902 3980 4057 4130 4203 4273 4342 4408 4472 4533 4471 4532 4592,-2 5076 5047 5075 5046 5013 4978 4939 4899 4855 4809 4759 4708 4653 4597 4596 4536 4344 4409 4473 4534 4594 4650 4705 4756 4806 4852 4896 4936 4895 4851 4805 4755 4703 4648 4591 4530 4590 4529 4468 4403 4337 4402 4336 4268 4199 4127,-2 4814 4764 4813 4763 4712 4711 4762 4812 4858 4902 4942 4981 5016 5048 5015 4980 5014 4979 4940 4900 4856 4810 4760 4709 4654 4652 4707 4758 4808 4854 4898 4938 4977 5012 5045 5044 4850 4804 4753 4701 4646 4589 4528 4467,-2 1970 2059 2148 2238 2328 2419 2509 2779 2869 2960 3049 3050 3139 3228 3315 3403 3488 3573 3655 3737 3896 3817 3973 4049 4124 4196 4197 4126 4053 3977 3900 3657 3575 3821 3901 3978 4055 4128 4200 4269 4338 4404 4469 4405,-2 1968 2057 2146 2058 2147 2237 2236 2325 2415 2595 2505 2596 2686 2777 2867 2958 3047 3137 3048 3138 3226 3227 3314 3402 3487 3572 3571 3654 3735 3653 3570 3485 3569 3484 3398 3311 3223 3135 3046 2957 2866 2776 2685,-2 4904 4943 4903 4859 4941 4901 4857 4811 4761 4710 4655 4599 4598 4593 4649 4704 4531 4470 4406 4341 4340 4272 4202 4271 4339 4270 4201 4129 4056 3979 3577 3406 3491 3576 3490 3401 3400 3486 3399 3312 3224 3136,-2 1883 1969 1882 2056 2234 2235 2326 2416 2506 2597 2687 2598 2507 2417 2327 2060 2149 2239 2418 2508 2599 2689 2688 2778 2868 2959 2601 2692 2782 2872 2781 3225 3313 3738 3818 3897 4195 4123,-2 3506 4068 4069 4660 4605 4661 4715 4766 4816 4861 4815 4860 4765 4714 4659 4713 4658 4601 4657 4656 4600 4346 4343 4274 4407 4647 4702 4754 4644 4334 4333 3044 2955 2594 2414 2323,-2 2944 3033 3122 3210 4688 4741 5077 5049 4606 4547 4546 3507 3153 3583 4054 3736 2962 2073 1476 1395 1386 1799 1626,-2 1881 2049 1216 793 728 549 605 606 607 737 675 738 801 1085,-2 492 435 385 485 483 430 479 478 532 587 646,-2 2554 2017 1929 1843 1757 1188 1040 969 1427 1192 974,-2 2352 770 647 531 431 337 383 384 338 181,-2 335 381 336 293 253 292 252 769 705 768 968,-2 495 261 222 259 389 388 342 298 258 710 652,-2 2552 2641 2551 2371 2463 1505 1504 1422 1343 1509,-2 393 443 494 663 924 993 1065 1067 1140 1139 1215,-2 2464 2018 1845 1758 1191 1116 905 709 429 254 294,-2 299 186 216 480 533 589 649 836 973 1117 1044,-2 1503 1585 2019 1844 1265 1426 1591 1268 645 970 1041,-2 2373 1344 972 482 537 484 340 436 387 544,-2 835 588 433 339 295 150 302 789 855 665,-2 343 543 296 153 346 604 667 792 925 790 856,-2 1118 1428 1348 1267 1346 1425 1345 1266 1421 1263 1264,-2 2462 2283 1754 1669 648 772 1114 1189 1424 1506,-2 534 535 481 708 771 834 902 971 1588 1672,-2 2375 1933 904 906 591 434 255 297 257 152,-2 3077 2553 2642 2372 2282 1587 1846 1930 2285 2196,-2 262 392 442 185 184 151 183 256 182 291 334,-2 1671 1510 1043 1115 1927 2103 2193 2281 2460 2640 2820,-2 926 994 603 602 661 601 545 487 493 548,-2 889 1028 2015 1928 1842 1755 1670 1756 1113 901 1042,-2 540 539 432 382 486 541 542 386 217 218 219,-2 2539 2192 2461 2643 2374 2195 2106 1931 2108 2020,-2 341 301 345 662 550 666 727 791 857 1217,-2 775 711 650 592 536 590 833 900 1187 1112,-2 1841 2104 2194 2197 1932 1759 1674 1590 1508 1269 1193,-2 2731 1673 1589 1507 1347 903 838 839 774 773 837,-2 726 1066 664 546 391 344 390 440 490 439 220,-2 1045 1190 707 651 593 547 923 995 1141 1068,-2 706 428 379 380 221 260 300 438 489 437 488,-2 3198 2840 1423 1342 1586 2107 2284 2105 2016,-2 3176 2664 538 215 491 441 198 235
mink_rooted_greedy,GW191219_163120_645.txt,100,10,10,645,645,36,36,0.176557,0.0585607,true,1647 1088 1016 945 877 810 746 683 566 624 684 747 811 878 946 1017 1089 1164 1240 1165 1090 1018 947 879 812 748 685 625 567 512 459 410 362 318 319 277 239 278 279 240 203 204 242 282 325 370 419 469 523,700 637 2110 2200 2289 2380 2469 2560 2650 2741 2830 2921,3011 3010 3100 3101 3011 2922 2831 2742 2651 2561 2470 2290,2472 2381 2471 2562 2652 2743 2832 2923 3012 3102 3013 2924,2746 2833 2744 2653 2564 2473 2383 2563 2472 2382 2291 2202,1848 2024 2025 2113 2203 2292 2293 2384 2474 2654 2745 2834,3861 3103 3014 2925 2835 2926 3015 3104 3105 3193 3281 3367,3710 3368 3455 3540 3625 3707 3789 3868 3947 4023 4098 4170,4440 4241 4309 4376 4440 4503 4563 4622 4678 4623 4564 4504,4565 4441 4377 4310 4242 4171 4099 4024 4100 4172 4243 4311 4378,4506 4442 4505 4565 4624 4679 4733 4680 4625 4567 4507 4444,4503 4566 4506 4443 4379 4312 4244 4313 4380 4445 4508 4568,4918 4626 4681 4734 4784 4783 4832 4877 4833 4785 4735 4682,4104 4627 4569 4628 4683 4736 4786 4834 4878 4920 4960 4921,4793 4879 4835 4787 4737 4684 4738 4788 4836 4880 4922 4961,5200 4998 5063 5032 4999 4962 4923 4881 4837 4789 4739 4740,4578 4790 4838 4882 4924 4963 4964 4925 4883 4839 4791 4742,4931 4792 4840 4884 4926 4965 4966 4927 4885 4841 4793 4794,4801 4842 4843 4887 4886 4928 4967 5004 5003 5035 5002 5001,4034 5034 5065 5092 5000 5033 5064 5091 5062 5031 4997 4959,4435 4996 4958 4919 4918 4875 4830 4876 4831 4782 4732 4731,4235 4677 4730 4676 4502 4439 4375 4308 4240 4169 4097 4022,2751 3946 3867 3788 3706 3624 3454 3539 3623 3705 3787 3866,3779 3945 4021 4096 4168 4239 4307 4374 4306 4238 4167 4095,4496 4020 3944 3865 3786 3704 3622 3538 3453 3366 3280 3192,3445 3191 3279 3365 3452 3537 3621 3703 3785 3864 3943 4019,3183 4094 4166 4018 3941 3942 3863 3784 3702 3620 3536 3451,3356 3364 3278 3190 3189 3277 3363 3450 3535 3619 3701 3783,3004 3618 3534 3449 3362 3276 3188 3275 3187 3099 3009 2920,3268 2829 2740 2739 2649 2559 2379 761 697 760 759 696 636 577 522 521 576 635 695 758 757 694 634 693 756,694 755 754 691 631 573 518 465 415 367 323 368 416 466 519 574 632 633 575 520 467 417 468 418 369 324 281 241 280 322 366 414 464 517 572 630 690 753 883 816 752 689 629 571 516 463 413 365 321,199 320 364 412 462 515 570 628 688 751 815 882 950 1021 1167 1092 1020 949 881 814 750 687 627 569 514 461 411 363 460 513 568 626 686 749 813 880 948 1019 1091 1166 1242 1399 1320 1241 1319 1398 1480 1562 1645 1561 1479,1818 1397 1318 1239 1317 1238 1162 1087 1015 944 876 809 875 943 1014 1086 1161 1237 1316 1395 1477 1559 1643 1727 1642 1558 1476 1394 1315 1236 1160 1085 1013 1159 1235 1314 1393 1475 1557 1641 1726 1812 1725 1640 1556 1474 1392 1313 1391 1473,2253 1555 1639 1724 1811 1897 1896 1810 1723 1638 1554 1637 1722 1809 1895 1808 1894 1982 2070 2160 2249 2340 2520 2429 2428 2339 2248 2159 2069 2158 2247 2338 2518 2427 2337 2426 2517 2607 2698 2787 2878 2967 2966 2877 2786 2697,2607 2606 2696 2785 2876 2965 3143 3055 3056 3144 3233 3145 3234 3146 3057 2968 2879 2788 2699 2608 2519 2609 2700 2789 3058 3147 2969 2880 2790 2701 2611 2610 2521 2430 2341 2250 2161 2071 1983 1984 2072 2162 2251 2342 2431 2522,3058 2432 2343 2252 2163 2073 1985 1898 1986 2074 2164 2075 1987 1899 1813 1814 1900 1988 1989 1901 1815 1728 1729 1644 1560 1478 1396 1163
mink_rooted_ILP,GW191219_163120_645.txt,100,10,10,645,645,36,33,0.176557,7206.02,true,3268 2829 2740 2739 2649 2559 2379 761 697 760 759 696 636 577 522 521 576 635 695 758 757 694 634 693 756,4793 4879 4835 4787 4737 4684 4738 4788 4836 4880 4922 4961,3011 3010 3100 3101 3011 2922 2831 2742 2651 2561 2470 2290,2253 1555 1639 1724 1811 1897 1896 1810 1723 1638 1554 1637 1722 1809 1895 1808 1894 1982 2070 2160 2249 2340 2520 2429 2428 2339 2248 2159 2069 2158 2247 2338 2518 2427 2337 2426 2517 2607 2698 2787 2878 2967 2966 2877 2786 2697,4435 4996 4958 4919 4918 4875 4830 4876 4831 4782 4732 4731,4918 4626 4681 4734 4784 4783 4832 4877 4833 4785 4735 4682,4034 5034 5065 5092 5000 5033 5064 5091 5062 5031 4997 4959,700 637 2110 2200 2289 2380 2469 2560 2650 2741 2830 2921,3356 3364 3278 3190 3189 3277 3363 3450 3535 3619 3701 3783,3058 2432 2343 2252 2163 2073 1985 1898 1986 2074 2164 2075 1987 1899 1813 1814 1900 1988 1989 1901 1815 1728 1729 1644 1560 1478 1396 1163,2472 2381 2471 2562 2652 2743 2832 2923 3012 3102 3013 2924,3861 3103 3014 2925 2835 2926 3015 3104 3105 3193 3281 3367,3004 3618 3534 3449 3362 3276 3188 3275 3187 3099 3009 2920,2607 2606 2696 2785 2876 2965 3143 3055 3056 3144 3233 3145 3234 3146 3057 2968 2879 2788 2699 2608 2519 2609 2700 2789 3058 3147 2969 2880 2790 2701 2611 2610 2521 2430 2341 2250 2161 2071 1983 1984 2072 2162 2251 2342 2431 2522,2746 2833 2744 2653 2564 2473 2383 2563 2472 2382 2291 2202,2751 3946 3867 3788 3706 3624 3454 3539 3623 3705 3787 3866,5200 4998 5063 5032 4999 4962 4923 4881 4837 4789 4739 4740,4801 4842 4843 4887 4886 4928 4967 5004 5003 5035 5002 5001,694 755 754 691 631 573 518 465 415 367 323 368 416 466 519 574 632 633 575 520 467 417 468 418 369 324 281 241 280 322 366 414 464 517 572 630 690 753 883 816 752 689 629 571 516 463 413 365 321,3183 4094 4166 4018 3941 3942 3863 3784 3702 3620 3536 3451,4496 4020 3944 3865 3786 3704 3622 3538 3453 3366 3280 3192,4235 4677 4730 4676 4502 4439 4375 4308 4240 4169 4097 4022,4440 4241 4309 4376 4440 4503 4563 4622 4678 4623 4564 4504,4578 4790 4838 4882 4924 4963 4964 4925 4883 4839 4791 4742,4506 4442 4505 4565 4624 4679 4733 4680 4625 4567 4507 4444,1647 1088 1016 945 877 810 746 683 566 624 684 747 811 878 946 1017 1089 1164 1240 1165 1090 1018 947 879 812 748 685 625 567 512 459 410 362 318 319 277 239 278 279 240 203 204 242 282 325 370 419 469 523,3445 3191 3279 3365 3452 3537 3621 3703 3785 3864 3943 4019,4931 4792 4840 4884 4926 4965 4966 4927 4885 4841 4793 4794,1818 1397 1318 1239 1317 1238 1162 1087 1015 944 876 809 875 943 1014 1086 1161 1237 1316 1395 1477 1559 1643 1727 1642 1558 1476 1394 1315 1236 1160 1085 1013 1159 1235 1314 1393 1475 1557 1641 1726 1812 1725 1640 1556 1474 1392 1313 1391 1473,4565 4441 4377 4310 4242 4171 4099 4024 4100 4172 4243 4311 4378,3710 3368 3455 3540 3625 3707 3789 3868 3947 4023 4098 4170,199 320 364 412 462 515 570 628 688 751 815 882 950 1021 1167 1092 1020 949 881 814 750 687 627 569 514 461 411 363 460 513 568 626 686 749 813 880 948 1019 1091 1166 1242 1399 1320 1241 1319 1398 1480 1562 1645 1561 1479,4104 4627 4569 4628 4683 4736 4786 4834 4878 4920 4960 4921,3779 3945 4021 4096 4168 4239 4307 4374 4306 4238 4167 4095,1848 2024 2025 2113 2203 2292 2293 2384 2474 2654 2745 2834,4503 4566 4506 4443 4379 4312 4244 4313 4380 4445 4508 4568
mink_rooted_annealing,GW191219_163120_645.txt,100,10,10,645,645,39,39,0.177307,14.0156,true,-2 1894 1808 1722 1638 1554 1473 1392 1313 1235 1160 1236 1315 1237 1316 1395 1477 1396 1478 1560 1644 1729 1645 1561 1479 1398 1319 1241 1320 1242 1166 1167 1092 1020 949 881 882 815 751 688 628 629 689 752 753 690 630 572 517,-2 325 282 324 368 416 466 519 574 632 573 518 464 414 365 320 277 319 318 362 410 459 512 567 625 685 748 812 879 947 1018 1090 1165 1240 1164 1089 1017 946 878 811 747 684 746 810 877 945 1016 1088,-2 759 635 576 521 467 520 575 633 693 756 755 754 691 631 571 516 515 462 412 363 411 461 514 569 627 687 686 749 813 880 948 1019 1091 1163 1239 1317 1238 1162 1087 1015 944 876,-2 523 469 468 418 369 417 323 280 203 240 279 321 278 460 513 566 624 683 809 875 943 1014 1086 1161 1394 1476 1558 1642 1559 1643 1728 1814 1900 1987 2074 2163 2252 2342 2431 2341 2251 2162,-2 1013 1085 1159 1314 1393 1475 1556 1474 1555 1639 1723 1809 1895 1982 2069 2158 2247 2337 2426 2517 2427 2338 2248 2339 2249 2160 2070 1983 2071 2161 2072 1985 1898 1986 1899 2075 2164 2343 2432 2522 2611 2521 2430 2340 2250,-2 370 419 522 577 636 696 695 758 757 694 634 816 883 950 1021 1399 1480 1562 1815 1901 1989 1988 1813 1726 1641 1557 1640 1725 1811 1897 1984 2520 2610 2700 2789 2879 2878 2788 2699 2608 2519 2429,-2 761 760 697 637 281 242 204 241 322 366 367 415 465 413 463 570 750 814 1318 1397 1727 2073 2701 2790 2880 2969 3058 3146 3234 3057 2967 2877 2787 2697 2696 2606 2607 2518,-2 239 364 568 626 1812 1724 1810 1896 1391 1637 2159 2428 2609 2698 2968 3147 3145 3056 2966 2786 2785 2876 2965 3055 3143 3144 3233 4887 4843,-2 4019 3535 3362 3188 3100 2831 2651 2289 2200 2024,-2 2563 2652 2742 4239 4307 4374 4565 4444 4312 4243,-2 3947 4313 4736 4999 4962 4923 4881 4790 4789 4739,-2 3368 3455 3454 3367 3280 3192 3104 3014 2925 2834 2744,-2 3784 4306 4238 4167 4095 3702 3620 3363 2924 3013 3366,-2 4842 4794 5035 5065 5034 4963 4880 4836 4737 4684 4628,-2 2830 3279 3191 2654 2564 2384 2473 2561 2741 2649,-2 2474 2653 2833 2923 4171 4099 3867 3788 3624 3539,-2 4922 4960 4997 4920 4879 4626 4568 4508 4445 4443 3943,-2 2025 2202 2290 2380 2469 2560 2829 2562 2835 2926,-2 3701 3783 4018 4094 4504 4783 4832 4876 4919 5063 5091,-2 3281 3193 3012 3101 3276 3010 2921 3009 2470 2383,-2 3450 3623 3705 3625 4564 4732 4958 4996 4998 4787,-2 4503 4678 4784 4506 4172 4440 4308 4168 3538 3706 3707,-2 3942 4166 4676 4730 4731 4623 4875 4831 4785 4835,-2 3102 3190 3946 4023 4507 4567 4878 4921 5092 4961,-2 3011 3189 3451 3536 3453 4376 4733 4683 4569 4380 4379,-2 4240 3364 3103 2832 2293 2203 2292 2382 2381 2291 2113,-2 4244 4098 3789 3866 4020 3785 3099 2920 2740 2739,-2 4786 4735 4682 4627 4788 4740 4838 5064 4959 5062 5031,-2 3941 3863 3864 3865 3786 3787 3703 3619 3278 3365,-2 4833 4877 5032 5002 4966 4928 4886 4742 4792 4840,-2 2471 2743 2745 3452 3537 3945 4021 4022 4097 4241 4170,-2 4965 4841 4834 4782 4679 4624 4377 3618 3534 3449,-2 2559 3015 3105 3621 4096 4024 4242 4310 4439 4502,-2 2922 3944 4625 4680 4734 5001 4964 4883 4882 4837,-2 4793 4566 4311 4442 4505 4441 4563 4622 4677 4830,-2 5004 4967 5003 4885 4791 4839 4925 4681 4375 4918,-2 4927 4924 4738 4309 3868 3540 3277 2650 2110,-2 3187 3275 3622 3704 4169 4378 4884 4926 5000 5033,-2 4100 2472 2379
