ID,RA,DEC,HEALPixels
0,0.00000000,-89.00010000,32768 32769 32770 45056 45057 45058
1,180.00000000,-89.00010000,36864 36865 36866 36867 40960 40961 40962 40963
2,38.21591792,-87.00010000,32771 32774 32775 32776 32777 32778 32779 32780 32800
3,110.21591792,-87.00010000,32772 32773 32784 36872 36873 36874 36875 36876 36896
4,182.21591792,-87.00010000,36868 36869 36870 36871 36880 40968 40969 40970 40971 40992
5,254.21591792,-87.00010000,40964 40965 40966 40967 40972 40976 45064 45066 45088
6,326.21591792,-87.00010000,45059 45060 45061 45062 45063 45065 45067 45068 45072
7,0.00000000,-85.00010000,32802 32803 32808 32809 32810 45073 45074 45075 45076 45077 45078
8,45.00000000,-85.00010000,32781 32782 32783 32786 32792 32793 32794 32801 32804 32805 32806
9,90.00000000,-85.00010000,32785 32787 32788 32789 32790 36897 36898 36899 36904 36905 36906
10,135.00000000,-85.00010000,36877 36878 36879 36882 36888 36889 36890 36900 36901 36902
11,180.00000000,-85.00010000,36881 36883 36884 36885 36886 40993 40994 40995 41000 41001 41002
12,225.00000000,-85.00010000,40973 40974 40975 40978 40984 40985 40986 40996 40997 40998
13,270.00000000,-85.00010000,40977 40979 40980 40981 40982 45089 45090 45091 45096 45097 45098
14,315.00000000,-85.00010000,45069 45070 45071 45080 45081 45082 45092 45093 45094
15,16.41125138,-83.00010000,32811 32812 32813 32814 32896 32897 32898 32899
16,49.13852410,-83.00010000,32795 32796 32798 32799 32807 32816 32817 32818 32824
17,81.86579683,-83.00010000,32791 32797 32832 32833 32834 32836 36992 36994
18,114.59306956,-83.00010000,36903 36907 36908 36909 36910 36914 36920 36993 36996
19,147.32034228,-83.00010000,36891 36892 36893 36894 36895 36912 36913 36915 36936
20,180.04761501,-83.00010000,36887 36928 36929 36930 36932 41003 41088 41089 41090 41096
21,212.77488774,-83.00010000,40999 41004 41005 41006 41007 41008 41010 41011 41092
22,245.50216047,-83.00010000,40983 40987 40988 40989 40990 41009 41012 41026 41032
23,278.22943319,-83.00010000,41024 41025 45099 45102 45184 45185 45186 45192
24,310.95670592,-83.00010000,45083 45095 45100 45101 45103 45104 45105 45106 45108
25,343.68397865,-83.00010000,45079 45084 45085 45086 45120 45121 45122 45123
26,0.00000000,-81.00010000,32904 32905 32906 32907 32928 45124 45125 45126 45127 45136
27,24.00000000,-81.00010000,32815 32826 32900 32901 32902 32903 32908 32912
28,48.00000000,-81.00010000,32819 32820 32821 32822 32823 32825 32827 32828 32864
29,72.00000000,-81.00010000,32835 32838 32839 32840 32841 32842 32843 32844
30,96.00000000,-81.00010000,32837 32848 36995 37000 37001 37002 37003 37004 37024
31,120.00000000,-81.00010000,36911 36921 36922 36923 36997 36998 36999 37008
32,144.00000000,-81.00010000,36916 36917 36918 36919 36924 36938 36939 36960
33,168.00000000,-81.00010000,36931 36933 36934 36935 36937 36940 36944
34,192.00000000,-81.00010000,41091 41094 41097 41098 41099 41100 41120
35,216.00000000,-81.00010000,41016 41017 41018 41019 41020 41093 41095 41104
36,240.00000000,-81.00010000,40991 41013 41014 41015 41033 41034 41035 41056
37,264.00000000,-81.00010000,41027 41028 41029 41030 41031 41036 41040 45194 45216
38,288.00000000,-81.00010000,45187 45188 45189 45190 45191 45193 45195 45196
39,312.00000000,-81.00010000,45107 45110 45111 45112 45113 45114 45115 45116 45200
40,336.00000000,-81.00010000,45087 45109 45128 45129 45130 45131 45132 45152
41,10.48178024,-79.00010000,32910 32929 32930 32931 32932 32933 32934 32936 32937 32938
42,30.48178024,-79.00010000,32909 32911 32913 32914 32915 32916 32918 32920 32921 32922
43,50.48178024,-79.00010000,32829 32830 32831 32866 32867 32870 32872 32873 32874 32917
44,70.48178024,-79.00010000,32845 32846 32847 32850 32856 32857 32858 32865 32868 32869
45,90.48178024,-79.00010000,32849 32851 32852 32853 32854 37025 37026 37027 37032 37033 37034
46,110.48178024,-79.00010000,37005 37006 37007 37010 37016 37018 37028 37029 37030
47,130.48178024,-79.00010000,36925 36926 36927 36970 37009 37011 37012 37013 37014 37017
48,150.48178024,-79.00010000,36942 36943 36954 36961 36962 36963 36964 36965 36966 36968 36969
49,170.48178024,-79.00010000,36941 36945 36946 36947 36948 36949 36950 36952 36953
50,190.48178024,-79.00010000,41102 41121 41122 41123 41124 41125 41126 41128 41129 41130
51,210.48178024,-79.00010000,41101 41103 41105 41106 41107 41108 41110 41112 41113 41114
52,230.48178024,-79.00010000,41021 41022 41023 41058 41059 41062 41064 41065 41066 41109
53,250.48178024,-79.00010000,41037 41038 41039 41042 41048 41049 41050 41057 41060 41061
54,270.48178024,-79.00010000,41041 41043 41044 41045 41046 45217 45218 45219 45224 45225 45226
55,290.48178024,-79.00010000,45197 45198 45199 45202 45208 45210 45220 45221 45222
56,310.48178024,-79.00010000,45117 45118 45119 45162 45201 45203 45204 45205 45206 45209
57,330.48178024,-79.00010000,45134 45135 45146 45153 45154 45155 45156 45157 45158 45160 45161
58,350.48178024,-79.00010000,45133 45137 45138 45139 45140 45141 45142 45144 45145
59,0.00000000,-77.00010000,32939 33280 33281 33282 33283 33288 45143 45312 45313 45314 45315 45316
60,17.14285714,-77.00010000,32935 32940 32941 32942 32943 32944 32946 32952 33284
61,34.28571429,-77.00010000,32919 32923 32924 32925 32926 32927 32945 32947 32948 32962 32968
62,51.42857143,-77.00010000,32875 32876 32877 32878 32879 32888 32960 32961 32963 32964
63,68.57142857,-77.00010000,32859 32860 32862 32863 32871 32880 32881 32882 32883 32884
64,85.71428571,-77.00010000,32855 32861 33024 33025 33026 33027 33028 33032 37376 37378 37384
65,102.85714286,-77.00010000,37031 37035 37036 37037 37038 37039 37377 37379 37380
66,120.00000000,-77.00010000,37019 37020 37021 37022 37023 37040 37041 37042 37043 37044
67,137.14285714,-77.00010000,36971 36972 36974 36975 37015 37056 37057 37058 37059 37060 37064
68,154.28571429,-77.00010000,36955 36958 36967 36973 36976 36977 36978 36979 36980 36984
69,171.42857143,-77.00010000,36951 36956 36957 36959 37120 37121 37122 37123 37124 37128
70,188.57142857,-77.00010000,41131 41132 41134 41135 41472 41473 41474 41475 41476 41480
71,205.71428571,-77.00010000,41115 41118 41127 41133 41136 41137 41138 41139 41140 41144
72,222.85714286,-77.00010000,41067 41111 41116 41117 41119 41152 41153 41154 41155 41156 41160
73,240.00000000,-77.00010000,41063 41068 41069 41070 41071 41072 41073 41074 41075 41080
74,257.14285714,-77.00010000,41047 41051 41052 41053 41054 41055 41218 41219 41224
75,274.28571429,-77.00010000,41216 41217 41220 45227 45230 45568 45569 45570 45571 45572 45576
76,291.42857143,-77.00010000,45211 45223 45228 45229 45231 45232 45233 45234 45235 45240
77,308.57142857,-77.00010000,45207 45212 45213 45214 45215 45236 45248 45250 45251 45256
78,325.71428571,-77.00010000,45159 45163 45164 45165 45166 45167 45170 45171 45176 45249 45252
79,342.85714286,-77.00010000,45147 45148 45149 45150 45151 45168 45169 45172 45320
80,7.72745694,-75.00010000,33286 33287 33289 33290 33291 33292 33312
81,22.72745694,-75.00010000,32950 32953 32954 32955 32956 33285 33296
82,37.72745694,-75.00010000,32949 32951 32969 32970 32971 32972 32992
83,52.72745694,-75.00010000,32890 32891 32965 32966 32967 32976
84,67.72745694,-75.00010000,32885 32886 32887 32889 32892 33034 33035 33056
85,82.72745694,-75.00010000,33029 33030 33031 33033 33036 33040
86,97.72745694,-75.00010000,37382 37383 37385 37386 37387 37388 37408
87,112.72745694,-75.00010000,37046 37048 37049 37050 37051 37052 37381 37392
88,127.72745694,-75.00010000,37045 37047 37065 37066 37067 37068 37088
89,142.72745694,-75.00010000,36986 36987 37061 37062 37063 37072
90,157.72745694,-75.00010000,36981 36982 36983 36985 36988 37130 37131 37152
91,172.72745694,-75.00010000,37125 37126 37127 37129 37132 37136
92,187.72745694,-75.00010000,41478 41479 41481 41482 41483 41484 41504
93,202.72745694,-75.00010000,41142 41145 41146 41147 41148 41477 41488
94,217.72745694,-75.00010000,41141 41143 41161 41162 41163 41164 41184
95,232.72745694,-75.00010000,41082 41083 41157 41158 41159 41168
96,247.72745694,-75.00010000,41076 41077 41078 41079 41081 41084 41226 41227 41248
97,262.72745694,-75.00010000,41221 41222 41223 41225 41228 41232
98,277.72745694,-75.00010000,45574 45575 45577 45578 45579 45580 45600
99,292.72745694,-75.00010000,45238 45241 45242 45243 45244 45573 45584
100,307.72745694,-75.00010000,45237 45239 45257 45258 45259 45260 45280
101,322.72745694,-75.00010000,45178 45179 45253 45254 45255 45264
102,337.72745694,-75.00010000,45173 45174 45175 45177 45180 45322 45323 45344
103,352.72745694,-75.00010000,45317 45318 45319 45321 45324 45328
104,0.00000000,-73.00010000,33313 33314 33315 33320 33321 33322 45329 45330 45331 45332 45333 45334
105,13.33333333,-73.00010000,33293 33294 33295 33298 33304 33306 33316 33317 33318
106,26.66666667,-73.00010000,32957 32958 32959 33000 33002 33297 33299 33300 33301 33302 33305
107,40.00000000,-73.00010000,32974 32975 32993 32994 32995 32996 32997 32998 33001
108,53.33333333,-73.00010000,32894 32973 32977 32978 32979 32980 32981 32982 32984 32985 32986
109,66.66666667,-73.00010000,32893 32895 33057 33058 33059 33060 33061 33062 33064 33065 33066
110,80.00000000,-73.00010000,33037 33038 33039 33042 33043 33046 33048 33049 33050
111,93.33333333,-73.00010000,33041 33044 33045 37409 37410 37411 37412 37414 37416 37417 37418
112,106.66666667,-73.00010000,37389 37390 37391 37393 37394 37395 37400 37401 37402 37413
113,120.00000000,-73.00010000,37053 37054 37055 37090 37096 37097 37098 37396 37397 37398
114,133.33333333,-73.00010000,37069 37070 37071 37080 37082 37089 37091 37092 37093 37094
115,146.66666667,-73.00010000,36990 36991 37073 37074 37075 37076 37077 37078 37081 37162
116,160.00000000,-73.00010000,36989 37134 37135 37153 37154 37155 37156 37157 37158 37160 37161
117,173.33333333,-73.00010000,37133 37137 37138 37139 37140 37141 37142 37144 37145 37146
118,186.66666667,-73.00010000,41486 41505 41506 41507 41508 41509 41510 41512 41513 41514
119,200.00000000,-73.00010000,41150 41485 41487 41489 41490 41491 41492 41494 41496 41497 41498
120,213.33333333,-73.00010000,41149 41151 41185 41186 41187 41190 41192 41193 41194 41493
121,226.66666667,-73.00010000,41165 41166 41167 41170 41171 41176 41177 41178 41188 41189
122,240.00000000,-73.00010000,41085 41086 41087 41169 41172 41173 41174 41256 41257 41258
123,253.33333333,-73.00010000,41229 41230 41231 41242 41249 41250 41251 41252 41253 41254
124,266.66666667,-73.00010000,41233 41234 41235 41236 41237 41238 41240 41241 45602 45608 45610
125,280.00000000,-73.00010000,45581 45582 45583 45601 45603 45604 45605 45606 45609
126,293.33333333,-73.00010000,45246 45247 45585 45586 45587 45588 45589 45590 45592 45593 45594
127,306.66666667,-73.00010000,45245 45262 45281 45282 45283 45284 45285 45286 45288 45289 45290
128,320.00000000,-73.00010000,45261 45263 45265 45266 45267 45270 45272 45273 45274
129,333.33333333,-73.00010000,45181 45182 45183 45268 45269 45346 45347 45350 45352 45353 45354
130,346.66666667,-73.00010000,45325 45326 45327 45336 45337 45338 45345 45348 45349
131,6.14313811,-71.00010000,33323 33324 33325 33326 33327 33408 33409 33410 33411 33412 33416
132,18.14313811,-71.00010000,33307 33308 33310 33319 33328 33329 33330 33331 33332 33336
133,30.14313811,-71.00010000,33003 33303 33309 33311 33344 33345 33346 33347 33348 33352
134,42.14313811,-71.00010000,32999 33004 33005 33006 33007 33008 33009 33010 33011 33016
135,54.14313811,-71.00010000,32983 32987 32988 32989 32990 32991 33012 33152 33154 33155 33160
136,66.14313811,-71.00010000,33063 33067 33068 33069 33070 33071 33074 33075 33080 33153 33156
137,78.14313811,-71.00010000,33051 33052 33053 33054 33055 33072 33073 33076 33096
138,90.14313811,-71.00010000,33047 33088 33089 33090 33091 33092 37419 37504 37505 37506 37507 37512
139,102.14313811,-71.00010000,37415 37420 37421 37422 37423 37424 37426 37432 37508
140,114.14313811,-71.00010000,37399 37403 37404 37405 37406 37407 37425 37427 37428 37442 37448
141,126.14313811,-71.00010000,37095 37099 37100 37101 37102 37103 37112 37440 37441 37443 37444
142,138.14313811,-71.00010000,37083 37084 37085 37086 37087 37104 37105 37106 37107 37108
143,150.14313811,-71.00010000,37079 37163 37166 37167 37248 37249 37250 37251 37252 37256
144,162.14313811,-71.00010000,37147 37150 37159 37164 37165 37168 37169 37170 37171 37172 37176
145,174.14313811,-71.00010000,37143 37148 37149 37151 37184 37185 37186 37187 37188 37192
146,186.14313811,-71.00010000,41515 41516 41517 41518 41519 41600 41601 41602 41603 41604 41608
147,198.14313811,-71.00010000,41499 41500 41502 41511 41520 41521 41522 41523 41524 41528
148,210.14313811,-71.00010000,41195 41495 41501 41503 41536 41537 41538 41539 41540 41544
149,222.14313811,-71.00010000,41191 41196 41197 41198 41199 41200 41201 41202 41203 41208
150,234.14313811,-71.00010000,41175 41179 41180 41181 41182 41183 41204 41344 41346 41347 41352
151,246.14313811,-71.00010000,41255 41259 41260 41261 41262 41263 41266 41267 41272 41345 41348
152,258.14313811,-71.00010000,41243 41244 41245 41246 41247 41264 41265 41268 41288
153,270.14313811,-71.00010000,41239 41280 41281 41282 41283 41284 45611 45696 45697 45698 45699 45704
154,282.14313811,-71.00010000,45607 45612 45613 45614 45615 45616 45618 45624 45700
155,294.14313811,-71.00010000,45591 45595 45596 45597 45598 45599 45617 45619 45620 45634 45640
156,306.14313811,-71.00010000,45287 45291 45292 45293 45294 45295 45304 45632 45633 45635 45636
157,318.14313811,-71.00010000,45275 45276 45277 45278 45279 45296 45297 45298 45299 45300
158,330.14313811,-71.00010000,45271 45355 45358 45359 45440 45441 45442 45443 45444 45448
159,342.14313811,-71.00010000,45339 45342 45351 45356 45357 45360 45361 45362 45363 45364 45368
160,354.14313811,-71.00010000,45335 45340 45341 45343 45376 45377 45378 45379 45380 45384
161,0.00000000,-69.00010000,33417 33418 33419 33440 45381 45382 45383 45392
162,10.90909091,-69.00010000,33338 33413 33414 33415 33420 33424
163,21.81818182,-69.00010000,33333 33334 33335 33337 33339 33340 33376
164,32.72727273,-69.00010000,33349 33350 33351 33353 33354 33355 33356
165,43.63636364,-69.00010000,33014 33015 33017 33018 33019 33020 33360
166,54.54545455,-69.00010000,33013 33158 33161 33162 33163 33164 33184
167,65.45454545,-69.00010000,33081 33082 33083 33084 33157 33159 33168
168,76.36363636,-69.00010000,33077 33078 33079 33098 33099 33120
169,87.27272727,-69.00010000,33093 33094 33095 33097 33100 33104 37514 37536
170,98.18181818,-69.00010000,37509 37510 37511 37513 37515 37516
171,109.09090909,-69.00010000,37429 37430 37431 37433 37434 37435 37436 37520
172,120.00000000,-69.00010000,37446 37449 37450 37451 37452 37472
173,130.90909091,-69.00010000,37113 37114 37115 37116 37445 37447 37456
174,141.81818182,-69.00010000,37109 37110 37111 37257 37258 37259 37280
175,152.72727273,-69.00010000,37178 37179 37253 37254 37255 37260 37264
176,163.63636364,-69.00010000,37173 37174 37175 37177 37180 37194 37216
177,174.54545455,-69.00010000,37189 37190 37191 37193 37195 37196 37200
178,185.45454545,-69.00010000,41606 41607 41609 41610 41611 41612 41632
179,196.36363636,-69.00010000,41526 41529 41530 41531 41532 41605 41616
180,207.27272727,-69.00010000,41525 41527 41545 41546 41547 41548 41568
181,218.18181818,-69.00010000,41209 41210 41211 41541 41542 41543 41552
182,229.09090909,-69.00010000,41205 41206 41207 41212 41354 41355 41376
183,240.00000000,-69.00010000,41349 41350 41351 41353 41356 41360
184,250.90909091,-69.00010000,41269 41270 41271 41273 41274 41275 41276 41312
185,261.81818182,-69.00010000,41286 41287 41289 41290 41291 41292
186,272.72727273,-69.00010000,41285 41296 45702 45705 45706 45707 45708 45728
187,283.63636364,-69.00010000,45625 45626 45627 45701 45703 45712
188,294.54545455,-69.00010000,45621 45622 45623 45628 45642 45643 45664
189,305.45454545,-69.00010000,45306 45637 45638 45639 45641 45644 45648
190,316.36363636,-69.00010000,45301 45302 45303 45305 45307 45308 45472
191,327.27272727,-69.00010000,45445 45446 45447 45449 45450 45451 45452
192,338.18181818,-69.00010000,45366 45367 45369 45370 45371 45372 45456
193,349.09090909,-69.00010000,45365 45385 45386 45387 45388 45408
194,5.11863038,-67.00010000,33422 33441 33442 33443 33444 33445 33446 33448 33449 33450
195,15.11863038,-67.00010000,33342 33421 33423 33425 33426 33427 33428 33430 33432 33433 33434
196,25.11863038,-67.00010000,33341 33343 33377 33378 33379 33382 33384 33385 33386 33429
197,35.11863038,-67.00010000,33357 33358 33359 33362 33363 33368 33369 33370 33380 33381
198,45.11863038,-67.00010000,33021 33022 33023 33186 33192 33193 33194 33361 33364 33365 33366
199,55.11863038,-67.00010000,33165 33166 33167 33176 33178 33185 33187 33188 33189 33190
200,65.11863038,-67.00010000,33086 33087 33130 33169 33170 33171 33172 33173 33174 33177
201,75.11863038,-67.00010000,33085 33102 33103 33121 33122 33123 33124 33125 33126 33128 33129
202,85.11863038,-67.00010000,33101 33105 33106 33107 33108 33109 33110 33112 33113 33114
203,95.11863038,-67.00010000,37518 37537 37538 37539 37540 37541 37542 37544 37545 37546
204,105.11863038,-67.00010000,37438 37517 37519 37521 37522 37523 37524 37526 37528 37529 37530
205,115.11863038,-67.00010000,37437 37439 37473 37474 37475 37478 37480 37481 37482 37525
206,125.11863038,-67.00010000,37453 37454 37455 37458 37459 37464 37465 37466 37476 37477
207,135.11863038,-67.00010000,37117 37118 37119 37282 37288 37289 37290 37457 37460 37461 37462
208,145.11863038,-67.00010000,37261 37262 37263 37272 37274 37281 37283 37284 37285 37286
209,155.11863038,-67.00010000,37182 37183 37226 37265 37266 37267 37268 37269 37270 37273
210,165.11863038,-67.00010000,37181 37198 37199 37217 37218 37219 37220 37221 37222 37224 37225
211,175.11863038,-67.00010000,37197 37201 37202 37203 37204 37205 37206 37208 37209 37210
212,185.11863038,-67.00010000,41614 41633 41634 41635 41636 41637 41638 41640 41641 41642
213,195.11863038,-67.00010000,41534 41613 41615 41617 41618 41619 41620 41622 41624 41625 41626
214,205.11863038,-67.00010000,41533 41535 41569 41570 41571 41574 41576 41577 41578 41621
215,215.11863038,-67.00010000,41549 41550 41551 41554 41555 41560 41561 41562 41572 41573
216,225.11863038,-67.00010000,41213 41214 41215 41378 41384 41385 41386 41553 41556 41557 41558
217,235.11863038,-67.00010000,41357 41358 41359 41368 41370 41377 41379 41380 41381 41382
218,245.11863038,-67.00010000,41278 41279 41322 41361 41362 41363 41364 41365 41366 41369
219,255.11863038,-67.00010000,41277 41294 41295 41313 41314 41315 41316 41317 41318 41320 41321
220,265.11863038,-67.00010000,41293 41297 41298 41299 41300 41301 41302 41304 41305 41306
221,275.11863038,-67.00010000,45710 45729 45730 45731 45732 45733 45734 45736 45737 45738
222,285.11863038,-67.00010000,45630 45709 45711 45713 45714 45715 45716 45718 45720 45721 45722
223,295.11863038,-67.00010000,45629 45631 45665 45666 45667 45670 45672 45673 45674 45717
224,305.11863038,-67.00010000,45645 45646 45647 45650 45651 45656 45657 45658 45668 45669
225,315.11863038,-67.00010000,45309 45310 45311 45474 45480 45481 45482 45649 45652 45653 45654
226,325.11863038,-67.00010000,45453 45454 45455 45464 45466 45473 45475 45476 45477 45478
227,335.11863038,-67.00010000,45374 45375 45418 45457 45458 45459 45460 45461 45462 45465
228,345.11863038,-67.00010000,45373 45390 45391 45409 45410 45411 45412 45413 45414 45416 45417
229,355.11863038,-67.00010000,45389 45393 45394 45395 45396 45397 45398 45400 45401 45402
230,0.00000000,-65.00010000,33451 34816 34817 34818 34819 34824 45399 46080 46081 46082 46083 46084
231,9.23076923,-65.00010000,33447 33452 33453 33454 33455 33456 33458 33464 34820
232,18.46153846,-65.00010000,33431 33435 33436 33437 33438 33439 33457 33459 33460 33474 33480
233,27.69230769,-65.00010000,33383 33387 33388 33389 33390 33391 33400 33472 33473 33475 33476
234,36.92307692,-65.00010000,33371 33372 33373 33374 33375 33392 33393 33394 33395 33396
235,46.15384615,-65.00010000,33195 33196 33198 33199 33367 33536 33537 33538 33539 33540 33544
236,55.38461538,-65.00010000,33179 33182 33191 33197 33200 33201 33202 33203 33204 33208
237,64.61538462,-65.00010000,33175 33180 33181 33183 33216 33217 33218 33219 33220 33224
238,73.84615385,-65.00010000,33127 33131 33132 33133 33134 33135 33136 33137 33138 33139 33140 33144
239,83.07692308,-65.00010000,33111 33115 33116 33117 33118 33119 33794 33795 33800
240,92.30769231,-65.00010000,33792 33793 33796 37547 37548 37550 38912 38913 38914 38915 38916 38920
241,101.53846154,-65.00010000,37531 37543 37549 37551 37552 37553 37554 37555 37560
242,110.76923077,-65.00010000,37527 37532 37533 37534 37535 37556 37568 37569 37570 37571 37576
243,120.00000000,-65.00010000,37479 37483 37484 37485 37486 37487 37488 37490 37496 37572
244,129.23076923,-65.00010000,37463 37467 37468 37469 37470 37471 37489 37491 37492 37634 37640
245,138.46153846,-65.00010000,37291 37292 37293 37294 37295 37304 37632 37633 37635 37636
246,147.69230769,-65.00010000,37275 37276 37277 37278 37279 37287 37296 37297 37298 37299 37300
247,156.92307692,-65.00010000,37227 37230 37231 37271 37312 37313 37314 37315 37316 37320
248,166.15384615,-65.00010000,37211 37214 37223 37228 37229 37232 37233 37234 37235 37236 37240
249,175.38461538,-65.00010000,37207 37212 37213 37215 37888 37889 37890 37891 37892 37896
250,184.61538462,-65.00010000,41643 41644 41646 41647 43008 43009 43010 43011 43012 43016
251,193.84615385,-65.00010000,41627 41628 41630 41639 41645 41648 41649 41650 41651 41652 41656
252,203.07692308,-65.00010000,41579 41623 41629 41631 41664 41665 41666 41667 41668 41672
253,212.30769231,-65.00010000,41563 41575 41580 41581 41582 41583 41584 41585 41586 41587 41592
254,221.53846154,-65.00010000,41559 41564 41565 41566 41567 41588 41728 41730 41731 41736
255,230.76923077,-65.00010000,41383 41387 41388 41389 41390 41391 41394 41395 41400 41729 41732
256,240.00000000,-65.00010000,41367 41371 41372 41373 41374 41375 41392 41393 41396 41416
257,249.23076923,-65.00010000,41323 41324 41325 41326 41327 41336 41408 41409 41410 41411 41412
258,258.46153846,-65.00010000,41307 41310 41311 41319 41328 41329 41330 41331 41332
259,267.69230769,-65.00010000,41303 41308 41309 41984 41985 41986 41987 41988 41992 47104 47106 47112
260,276.92307692,-65.00010000,45735 45739 45740 45741 45742 45743 47105 47107 47108
261,286.15384615,-65.00010000,45719 45723 45724 45725 45726 45727 45744 45745 45746 45747 45748 45752
262,295.38461538,-65.00010000,45675 45676 45678 45679 45760 45761 45762 45763 45764 45768
263,304.61538462,-65.00010000,45659 45662 45671 45677 45680 45681 45682 45683 45684 45688
264,313.84615385,-65.00010000,45483 45655 45660 45661 45663 45824 45825 45826 45827 45828 45832
265,323.07692308,-65.00010000,45479 45484 45485 45486 45487 45488 45489 45490 45491 45496
266,332.30769231,-65.00010000,45463 45467 45468 45469 45470 45471 45492 45504 45506 45507 45512
267,341.53846154,-65.00010000,45415 45419 45420 45421 45422 45423 45426 45427 45432 45505 45508
268,350.76923077,-65.00010000,45403 45404 45405 45406 45407 45424 45425 45428 46088
269,4.40539362,-63.00010000,34821 34822 34823 34825 34826 34827 34828 34848
270,13.18588142,-63.00010000,33462 33465 33466 33467 33468 34832
271,21.96636923,-63.00010000,33461 33463 33478 33481 33482 33483 33484 33504
272,30.74685703,-63.00010000,33401 33402 33403 33477 33479 33488
273,39.52734484,-63.00010000,33397 33398 33399 33404 33405 33545 33546 33547 33568
274,48.30783264,-63.00010000,33210 33211 33541 33542 33543 33548 33552
275,57.08832045,-63.00010000,33205 33206 33207 33209 33212 33214 33226 33248
276,65.86880825,-63.00010000,33221 33222 33223 33225 33227 33228 33232
277,74.64929606,-63.00010000,33141 33142 33143 33145 33146 33147 33148
278,83.42978386,-63.00010000,33798 33799 33801 33802 33803 33804 33824
279,92.21027167,-63.00010000,33797 33808 38918 38921 38922 38923 38924 38944
280,100.99075947,-63.00010000,37561 37562 37563 38917 38919 38928
281,109.77124728,-63.00010000,37557 37558 37559 37564 37577 37578 37579 37600
282,118.55173508,-63.00010000,37498 37499 37573 37574 37575 37580 37584
283,127.33222289,-63.00010000,37493 37494 37495 37497 37500 37501 37642 37664
284,136.11271069,-63.00010000,37637 37638 37639 37641 37643 37644 37648
285,144.89319850,-63.00010000,37301 37302 37303 37305 37306 37307 37308 37310
286,153.67368630,-63.00010000,37318 37319 37321 37322 37323 37324 37344
287,162.45417411,-63.00010000,37238 37239 37241 37242 37243 37244 37317 37328
288,171.23466191,-63.00010000,37237 37897 37898 37899 37900 37920
289,180.01514972,-63.00010000,37893 37894 37895 37904 43017 43018 43019 43040
290,188.79563752,-63.00010000,41658 43013 43014 43015 43020 43024
291,197.57612533,-63.00010000,41653 41654 41655 41657 41659 41660 41674 41696
292,206.35661313,-63.00010000,41669 41670 41671 41673 41675 41676 41680
293,215.13710094,-63.00010000,41589 41590 41591 41593 41594 41595 41596 41597
294,223.91758874,-63.00010000,41734 41735 41737 41738 41739 41740 41760
295,232.69807655,-63.00010000,41398 41401 41402 41403 41404 41406 41733 41744
296,241.47856435,-63.00010000,41397 41399 41417 41418 41419 41420 41440
297,250.25905216,-63.00010000,41337 41338 41339 41340 41413 41414 41415 41424
298,259.03953996,-63.00010000,41333 41334 41335 41994 41995 42016
299,267.82002777,-63.00010000,41989 41990 41991 41993 41996 42000 47114 47136
300,276.60051557,-63.00010000,47109 47110 47111 47113 47115 47116 47120
301,285.38100338,-63.00010000,45749 45750 45751 45753 45754 45755 45756
302,294.16149118,-63.00010000,45766 45767 45769 45770 45771 45772 45792
303,302.94197899,-63.00010000,45686 45689 45690 45691 45692 45693 45765 45776
304,311.72246679,-63.00010000,45685 45687 45833 45834 45835 45836 45856
305,320.50295460,-63.00010000,45497 45498 45499 45500 45502 45829 45830 45831 45840
306,329.28344240,-63.00010000,45493 45494 45495 45514 45515 45536
307,338.06393020,-63.00010000,45434 45435 45509 45510 45511 45513 45516 45520
308,346.84441801,-63.00010000,45429 45430 45431 45433 45436 46112
309,355.62490581,-63.00010000,46085 46086 46087 46089 46090 46091 46092 46096
310,0.00000000,-61.00010000,34849 34850 34851 34856 34857 34858 46097 46098 46099 46100 46101 46102
311,8.18181818,-61.00010000,34829 34830 34831 34834 34840 34842 34852 34853 34854
312,16.36363636,-61.00010000,33469 33470 33471 33506 33512 33514 34833 34835 34836 34837 34838 34841
313,24.54545455,-61.00010000,33485 33486 33487 33498 33505 33507 33508 33509 33510 33513
314,32.72727273,-61.00010000,33406 33407 33489 33490 33491 33492 33493 33494 33496 33497
315,40.90909091,-61.00010000,33550 33551 33569 33570 33571 33572 33573 33574 33576 33577 33578
316,49.09090909,-61.00010000,33549 33553 33554 33555 33556 33557 33558 33560 33561 33562
317,57.27272727,-61.00010000,33213 33215 33249 33250 33251 33252 33254 33256 33257 33258
318,65.45454545,-61.00010000,33229 33230 33231 33234 33235 33238 33240 33241 33242 33253
319,73.63636364,-61.00010000,33149 33150 33151 33233 33236 33237 33826 33827 33830 33832 33833 33834
320,81.81818182,-61.00010000,33805 33806 33807 33816 33817 33818 33825 33828 33829
321,90.00000000,-61.00010000,33809 33810 33811 33812 33813 33814 38945 38946 38947 38952 38953 38954
322,98.18181818,-61.00010000,38925 38926 38927 38930 38936 38938 38948 38949 38950
323,106.36363636,-61.00010000,37565 37566 37567 37602 37608 37610 38929 38931 38932 38933 38934 38937
324,114.54545455,-61.00010000,37581 37582 37583 37594 37601 37603 37604 37605 37606 37609
325,122.72727273,-61.00010000,37502 37503 37585 37586 37587 37588 37589 37590 37592 37593
326,130.90909091,-61.00010000,37646 37647 37665 37666 37667 37668 37669 37670 37672 37673 37674
327,139.09090909,-61.00010000,37645 37649 37650 37651 37652 37653 37654 37656 37657 37658
328,147.27272727,-61.00010000,37309 37311 37345 37346 37347 37348 37350 37352 37353 37354
329,155.45454545,-61.00010000,37325 37326 37327 37330 37331 37334 37336 37337 37338 37349
330,163.63636364,-61.00010000,37245 37246 37247 37329 37332 37333 37922 37923 37926 37928 37929 37930
331,171.81818182,-61.00010000,37901 37902 37903 37912 37913 37914 37921 37924 37925
332,180.00000000,-61.00010000,37905 37906 37907 37908 37909 37910 43041 43042 43043 43048 43049 43050
333,188.18181818,-61.00010000,43021 43022 43023 43026 43032 43034 43044 43045 43046
334,196.36363636,-61.00010000,41661 41662 41663 41698 41704 41706 43025 43027 43028 43029 43030 43033
335,204.54545455,-61.00010000,41677 41678 41679 41690 41697 41699 41700 41701 41702 41705
336,212.72727273,-61.00010000,41598 41599 41681 41682 41683 41684 41685 41686 41688 41689
337,220.90909091,-61.00010000,41742 41743 41761 41762 41763 41764 41765 41766 41768 41769 41770
338,229.09090909,-61.00010000,41741 41745 41746 41747 41748 41749 41750 41752 41753 41754
339,237.27272727,-61.00010000,41405 41407 41441 41442 41443 41444 41446 41448 41449 41450
340,245.45454545,-61.00010000,41421 41422 41423 41426 41427 41430 41432 41433 41434 41445
341,253.63636364,-61.00010000,41341 41342 41343 41425 41428 41429 42018 42019 42022 42024 42025 42026
342,261.81818182,-61.00010000,41997 41998 41999 42008 42009 42010 42017 42020 42021
343,270.00000000,-61.00010000,42001 42002 42003 42004 42005 42006 47137 47138 47139 47144 47145 47146
344,278.18181818,-61.00010000,47117 47118 47119 47122 47128 47130 47140 47141 47142
345,286.36363636,-61.00010000,45757 45758 45759 45794 45800 45802 47121 47123 47124 47125 47126 47129
346,294.54545455,-61.00010000,45773 45774 45775 45786 45793 45795 45796 45797 45798 45801
347,302.72727273,-61.00010000,45694 45695 45777 45778 45779 45780 45781 45782 45784 45785
348,310.90909091,-61.00010000,45838 45857 45858 45859 45860 45861 45862 45864 45865 45866
349,319.09090909,-61.00010000,45837 45839 45841 45842 45843 45844 45845 45846 45848 45849 45850
350,327.27272727,-61.00010000,45501 45503 45537 45538 45539 45540 45542 45544 45545 45546
351,335.45454545,-61.00010000,45517 45518 45519 45522 45523 45526 45528 45529 45530 45541
352,343.63636364,-61.00010000,45437 45438 45439 45521 45524 45525 46114 46115 46118 46120 46121 46122
353,351.81818182,-61.00010000,46093 46094 46095 46104 46105 46106 46113 46116 46117
354,3.88321933,-59.00010000,34855 34859 34860 34861 34862 34863 34944 34945 34946 34947 34948 34952
355,11.54279380,-59.00010000,34843 34844 34846 34864 34865 34866 34867 34868 34872
356,19.20236827,-59.00010000,33515 33518 34839 34845 34847 34880 34881 34882 34883 34884 34888
357,26.86194274,-59.00010000,33499 33511 33516 33517 33519 33520 33521 33522 33523 33524 33528
358,34.52151720,-59.00010000,33495 33500 33501 33502 33503 33664 33665 33666 33667 33672
359,42.18109167,-59.00010000,33575 33579 33580 33581 33582 33583 33584 33586 33587 33592 33668
360,49.84066614,-59.00010000,33559 33563 33564 33565 33566 33567 33585 33588 33602 33603 33608
361,57.50024061,-59.00010000,33255 33259 33260 33261 33262 33263 33266 33272 33600 33601 33604
362,65.15981508,-59.00010000,33243 33244 33245 33246 33247 33264 33265 33267 33268 33928
363,72.81938955,-59.00010000,33239 33835 33836 33837 33838 33839 33848 33920 33921 33922 33923 33924
364,80.47896401,-59.00010000,33819 33822 33823 33831 33840 33841 33842 33843 33844
365,88.13853848,-59.00010000,33815 33820 33821 33856 33857 33858 33859 33860 33864 39040 39042 39048
366,95.79811295,-59.00010000,38951 38955 38956 38957 38958 38959 38968 39041 39043 39044
367,103.45768742,-59.00010000,38935 38939 38940 38941 38942 38943 38960 38961 38962 38963 38964
368,111.11726189,-59.00010000,37611 37612 37613 37614 37615 38976 38977 38978 38979 38980 38984
369,118.77683635,-59.00010000,37595 37596 37598 37599 37607 37616 37617 37618 37619 37620 37624
370,126.43641082,-59.00010000,37591 37597 37675 37678 37760 37761 37762 37763 37764 37768
371,134.09598529,-59.00010000,37659 37671 37676 37677 37679 37680 37681 37682 37683 37684 37688
372,141.75555976,-59.00010000,37655 37660 37661 37662 37663 37696 37697 37698 37699 37700 37704
373,149.41513423,-59.00010000,37351 37355 37356 37357 37358 37359 37360 37361 37362 37363 37368
374,157.07470869,-59.00010000,37335 37339 37340 37341 37342 37343 37364 38018 38019 38024
375,164.73428316,-59.00010000,37927 37931 37932 37933 37934 37935 37938 37939 37944 38016 38017 38020
376,172.39385763,-59.00010000,37915 37916 37917 37918 37919 37936 37937 37940 37960
377,180.05343210,-59.00010000,37911 37952 37953 37954 37955 37956 43051 43136 43137 43138 43139 43144
378,187.71300657,-59.00010000,43047 43052 43053 43054 43055 43056 43058 43064 43140
379,195.37258103,-59.00010000,43031 43035 43036 43037 43038 43039 43057 43060 43072 43074 43080
380,203.03215550,-59.00010000,41703 41707 41708 41709 41710 41711 41714 41720 43073 43075 43076
381,210.69172997,-59.00010000,41687 41691 41692 41693 41694 41695 41712 41713 41715 41716
382,218.35130444,-59.00010000,41771 41772 41773 41774 41775 41856 41857 41858 41859 41860
383,226.01087891,-59.00010000,41755 41756 41758 41759 41767 41776 41777 41778 41779 41780 41784
384,233.67045338,-59.00010000,41451 41454 41751 41757 41792 41793 41794 41795 41796 41800
385,241.33002784,-59.00010000,41435 41447 41452 41453 41455 41456 41457 41458 41459 41460 41464
386,248.98960231,-59.00010000,41431 41436 41437 41438 41439 42112 42113 42114 42115 42116 42120
387,256.64917678,-59.00010000,42023 42027 42028 42029 42030 42031 42032 42033 42034 42035 42040
388,264.30875125,-59.00010000,42007 42011 42012 42013 42014 42015 42036 42050 42051 42056
389,271.96832572,-59.00010000,42048 42049 42052 47147 47148 47150 47232 47233 47234 47235 47236 47240
390,279.62790018,-59.00010000,47131 47143 47149 47151 47152 47153 47154 47155 47160
391,287.28747465,-59.00010000,45803 47127 47132 47133 47134 47135 47156 47168 47169 47170 47171 47176
392,294.94704912,-59.00010000,45799 45804 45805 45806 45807 45808 45810 45811 45816 47172
393,302.60662359,-59.00010000,45783 45787 45788 45789 45790 45791 45809 45812 45952 45954 45960
394,310.26619806,-59.00010000,45863 45867 45868 45869 45870 45871 45874 45880 45953 45955 45956
395,317.92577252,-59.00010000,45847 45851 45852 45853 45854 45855 45872 45873 45875 45876 45896
396,325.58534699,-59.00010000,45547 45548 45549 45550 45551 45888 45889 45890 45891 45892
397,333.24492146,-59.00010000,45531 45532 45534 45535 45543 45552 45553 45554 45555 45556 45560
398,340.90449593,-59.00010000,45527 45533 46123 46126 46127 46208 46209 46210 46211 46212 46216
399,348.56407040,-59.00010000,46107 46119 46124 46125 46128 46129 46130 46131 46132 46136
400,356.22364486,-59.00010000,46103 46108 46109 46110 46111 46144 46145 46146 46147 46148 46152
401,0.00000000,-57.00010000,34953 34954 34955 34976 46149 46150 46151 46160
402,7.20000000,-57.00010000,34874 34949 34950 34951 34956 34960
403,14.40000000,-57.00010000,34869 34870 34871 34873 34875 34876 34890 34912
404,21.60000000,-57.00010000,34885 34886 34887 34889 34891 34892 34896
405,28.80000000,-57.00010000,33525 33526 33527 33529 33530 33531 33532
406,36.00000000,-57.00010000,33670 33671 33673 33674 33675 33676 33696
407,43.20000000,-57.00010000,33590 33593 33594 33595 33596 33669 33680
408,50.40000000,-57.00010000,33589 33591 33609 33610 33611 33612 33632
409,57.60000000,-57.00010000,33273 33274 33275 33276 33605 33606 33607 33616
410,64.80000000,-57.00010000,33269 33270 33271 33930 33931 33952
411,72.00000000,-57.00010000,33850 33851 33925 33926 33927 33929 33932 33936
412,79.20000000,-57.00010000,33845 33846 33847 33849 33852 33888
413,86.40000000,-57.00010000,33861 33862 33863 33865 33866 33867 33868 33872
414,93.60000000,-57.00010000,39045 39046 39047 39049 39050 39051 39052 39072
415,100.80000000,-57.00010000,38966 38969 38970 38971 38972 39056
416,108.00000000,-57.00010000,38965 38967 38982 38985 38986 38987 38988 39008
417,115.20000000,-57.00010000,37625 37626 37627 38981 38983 38992
418,122.40000000,-57.00010000,37621 37622 37623 37628 37769 37770 37771 37792
419,129.60000000,-57.00010000,37690 37691 37765 37766 37767 37772 37776
420,136.80000000,-57.00010000,37685 37686 37687 37689 37692 37706 37728
421,144.00000000,-57.00010000,37701 37702 37703 37705 37707 37708 37712
422,151.20000000,-57.00010000,37365 37366 37367 37369 37370 37371 37372
423,158.40000000,-57.00010000,38022 38023 38025 38026 38027 38028 38048
424,165.60000000,-57.00010000,37942 37943 37945 37946 37947 37948 38021 38032
425,172.80000000,-57.00010000,37941 37961 37962 37963 37964 37984
426,180.00000000,-57.00010000,37957 37958 37959 37968 43145 43146 43147 43168
427,187.20000000,-57.00010000,43066 43141 43142 43143 43148 43152
428,194.40000000,-57.00010000,43059 43061 43062 43063 43065 43067 43068 43082 43104
429,201.60000000,-57.00010000,43077 43078 43079 43081 43083 43084 43088
430,208.80000000,-57.00010000,41717 41718 41719 41721 41722 41723 41724
431,216.00000000,-57.00010000,41862 41863 41864 41865 41866 41867 41868 41888
432,223.20000000,-57.00010000,41782 41785 41786 41787 41788 41861 41872
433,230.40000000,-57.00010000,41781 41783 41801 41802 41803 41804 41824
434,237.60000000,-57.00010000,41465 41466 41467 41468 41797 41798 41799 41808
435,244.80000000,-57.00010000,41461 41462 41463 42122 42123 42144
436,252.00000000,-57.00010000,42042 42043 42117 42118 42119 42121 42124 42128
437,259.20000000,-57.00010000,42037 42038 42039 42041 42044 42080
438,266.40000000,-57.00010000,42053 42054 42055 42057 42058 42059 42060 42064
439,273.60000000,-57.00010000,47237 47238 47239 47241 47242 47243 47244 47264
440,280.80000000,-57.00010000,47158 47161 47162 47163 47164 47248
441,288.00000000,-57.00010000,47157 47159 47174 47177 47178 47179 47180 47200
442,295.20000000,-57.00010000,45817 45818 45819 47173 47175 47184
443,302.40000000,-57.00010000,45813 45814 45815 45820 45961 45962 45963 45984
444,309.60000000,-57.00010000,45882 45883 45957 45958 45959 45964 45968
445,316.80000000,-57.00010000,45877 45878 45879 45881 45884 45898 45920
446,324.00000000,-57.00010000,45893 45894 45895 45897 45899 45900 45904
447,331.20000000,-57.00010000,45557 45558 45559 45561 45562 45563 45564
448,338.40000000,-57.00010000,46214 46215 46217 46218 46219 46220 46240
449,345.60000000,-57.00010000,46134 46135 46137 46138 46139 46140 46213 46224
450,352.80000000,-57.00010000,46133 46153 46154 46155 46156 46176
451,3.48690228,-55.00010000,34957 34958 34959 34977 34978 34979 34980 34981 34982 34984 34985 34986
452,10.40997921,-55.00010000,34878 34961 34962 34963 34964 34966 34968 34969 34970
453,17.33305613,-55.00010000,34877 34879 34894 34913 34914 34915 34916 34918 34920 34921 34922 34965
454,24.25613305,-55.00010000,34893 34895 34897 34898 34899 34902 34904 34905 34906 34917
455,31.17920997,-55.00010000,33533 33534 33535 33697 33698 33699 33704 33705 33706 34900 34901
456,38.10228690,-55.00010000,33677 33678 33679 33682 33683 33688 33689 33690 33700 33701 33702
457,45.02536382,-55.00010000,33597 33598 33599 33634 33640 33641 33642 33681 33684 33685 33686
458,51.94844074,-55.00010000,33613 33614 33615 33624 33625 33626 33633 33635 33636 33637 33638
459,58.87151767,-55.00010000,33277 33278 33279 33617 33618 33619 33620 33621 33622 33960 33962
460,65.79459459,-55.00010000,33934 33935 33946 33953 33954 33955 33956 33957 33958 33961
461,72.71767151,-55.00010000,33854 33855 33898 33933 33937 33938 33939 33940 33941 33942 33944 33945
462,79.64074844,-55.00010000,33853 33889 33890 33891 33892 33893 33894 33896 33897
463,86.56382536,-55.00010000,33869 33870 33871 33873 33874 33875 33876 33877 33878 33880 33881 33882
464,93.48690228,-55.00010000,39053 39054 39055 39073 39074 39075 39076 39077 39078 39080 39081 39082
465,100.40997921,-55.00010000,38974 39057 39058 39059 39060 39062 39064 39065 39066
466,107.33305613,-55.00010000,38973 38975 38990 39009 39010 39011 39012 39014 39016 39017 39018 39061
467,114.25613305,-55.00010000,38989 38991 38993 38994 38995 38998 39000 39001 39002 39013
468,121.17920997,-55.00010000,37629 37630 37631 37793 37794 37795 37800 37801 37802 38996 38997
469,128.10228690,-55.00010000,37773 37774 37775 37778 37779 37784 37785 37786 37796 37797 37798
470,135.02536382,-55.00010000,37693 37694 37695 37730 37736 37737 37738 37777 37780 37781 37782
471,141.94844074,-55.00010000,37709 37710 37711 37720 37721 37722 37729 37731 37732 37733 37734
472,148.87151767,-55.00010000,37373 37374 37375 37713 37714 37715 37716 37717 37718 38056 38058
473,155.79459459,-55.00010000,38030 38031 38042 38049 38050 38051 38052 38053 38054 38057
474,162.71767151,-55.00010000,37950 37951 37994 38029 38033 38034 38035 38036 38037 38038 38040 38041
475,169.64074844,-55.00010000,37949 37985 37986 37987 37988 37989 37990 37992 37993
476,176.56382536,-55.00010000,37965 37966 37967 37969 37970 37971 37972 37973 37974 37976 37977 37978
477,183.48690228,-55.00010000,43149 43150 43151 43169 43170 43171 43172 43173 43174 43176 43177 43178
478,190.40997921,-55.00010000,43070 43153 43154 43155 43156 43158 43160 43161 43162
479,197.33305613,-55.00010000,43069 43071 43086 43105 43106 43107 43108 43110 43112 43113 43114 43157
480,204.25613305,-55.00010000,43085 43087 43089 43090 43091 43094 43096 43097 43098 43109
481,211.17920997,-55.00010000,41725 41726 41727 41889 41890 41891 41896 41897 41898 43092 43093
482,218.10228690,-55.00010000,41869 41870 41871 41874 41875 41880 41881 41882 41892 41893 41894
483,225.02536382,-55.00010000,41789 41790 41791 41826 41832 41833 41834 41873 41876 41877 41878
484,231.94844074,-55.00010000,41805 41806 41807 41816 41817 41818 41825 41827 41828 41829 41830
485,238.87151767,-55.00010000,41469 41470 41471 41809 41810 41811 41812 41813 41814 42152 42154
486,245.79459459,-55.00010000,42126 42127 42138 42145 42146 42147 42148 42149 42150 42153
487,252.71767151,-55.00010000,42046 42047 42090 42125 42129 42130 42131 42132 42133 42134 42136 42137
488,259.64074844,-55.00010000,42045 42081 42082 42083 42084 42085 42086 42088 42089
489,266.56382536,-55.00010000,42061 42062 42063 42065 42066 42067 42068 42069 42070 42072 42073 42074
490,273.48690228,-55.00010000,47245 47246 47247 47265 47266 47267 47268 47269 47270 47272 47273 47274
491,280.40997921,-55.00010000,47166 47249 47250 47251 47252 47254 47256 47257 47258
492,287.33305613,-55.00010000,47165 47167 47182 47201 47202 47203 47204 47206 47208 47209 47210 47253
493,294.25613305,-55.00010000,47181 47183 47185 47186 47187 47190 47192 47193 47194 47205
494,301.17920997,-55.00010000,45821 45822 45823 45985 45986 45987 45992 45993 45994 47188 47189
495,308.10228690,-55.00010000,45965 45966 45967 45970 45971 45976 45977 45978 45988 45989 45990
496,315.02536382,-55.00010000,45885 45886 45887 45922 45928 45929 45930 45969 45972 45973 45974
497,321.94844074,-55.00010000,45901 45902 45903 45912 45913 45914 45921 45923 45924 45925 45926
498,328.87151767,-55.00010000,45565 45566 45567 45905 45906 45907 45908 45909 45910 46248 46250
499,335.79459459,-55.00010000,46222 46223 46234 46241 46242 46243 46244 46245 46246 46249
500,342.71767151,-55.00010000,46142 46143 46186 46221 46225 46226 46227 46228 46229 46230 46232 46233
501,349.64074844,-55.00010000,46141 46177 46178 46179 46180 46181 46182 46184 46185
502,356.56382536,-55.00010000,46157 46158 46159 46161 46162 46163 46164 46165 46166 46168 46169 46170
503,0.00000000,-53.00010000,34987 35328 35329 35330 35331 35336 46167 46336 46337 46338 46339 46340
504,6.54545455,-53.00010000,34983 34988 34989 34990 34991 34992 34994 34995 35000 35332
505,13.09090909,-53.00010000,34967 34971 34972 34973 34974 34975 34993 34996 35008 35010 35016
506,19.63636364,-53.00010000,34919 34923 34924 34925 34926 34927 34930 34936 35009 35011 35012
507,26.18181818,-53.00010000,34903 34907 34908 34909 34910 34911 34928 34929 34931 34932 35080
508,32.72727273,-53.00010000,33703 33707 33708 33709 33710 33711 35072 35073 35074 35075 35076
509,39.27272727,-53.00010000,33691 33692 33693 33694 33695 33712 33713 33714 33715 33716 33720
510,45.81818182,-53.00010000,33643 33644 33646 33647 33687 33728 33729 33730 33731 33732 33736
511,52.36363636,-53.00010000,33627 33630 33631 33639 33645 33648 33649 33650 33651 33652 33656
512,58.90909091,-53.00010000,33623 33628 33629 33963 33966 34304 34305 34306 34307 34308 34312
513,65.45454545,-53.00010000,33959 33964 33965 33967 33968 33969 33970 33971 33972 33976
514,72.00000000,-53.00010000,33943 33947 33948 33949 33950 33951 33984 33985 33986 33987 33988 33992
515,78.54545455,-53.00010000,33895 33899 33900 33901 33902 33903 33904 33906 33907 33912
516,85.09090909,-53.00010000,33879 33883 33884 33885 33886 33887 33905 33908 34050 34051 34056
517,91.63636364,-53.00010000,34048 34049 34052 39083 39084 39086 39424 39425 39426 39427 39428 39432
518,98.18181818,-53.00010000,39067 39079 39085 39087 39088 39089 39090 39091 39096
519,104.72727273,-53.00010000,39019 39063 39068 39069 39070 39071 39104 39105 39106 39107 39112
520,111.27272727,-53.00010000,39015 39020 39021 39022 39023 39024 39025 39026 39027 39032 39108
521,117.81818182,-53.00010000,38999 39003 39004 39005 39006 39007 39028 39168 39170 39171 39176
522,124.36363636,-53.00010000,37799 37803 37804 37805 37806 37807 37810 37816 39169 39172
523,130.90909091,-53.00010000,37783 37787 37788 37789 37790 37791 37808 37809 37811 37812 37826 37832
524,137.45454545,-53.00010000,37735 37739 37740 37741 37742 37743 37752 37824 37825 37827 37828
525,144.00000000,-53.00010000,37723 37724 37725 37726 37727 37744 37745 37746 37747 37748
526,150.54545455,-53.00010000,37719 38059 38060 38062 38063 38400 38401 38402 38403 38404 38408
527,157.09090909,-53.00010000,38043 38046 38047 38055 38061 38064 38065 38066 38067 38068 38072
528,163.63636364,-53.00010000,37995 37998 37999 38039 38044 38045 38080 38081 38082 38083 38084 38088
529,170.18181818,-53.00010000,37991 37996 37997 38000 38001 38002 38003 38004 38008
530,176.72727273,-53.00010000,37975 37979 37980 37981 37982 37983 38144 38145 38146 38147 38148 38152
531,183.27272727,-53.00010000,43175 43179 43180 43181 43182 43183 43520 43521 43522 43523 43524 43528
532,189.81818182,-53.00010000,43163 43164 43166 43184 43185 43186 43187 43188 43192
533,196.36363636,-53.00010000,43115 43116 43118 43159 43165 43167 43200 43201 43202 43203 43204 43208
534,202.90909091,-53.00010000,43099 43102 43111 43117 43119 43120 43121 43122 43123 43124 43128
535,209.45454545,-53.00010000,41899 43095 43100 43101 43103 43264 43265 43266 43267 43268 43272
536,216.00000000,-53.00010000,41895 41900 41901 41902 41903 41904 41905 41906 41907 41912
537,222.54545455,-53.00010000,41879 41883 41884 41885 41886 41887 41908 41920 41922 41923 41928
538,229.09090909,-53.00010000,41831 41835 41836 41837 41838 41839 41840 41842 41843 41848 41921 41924
539,235.63636364,-53.00010000,41815 41819 41820 41821 41822 41823 41841 41844 42498 42504
540,242.18181818,-53.00010000,42151 42155 42156 42157 42158 42159 42168 42496 42497 42499 42500
541,248.72727273,-53.00010000,42139 42140 42141 42142 42143 42160 42161 42162 42163 42164 42184
542,255.27272727,-53.00010000,42091 42092 42093 42094 42095 42135 42176 42177 42178 42179 42180
543,261.81818182,-53.00010000,42075 42078 42079 42087 42096 42097 42098 42099 42100
544,268.36363636,-53.00010000,42071 42076 42077 42240 42241 42242 42243 42244 42248 47616 47618 47624
545,274.90909091,-53.00010000,47271 47275 47276 47277 47278 47279 47282 47288 47617 47619 47620
546,281.45454545,-53.00010000,47255 47259 47260 47261 47262 47263 47280 47281 47283 47284
547,288.00000000,-53.00010000,47207 47211 47212 47213 47214 47215 47296 47297 47298 47299 47300 47304
548,294.54545455,-53.00010000,47195 47196 47198 47199 47216 47217 47218 47219 47220 47224
549,301.09090909,-53.00010000,45995 45996 45998 47191 47197 47360 47361 47362 47363 47364 47368
550,307.63636364,-53.00010000,45979 45982 45991 45997 45999 46000 46001 46002 46003 46004 46008
551,314.18181818,-53.00010000,45931 45975 45980 45981 45983 46016 46017 46018 46019 46020 46024
552,320.72727273,-53.00010000,45927 45932 45933 45934 45935 45936 45937 45938 45939 45940 45944
553,327.27272727,-53.00010000,45911 45915 45916 45917 45918 45919 46592 46593 46594 46595 46600
554,333.81818182,-53.00010000,46247 46251 46252 46253 46254 46255 46256 46258 46259 46264 46596
555,340.36363636,-53.00010000,46231 46235 46236 46237 46238 46239 46257 46260 46274 46275 46280
556,346.90909091,-53.00010000,46183 46187 46188 46189 46190 46191 46194 46200 46272 46273 46276
557,353.45454545,-53.00010000,46171 46172 46173 46174 46175 46192 46193 46195 46196 46344
558,3.17803831,-51.00010000,35333 35334 35335 35337 35338 35339 35340 35360
559,9.49382778,-51.00010000,34998 35001 35002 35003 35004 35344
560,15.80961726,-51.00010000,34997 34999 35014 35017 35018 35019 35020 35040
561,22.12540673,-51.00010000,34934 34937 34938 34939 34940 35013 35015 35024
562,28.44119620,-51.00010000,34933 34935 35081 35082 35083 35084 35104
563,34.75698568,-51.00010000,33721 33722 33723 35077 35078 35079 35088
564,41.07277515,-51.00010000,33717 33718 33719 33724 33737 33738 33739 33760
565,47.38856462,-51.00010000,33658 33659 33733 33734 33735 33740 33744
566,53.70435410,-51.00010000,33653 33654 33655 33657 33660 34314 34336
567,60.02014357,-51.00010000,33978 34309 34310 34311 34313 34315 34316 34320
568,66.33593304,-51.00010000,33973 33974 33975 33977 33979 33980 34016
569,72.65172252,-51.00010000,33989 33990 33991 33993 33994 33995 33996 34000
570,78.96751199,-51.00010000,33910 33911 33913 33914 33915 33916
571,85.28330147,-51.00010000,33909 34054 34055 34057 34058 34059 34060 34080
572,91.59909094,-51.00010000,34053 34064 39430 39433 39434 39435 39436 39456
573,97.91488041,-51.00010000,39097 39098 39099 39100 39429 39431 39440
574,104.23066989,-51.00010000,39092 39093 39094 39095 39113 39114 39115 39136
575,110.54645936,-51.00010000,39033 39034 39035 39109 39110 39111 39116 39120
576,116.86224883,-51.00010000,39029 39030 39031 39036 39178 39179 39200
577,123.17803831,-51.00010000,37818 39173 39174 39175 39177 39180 39184
578,129.49382778,-51.00010000,37813 37814 37815 37817 37819 37820 37834 37856
579,135.80961726,-51.00010000,37829 37830 37831 37833 37835 37836 37840
580,142.12540673,-51.00010000,37749 37750 37751 37753 37754 37755 37756 38432
581,148.44119620,-51.00010000,38405 38406 38407 38409 38410 38411 38412
582,154.75698568,-51.00010000,38070 38071 38073 38074 38075 38076 38416
583,161.07277515,-51.00010000,38069 38086 38087 38089 38090 38091 38092 38112
584,167.38856462,-51.00010000,38006 38009 38010 38011 38012 38085 38096
585,173.70435410,-51.00010000,38005 38007 38153 38154 38155 38156 38176
586,180.02014357,-51.00010000,38149 38150 38151 38160 43529 43530 43531 43552
587,186.33593304,-51.00010000,43194 43195 43525 43526 43527 43532 43536
588,192.65172252,-51.00010000,43189 43190 43191 43193 43196 43210 43232
589,198.96751199,-51.00010000,43130 43205 43206 43207 43209 43211 43212 43216
590,205.28330147,-51.00010000,43125 43126 43127 43129 43131 43132 43296
591,211.59909094,-51.00010000,43269 43270 43271 43273 43274 43275 43276
592,217.91488041,-51.00010000,41909 41910 41911 41913 41914 41915 41916 43280
593,224.23066989,-51.00010000,41926 41927 41929 41930 41931 41932 41952
594,230.54645936,-51.00010000,41846 41847 41849 41850 41851 41852 41925 41936
595,236.86224883,-51.00010000,41845 42502 42505 42506 42507 42508 42528
596,243.17803831,-51.00010000,42169 42170 42171 42172 42501 42503 42512
597,249.49382778,-51.00010000,42165 42166 42167 42185 42186 42187 42188 42208
598,255.80961726,-51.00010000,42104 42105 42106 42107 42181 42182 42183 42192
599,262.12540673,-51.00010000,42101 42102 42103 42250 42251 42272
600,268.44119620,-51.00010000,42245 42246 42247 42249 42252 42256 47626 47648
601,274.75698568,-51.00010000,47290 47621 47622 47623 47625 47627 47628 47632
602,281.07277515,-51.00010000,47285 47286 47287 47289 47291 47292
603,287.38856462,-51.00010000,47301 47302 47303 47305 47306 47307 47308 47328
604,293.70435410,-51.00010000,47221 47222 47223 47225 47226 47227 47228 47312
605,300.02014357,-51.00010000,47366 47367 47369 47370 47371 47372 47392
606,306.33593304,-51.00010000,46006 46009 46010 46011 46012 47365 47376
607,312.65172252,-51.00010000,46005 46007 46025 46026 46027 46028 46048
608,318.96751199,-51.00010000,45945 45946 45947 45948 46021 46022 46023 46032
609,325.28330147,-51.00010000,45941 45942 45943 46601 46602 46603 46624
610,331.59909094,-51.00010000,46266 46267 46597 46598 46599 46604 46608
611,337.91488041,-51.00010000,46261 46262 46263 46265 46268 46282 46283 46304
612,344.23066989,-51.00010000,46202 46203 46277 46278 46279 46281 46284 46288
613,350.54645936,-51.00010000,46197 46198 46199 46201 46204 46368
614,356.86224883,-51.00010000,46341 46342 46343 46345 46346 46347 46348 46352
615,0.00000000,-49.00010000,35361 35362 35363 35368 35369 35370 46353 46354 46355 46356 46357 46358
616,6.00000000,-49.00010000,35341 35342 35343 35346 35347 35352 35353 35354 35364 35365 35366
617,12.00000000,-49.00010000,35005 35006 35007 35042 35048 35050 35345 35348 35349 35350
618,18.00000000,-49.00010000,35021 35022 35023 35026 35032 35034 35041 35043 35044 35045 35046 35049
619,24.00000000,-49.00010000,34941 34942 34943 35025 35027 35028 35029 35030 35033 35112 35114
620,30.00000000,-49.00010000,35085 35086 35087 35098 35105 35106 35107 35108 35109 35110 35113
621,36.00000000,-49.00010000,33726 33727 35089 35090 35091 35092 35093 35094 35096 35097
622,42.00000000,-49.00010000,33725 33742 33743 33761 33762 33763 33764 33765 33766 33768 33769 33770
623,48.00000000,-49.00010000,33662 33741 33745 33746 33747 33748 33749 33750 33752 33753 33754
624,54.00000000,-49.00010000,33661 33663 34337 34338 34339 34340 34342 34344 34345 34346
625,60.00000000,-49.00010000,34317 34318 34319 34321 34322 34323 34324 34326 34328 34329 34330 34341
626,66.00000000,-49.00010000,33981 33982 33983 34018 34019 34022 34024 34025 34026 34325
627,72.00000000,-49.00010000,33997 33998 33999 34002 34003 34006 34008 34009 34010 34017 34020 34021
628,78.00000000,-49.00010000,33917 33918 33919 34001 34004 34005 34082 34088 34089 34090
629,84.00000000,-49.00010000,34061 34062 34063 34072 34073 34074 34081 34083 34084 34085 34086
630,90.00000000,-49.00010000,34065 34066 34067 34068 34069 34070 39457 39458 39459 39464 39465 39466
631,96.00000000,-49.00010000,39437 39438 39439 39442 39443 39448 39449 39450 39460 39461 39462
632,102.00000000,-49.00010000,39101 39102 39103 39138 39144 39146 39441 39444 39445 39446
633,108.00000000,-49.00010000,39117 39118 39119 39122 39128 39130 39137 39139 39140 39141 39142 39145
634,114.00000000,-49.00010000,39037 39038 39039 39121 39123 39124 39125 39126 39129 39208 39210
635,120.00000000,-49.00010000,39181 39182 39183 39194 39201 39202 39203 39204 39205 39206 39209
636,126.00000000,-49.00010000,37822 37823 39185 39186 39187 39188 39189 39190 39192 39193
637,132.00000000,-49.00010000,37821 37838 37839 37857 37858 37859 37860 37861 37862 37864 37865 37866
638,138.00000000,-49.00010000,37758 37837 37841 37842 37843 37844 37845 37846 37848 37849 37850
639,144.00000000,-49.00010000,37757 37759 38433 38434 38435 38436 38438 38440 38441 38442
640,150.00000000,-49.00010000,38413 38414 38415 38417 38418 38419 38420 38422 38424 38425 38426 38437
641,156.00000000,-49.00010000,38077 38078 38079 38114 38115 38118 38120 38121 38122 38421
642,162.00000000,-49.00010000,38093 38094 38095 38098 38099 38102 38104 38105 38106 38113 38116 38117
643,168.00000000,-49.00010000,38013 38014 38015 38097 38100 38101 38178 38179 38184 38185 38186
644,174.00000000,-49.00010000,38157 38158 38159 38168 38169 38170 38177 38180 38181 38182
645,180.00000000,-49.00010000,38161 38162 38163 38164 38165 38166 43553 43554 43555 43560 43561 43562
646,186.00000000,-49.00010000,43533 43534 43535 43538 43539 43544 43545 43546 43556 43557 43558
647,192.00000000,-49.00010000,43197 43198 43199 43234 43240 43242 43537 43540 43541 43542
648,198.00000000,-49.00010000,43213 43214 43215 43218 43224 43226 43233 43235 43236 43237 43238 43241
649,204.00000000,-49.00010000,43133 43134 43135 43217 43219 43220 43221 43222 43225 43304 43306
650,210.00000000,-49.00010000,43277 43278 43279 43290 43297 43298 43299 43300 43301 43302 43305
651,216.00000000,-49.00010000,41918 41919 43281 43282 43283 43284 43285 43286 43288 43289
652,222.00000000,-49.00010000,41917 41934 41935 41953 41954 41955 41956 41957 41958 41960 41961 41962
653,228.00000000,-49.00010000,41854 41933 41937 41938 41939 41940 41941 41942 41944 41945 41946
654,234.00000000,-49.00010000,41853 41855 42529 42530 42531 42532 42534 42536 42537 42538
655,240.00000000,-49.00010000,42509 42510 42511 42513 42514 42515 42516 42518 42520 42521 42522 42533
656,246.00000000,-49.00010000,42173 42174 42175 42210 42211 42214 42216 42217 42218 42517
657,252.00000000,-49.00010000,42189 42190 42191 42194 42195 42198 42200 42201 42202 42209 42212 42213
658,258.00000000,-49.00010000,42108 42109 42110 42111 42193 42196 42197 42274 42275 42280 42281 42282
659,264.00000000,-49.00010000,42253 42254 42255 42264 42265 42266 42273 42276 42277 42278
660,270.00000000,-49.00010000,42257 42258 42259 42260 42261 42262 47649 47650 47651 47656 47657 47658
661,276.00000000,-49.00010000,47629 47630 47631 47634 47635 47640 47641 47642 47652 47653 47654
662,282.00000000,-49.00010000,47293 47294 47295 47330 47336 47338 47633 47636 47637 47638
663,288.00000000,-49.00010000,47309 47310 47311 47314 47320 47322 47329 47331 47332 47333 47334 47337
664,294.00000000,-49.00010000,47229 47230 47231 47313 47315 47316 47317 47318 47321 47400 47402
665,300.00000000,-49.00010000,47373 47374 47375 47386 47393 47394 47395 47396 47397 47398 47401
666,306.00000000,-49.00010000,46014 46015 47377 47378 47379 47380 47381 47382 47384 47385
667,312.00000000,-49.00010000,46013 46030 46031 46049 46050 46051 46052 46053 46054 46056 46057 46058
668,318.00000000,-49.00010000,45950 46029 46033 46034 46035 46036 46037 46038 46040 46041 46042
669,324.00000000,-49.00010000,45949 45951 46625 46626 46627 46628 46630 46632 46633 46634
670,330.00000000,-49.00010000,46605 46606 46607 46609 46610 46611 46612 46614 46616 46617 46618 46629
671,336.00000000,-49.00010000,46269 46270 46271 46306 46307 46310 46312 46313 46314 46613
672,342.00000000,-49.00010000,46285 46286 46287 46290 46291 46294 46296 46297 46298 46305 46308 46309
673,348.00000000,-49.00010000,46205 46206 46207 46289 46292 46293 46370 46371 46376 46377 46378
674,354.00000000,-49.00010000,46349 46350 46351 46360 46361 46362 46369 46372 46373 46374
675,2.93256386,-47.00010000,35367 35371 35372 35373 35374 35456 35457 35458
676,8.73901547,-47.00010000,35355 35356 35357 35358 35376 35377 35378
677,14.54546709,-47.00010000,35051 35052 35054 35351 35392 35393 35394
678,20.35191870,-47.00010000,35035 35036 35038 35047 35053 35056 35057 35058
679,26.15837031,-47.00010000,35031 35037 35115 35118 35200 35201 35202
680,31.96482192,-47.00010000,35099 35111 35116 35117 35120 35121 35122
681,37.77127354,-47.00010000,33771 35095 35100 35101 35102 35136 35137 35138
682,43.57772515,-47.00010000,33767 33772 33773 33774 33776 33777 33778
683,49.38417676,-47.00010000,33751 33755 33756 33757 33758 34432 34433 34434
684,55.19062838,-47.00010000,34343 34347 34348 34349 34350 34352 34354
685,60.99707999,-47.00010000,34327 34331 34332 34333 34334 34353 34370
686,66.80353160,-47.00010000,34023 34027 34028 34029 34030 34034 34368 34369
687,72.60998321,-47.00010000,34007 34011 34012 34013 34014 34032 34033 34178
688,78.41643483,-47.00010000,34087 34091 34092 34093 34094 34176 34177
689,84.22288644,-47.00010000,34075 34076 34077 34078 34096 34097 34098
690,90.02933805,-47.00010000,34071 34112 34113 34114 39467 39552 39553 39554
691,95.83578967,-47.00010000,39451 39463 39468 39469 39470 39472 39473 39474
692,101.64224128,-47.00010000,39447 39452 39453 39454 39488 39490
693,107.44869289,-47.00010000,39143 39147 39148 39149 39150 39152 39154 39489
694,113.25514451,-47.00010000,39127 39131 39132 39133 39134 39153 39296 39298
695,119.06159612,-47.00010000,39207 39211 39212 39213 39214 39218 39297
696,124.86804773,-47.00010000,39191 39195 39196 39197 39198 39216 39217
697,130.67449934,-47.00010000,37863 37867 37868 37869 37870 39232 39233 39234
698,136.48095096,-47.00010000,37851 37852 37853 37854 37872 37873 37874
699,142.28740257,-47.00010000,37847 38443 38444 38445 38446 38528 38529 38530
700,148.09385418,-47.00010000,38427 38428 38430 38439 38448 38449 38450
701,153.90030580,-47.00010000,38123 38126 38423 38429 38464 38465 38466
702,159.70675741,-47.00010000,38107 38110 38119 38124 38125 38128 38129 38130
703,165.51320902,-47.00010000,38103 38108 38109 38187 38190 38272 38273 38274
704,171.31966063,-47.00010000,38183 38188 38189 38192 38193 38194
705,177.12611225,-47.00010000,38167 38171 38172 38173 38174 38208 38209 38210
706,182.93256386,-47.00010000,43559 43563 43564 43565 43566 43648 43649 43650
707,188.73901547,-47.00010000,43547 43548 43549 43550 43568 43569 43570
708,194.54546709,-47.00010000,43243 43244 43246 43543 43584 43585 43586
709,200.35191870,-47.00010000,43227 43228 43230 43239 43245 43248 43249 43250
710,206.15837031,-47.00010000,43223 43229 43307 43310 43392 43393 43394
711,211.96482192,-47.00010000,43291 43303 43308 43309 43312 43313 43314
712,217.77127354,-47.00010000,41963 43287 43292 43293 43294 43328 43329 43330
713,223.57772515,-47.00010000,41959 41964 41965 41966 41968 41969 41970
714,229.38417676,-47.00010000,41943 41947 41948 41949 41950 42624 42625 42626
715,235.19062838,-47.00010000,42535 42539 42540 42541 42542 42544 42546
716,240.99707999,-47.00010000,42519 42523 42524 42525 42526 42545 42562
717,246.80353160,-47.00010000,42215 42219 42220 42221 42222 42226 42560 42561
718,252.60998321,-47.00010000,42199 42203 42204 42205 42206 42224 42225 42370
719,258.41643483,-47.00010000,42279 42283 42284 42285 42286 42368 42369
720,264.22288644,-47.00010000,42267 42268 42269 42270 42288 42289 42290
721,270.02933805,-47.00010000,42263 42304 42305 42306 47659 47744 47745 47746
722,275.83578967,-47.00010000,47643 47655 47660 47661 47662 47664 47665 47666
723,281.64224128,-47.00010000,47639 47644 47645 47646 47680 47682
724,287.44869289,-47.00010000,47335 47339 47340 47341 47342 47344 47346 47681
725,293.25514451,-47.00010000,47319 47323 47324 47325 47326 47345 47488 47490
726,299.06159612,-47.00010000,47399 47403 47404 47405 47406 47410 47489
727,304.86804773,-47.00010000,47383 47387 47388 47389 47390 47408 47409
728,310.67449934,-47.00010000,46055 46059 46060 46061 46062 47424 47425 47426
729,316.48095096,-47.00010000,46043 46044 46045 46046 46064 46065 46066
730,322.28740257,-47.00010000,46039 46635 46636 46637 46638 46720 46721 46722
731,328.09385418,-47.00010000,46619 46620 46622 46631 46640 46641 46642
732,333.90030580,-47.00010000,46315 46318 46615 46621 46656 46657 46658
733,339.70675741,-47.00010000,46299 46302 46311 46316 46317 46320 46321 46322
734,345.51320902,-47.00010000,46295 46300 46301 46379 46382 46464 46465 46466
735,351.31966063,-47.00010000,46375 46380 46381 46384 46385 46386
736,357.12611225,-47.00010000,46359 46363 46364 46365 46366 46400 46401 46402
737,0.00000000,-45.00010000,35459 35464 35465 35466 35467 35488 46403 46404 46405 46406 46407 46416
738,5.62500000,-45.00010000,35375 35379 35384 35385 35386 35387 35460 35461 35462 35463 35468 35472
739,11.25000000,-45.00010000,35359 35380 35381 35382 35383 35388 35400 35402 35403 35424
740,16.87500000,-45.00010000,35055 35064 35066 35395 35396 35397 35398 35399 35401 35404 35408
741,22.50000000,-45.00010000,35039 35059 35060 35061 35062 35063 35065 35067 35068 35208 35210 35232
742,28.12500000,-45.00010000,35119 35130 35203 35204 35205 35206 35207 35209 35211 35212 35216
743,33.75000000,-45.00010000,35103 35123 35124 35125 35126 35127 35128 35129 35131 35132 35168
744,39.37500000,-45.00010000,33775 35139 35140 35141 35142 35143 35144 35145 35146 35147 35148 35152
745,45.00000000,-45.00010000,33779 33780 33781 33782 33783 33784 33785 33786 33787 33788
746,50.62500000,-45.00010000,33759 34435 34436 34437 34438 34439 34440 34441 34442 34443 34444 34464
747,56.25000000,-45.00010000,34351 34355 34356 34358 34359 34360 34361 34362 34363 34364 34448
748,61.87500000,-45.00010000,34335 34357 34371 34374 34375 34376 34377 34378 34379 34380 34400
749,67.50000000,-45.00010000,34031 34035 34038 34039 34040 34041 34042 34043 34044 34372 34373 34384
750,73.12500000,-45.00010000,34015 34036 34037 34179 34182 34184 34185 34186 34187 34188 34208
751,78.75000000,-45.00010000,34095 34104 34105 34106 34107 34108 34180 34181 34183 34192
752,84.37500000,-45.00010000,34079 34099 34100 34101 34102 34103 34120 34121 34122 34123 34124 34144
753,90.00000000,-45.00010000,34115 34116 34117 34118 34119 34128 39555 39560 39561 39562 39563 39584
754,95.62500000,-45.00010000,39471 39475 39480 39481 39482 39483 39556 39557 39558 39559 39564 39568
755,101.25000000,-45.00010000,39455 39476 39477 39478 39479 39484 39496 39498 39499 39520
756,106.87500000,-45.00010000,39151 39160 39162 39491 39492 39493 39494 39495 39497 39500 39504
757,112.50000000,-45.00010000,39135 39155 39156 39157 39158 39159 39161 39163 39164 39304 39306 39328
758,118.12500000,-45.00010000,39215 39226 39299 39300 39301 39302 39303 39305 39307 39308 39312
759,123.75000000,-45.00010000,39199 39219 39220 39221 39222 39223 39224 39225 39227 39228 39264
760,129.37500000,-45.00010000,37871 39235 39236 39237 39238 39239 39240 39241 39242 39243 39244 39248
761,135.00000000,-45.00010000,37875 37876 37877 37878 37879 37880 37881 37882 37883 37884
762,140.62500000,-45.00010000,37855 38531 38532 38533 38534 38535 38536 38537 38538 38539 38540 38560
763,146.25000000,-45.00010000,38447 38451 38452 38454 38455 38456 38457 38458 38459 38460 38544
764,151.87500000,-45.00010000,38431 38453 38467 38470 38471 38472 38473 38474 38475 38476 38496
765,157.50000000,-45.00010000,38127 38131 38134 38135 38136 38137 38138 38139 38140 38468 38469 38480
766,163.12500000,-45.00010000,38111 38132 38133 38275 38278 38280 38281 38282 38283 38284 38304
767,168.75000000,-45.00010000,38191 38200 38201 38202 38203 38204 38276 38277 38279 38288
768,174.37500000,-45.00010000,38175 38195 38196 38197 38198 38199 38216 38217 38218 38219 38220 38240
769,180.00000000,-45.00010000,38211 38212 38213 38214 38215 38224 43651 43656 43657 43658 43659 43680
770,185.62500000,-45.00010000,43567 43571 43576 43577 43578 43579 43652 43653 43654 43655 43660 43664
771,191.25000000,-45.00010000,43551 43572 43573 43574 43575 43580 43592 43594 43595 43616
772,196.87500000,-45.00010000,43247 43256 43258 43587 43588 43589 43590 43591 43593 43596 43600
773,202.50000000,-45.00010000,43231 43251 43252 43253 43254 43255 43257 43259 43260 43400 43402 43424
774,208.12500000,-45.00010000,43311 43322 43395 43396 43397 43398 43399 43401 43403 43404 43408
775,213.75000000,-45.00010000,43295 43315 43316 43317 43318 43319 43320 43321 43323 43324 43360
776,219.37500000,-45.00010000,41967 43331 43332 43333 43334 43335 43336 43337 43338 43339 43340 43344
777,225.00000000,-45.00010000,41971 41972 41973 41974 41975 41976 41977 41978 41979 41980
778,230.62500000,-45.00010000,41951 42627 42628 42629 42630 42631 42632 42633 42634 42635 42636 42656
779,236.25000000,-45.00010000,42543 42547 42548 42550 42551 42552 42553 42554 42555 42556 42640
780,241.87500000,-45.00010000,42527 42549 42563 42566 42567 42568 42569 42570 42571 42572 42592
781,247.50000000,-45.00010000,42223 42227 42230 42231 42232 42233 42234 42235 42236 42564 42565 42576
782,253.12500000,-45.00010000,42207 42228 42229 42371 42374 42376 42377 42378 42379 42380 42400
783,258.75000000,-45.00010000,42287 42296 42297 42298 42299 42300 42372 42373 42375 42384
784,264.37500000,-45.00010000,42271 42291 42292 42293 42294 42295 42312 42313 42314 42315 42316 42336
785,270.00000000,-45.00010000,42307 42308 42309 42310 42311 42320 47747 47752 47753 47754 47755 47776
786,275.62500000,-45.00010000,47663 47667 47672 47673 47674 47675 47748 47749 47750 47751 47756 47760
787,281.25000000,-45.00010000,47647 47668 47669 47670 47671 47676 47688 47690 47691 47712
788,286.87500000,-45.00010000,47343 47352 47354 47683 47684 47685 47686 47687 47689 47692 47696
789,292.50000000,-45.00010000,47327 47347 47348 47349 47350 47351 47353 47355 47356 47496 47498 47520
790,298.12500000,-45.00010000,47407 47418 47491 47492 47493 47494 47495 47497 47499 47500 47504
791,303.75000000,-45.00010000,47391 47411 47412 47413 47414 47415 47416 47417 47419 47420 47456
792,309.37500000,-45.00010000,46063 47427 47428 47429 47430 47431 47432 47433 47434 47435 47436 47440
793,315.00000000,-45.00010000,46067 46068 46069 46070 46071 46072 46073 46074 46075 46076
794,320.62500000,-45.00010000,46047 46723 46724 46725 46726 46727 46728 46729 46730 46731 46732 46752
795,326.25000000,-45.00010000,46639 46643 46644 46646 46647 46648 46649 46650 46651 46652 46736
796,331.87500000,-45.00010000,46623 46645 46659 46662 46663 46664 46665 46666 46667 46668 46688
797,337.50000000,-45.00010000,46319 46323 46326 46327 46328 46329 46330 46331 46332 46660 46661 46672
798,343.12500000,-45.00010000,46303 46324 46325 46467 46470 46472 46473 46474 46475 46476 46496
799,348.75000000,-45.00010000,46383 46392 46393 46394 46395 46396 46468 46469 46471 46480
800,354.37500000,-45.00010000,46367 46387 46388 46389 46390 46391 46408 46409 46410 46411 46412 46432
801,2.73465937,-43.00010000,35469 35470 35471 35489 35490 35491 35492 35496
802,8.18920483,-43.00010000,35389 35390 35391 35473 35474 35475 35476 35480
803,13.64375028,-43.00010000,35406 35425 35426 35427 35428 35432
804,19.09829574,-43.00010000,35070 35405 35407 35409 35410 35411 35412 35416
805,24.55284119,-43.00010000,35069 35071 35214 35233 35234 35235 35236 35240
806,30.00738665,-43.00010000,35134 35213 35215 35217 35218 35219 35220 35224
807,35.46193210,-43.00010000,35133 35135 35169 35170 35171 35172 35176
808,40.91647755,-43.00010000,35149 35150 35151 35153 35154 35155 35156 35160
809,46.37102301,-43.00010000,33789 33790 33791 34465 34466 34467 34472
810,51.82556846,-43.00010000,34445 34446 34447 34449 34450 34451 34456 34468
811,57.28011392,-43.00010000,34365 34366 34367 34402 34403 34408 34452
812,62.73465937,-43.00010000,34381 34382 34383 34386 34387 34392 34401 34404
813,68.18920483,-43.00010000,34045 34046 34047 34210 34211 34216 34385 34388
814,73.64375028,-43.00010000,34189 34190 34191 34194 34200 34209 34212
815,79.09829574,-43.00010000,34109 34110 34111 34152 34193 34195 34196
816,84.55284119,-43.00010000,34125 34126 34127 34136 34145 34146 34147 34148
817,90.00738665,-43.00010000,34129 34130 34131 34132 39585 39586 39587 39592
818,95.46193210,-43.00010000,39565 39566 39567 39569 39570 39571 39576 39588
819,100.91647755,-43.00010000,39485 39486 39487 39522 39523 39528 39572
820,106.37102301,-43.00010000,39501 39502 39503 39506 39512 39521 39524
821,111.82556846,-43.00010000,39165 39166 39167 39330 39336 39505 39507 39508
822,117.28011392,-43.00010000,39309 39310 39311 39314 39320 39329 39331 39332
823,122.73465937,-43.00010000,39229 39230 39231 39272 39313 39315 39316
824,128.18920483,-43.00010000,39245 39246 39247 39256 39265 39266 39267 39268
825,133.64375028,-43.00010000,37885 37886 37887 39249 39250 39251 39252
826,139.09829574,-43.00010000,38541 38542 38543 38561 38562 38563 38564 38568
827,144.55284119,-43.00010000,38462 38463 38545 38546 38547 38548 38552
828,150.00738665,-43.00010000,38461 38478 38479 38497 38498 38499 38500 38504
829,155.46193210,-43.00010000,38142 38143 38477 38481 38482 38483 38484 38488
830,160.91647755,-43.00010000,38141 38286 38287 38305 38306 38307 38308 38312
831,166.37102301,-43.00010000,38285 38289 38290 38291 38292 38296
832,171.82556846,-43.00010000,38205 38206 38207 38241 38242 38243 38244 38248
833,177.28011392,-43.00010000,38221 38222 38223 38225 38226 38227 38228 38232
834,182.73465937,-43.00010000,43661 43662 43663 43681 43682 43683 43684 43688
835,188.18920483,-43.00010000,43581 43582 43583 43665 43666 43667 43668 43672
836,193.64375028,-43.00010000,43598 43617 43618 43619 43620 43624
837,199.09829574,-43.00010000,43262 43597 43599 43601 43602 43603 43604 43608
838,204.55284119,-43.00010000,43261 43263 43406 43425 43426 43427 43428 43432
839,210.00738665,-43.00010000,43326 43405 43407 43409 43410 43411 43412 43416
840,215.46193210,-43.00010000,43325 43327 43361 43362 43363 43364 43368
841,220.91647755,-43.00010000,43341 43342 43343 43345 43346 43347 43348 43352
842,226.37102301,-43.00010000,41981 41982 41983 42657 42658 42659 42664
843,231.82556846,-43.00010000,42637 42638 42639 42641 42642 42643 42648 42660
844,237.28011392,-43.00010000,42557 42558 42559 42594 42595 42600 42644
845,242.73465937,-43.00010000,42573 42574 42575 42578 42579 42584 42593 42596
846,248.18920483,-43.00010000,42237 42238 42239 42402 42403 42408 42577 42580
847,253.64375028,-43.00010000,42381 42382 42383 42386 42392 42401 42404
848,259.09829574,-43.00010000,42301 42302 42303 42344 42385 42387 42388
849,264.55284119,-43.00010000,42317 42318 42319 42328 42337 42338 42339 42340
850,270.00738665,-43.00010000,42321 42322 42323 42324 47777 47778 47779 47784
851,275.46193210,-43.00010000,47757 47758 47759 47761 47762 47763 47768 47780
852,280.91647755,-43.00010000,47677 47678 47679 47714 47715 47720 47764
853,286.37102301,-43.00010000,47693 47694 47695 47698 47704 47713 47716
854,291.82556846,-43.00010000,47357 47358 47359 47522 47528 47697 47699 47700
855,297.28011392,-43.00010000,47501 47502 47503 47506 47512 47521 47523 47524
856,302.73465937,-43.00010000,47421 47422 47423 47464 47505 47507 47508
857,308.18920483,-43.00010000,47437 47438 47439 47448 47457 47458 47459 47460
858,313.64375028,-43.00010000,46077 46078 46079 47441 47442 47443 47444
859,319.09829574,-43.00010000,46733 46734 46735 46753 46754 46755 46756 46760
860,324.55284119,-43.00010000,46654 46655 46737 46738 46739 46740 46744
861,330.00738665,-43.00010000,46653 46670 46671 46689 46690 46691 46692 46696
862,335.46193210,-43.00010000,46334 46335 46669 46673 46674 46675 46676 46680
863,340.91647755,-43.00010000,46333 46478 46479 46497 46498 46499 46500 46504
864,346.37102301,-43.00010000,46477 46481 46482 46483 46484 46488
865,351.82556846,-43.00010000,46397 46398 46399 46433 46434 46435 46436 46440
866,357.28011392,-43.00010000,46413 46414 46415 46417 46418 46419 46420 46424
867,0.00000000,-41.00010000,16384 16385 16386 35497 35498 35499 35502 46421 46422 46423 46429
868,5.29411765,-41.00010000,35481 35482 35483 35486 35493 35494 35495 35500 35501 35504 35505 35506
869,10.58823529,-41.00010000,35434 35435 35477 35478 35479 35484 35485 35520 35521 35522
870,15.88235294,-41.00010000,35418 35419 35429 35430 35431 35433 35436 35437 35438 35440 35441 35442
871,21.17647059,-41.00010000,35242 35413 35414 35415 35417 35420 35421 35422 35584 35585 35586
872,26.47058824,-41.00010000,35226 35237 35238 35239 35241 35243 35244 35245 35246 35248 35249 35250
873,31.76470588,-41.00010000,35221 35222 35223 35225 35227 35228 35229 35230 35264 35266
874,37.05882353,-41.00010000,35173 35174 35175 35177 35178 35179 35180 35181 35182 35184 35186 35265
875,42.35294118,-41.00010000,35157 35158 35159 35161 35162 35163 35164 35165 35166 35185 35840 35842
876,47.64705882,-41.00010000,34469 34470 34471 34473 34474 34475 34476 34477 34478 34482 35841
877,52.94117647,-41.00010000,34453 34454 34455 34457 34458 34459 34460 34461 34462 34480 34481 34498
878,58.23529412,-41.00010000,34406 34407 34409 34410 34411 34412 34413 34414 34496 34497
879,63.52941176,-41.00010000,34390 34391 34393 34394 34395 34396 34397 34398 34405 34416 34417 34418
880,68.82352941,-41.00010000,34214 34217 34218 34219 34220 34221 34222 34389 34560 34561 34562
881,74.11764706,-41.00010000,34198 34201 34202 34203 34204 34205 34206 34213 34215 34224 34225 34226
882,79.41176471,-41.00010000,34153 34154 34155 34156 34158 34197 34199 34240 34241 34242
883,84.70588235,-41.00010000,34137 34138 34139 34140 34142 34149 34150 34151 34157 34160 34161 34162
884,90.00000000,-41.00010000,20480 20481 20482 34133 34134 34135 34141 39593 39594 39595 39598
885,95.29411765,-41.00010000,39577 39578 39579 39582 39589 39590 39591 39596 39597 39600 39601 39602
886,100.58823529,-41.00010000,39530 39531 39573 39574 39575 39580 39581 39616 39617 39618
887,105.88235294,-41.00010000,39514 39515 39525 39526 39527 39529 39532 39533 39534 39536 39537 39538
888,111.17647059,-41.00010000,39338 39509 39510 39511 39513 39516 39517 39518 39680 39681 39682
889,116.47058824,-41.00010000,39322 39333 39334 39335 39337 39339 39340 39341 39342 39344 39345 39346
890,121.76470588,-41.00010000,39317 39318 39319 39321 39323 39324 39325 39326 39360 39362
891,127.05882353,-41.00010000,39269 39270 39271 39273 39274 39275 39276 39277 39278 39280 39282 39361
892,132.35294118,-41.00010000,39253 39254 39255 39257 39258 39259 39260 39261 39262 39281 39936 39938
893,137.64705882,-41.00010000,38565 38566 38567 38569 38570 38571 38572 38573 38574 38578 39937
894,142.94117647,-41.00010000,38549 38550 38551 38553 38554 38555 38556 38557 38558 38576 38577 38594
895,148.23529412,-41.00010000,38502 38503 38505 38506 38507 38508 38509 38510 38592 38593
896,153.52941176,-41.00010000,38486 38487 38489 38490 38491 38492 38493 38494 38501 38512 38513 38514
897,158.82352941,-41.00010000,38310 38313 38314 38315 38316 38317 38318 38485 38656 38657 38658
898,164.11764706,-41.00010000,38294 38297 38298 38299 38300 38301 38302 38309 38311 38320 38321 38322
899,169.41176471,-41.00010000,38249 38250 38251 38252 38254 38293 38295 38336 38337 38338
900,174.70588235,-41.00010000,38233 38234 38235 38236 38238 38245 38246 38247 38253 38256 38257 38258
901,180.00000000,-41.00010000,24576 24577 24578 38229 38230 38231 38237 43689 43690 43691 43694
902,185.29411765,-41.00010000,43673 43674 43675 43678 43685 43686 43687 43692 43693 43696 43697 43698
903,190.58823529,-41.00010000,43626 43627 43669 43670 43671 43676 43677 43712 43713 43714
904,195.88235294,-41.00010000,43610 43611 43621 43622 43623 43625 43628 43629 43630 43632 43633 43634
905,201.17647059,-41.00010000,43434 43605 43606 43607 43609 43612 43613 43614 43776 43777 43778
906,206.47058824,-41.00010000,43418 43429 43430 43431 43433 43435 43436 43437 43438 43440 43441 43442
907,211.76470588,-41.00010000,43413 43414 43415 43417 43419 43420 43421 43422 43456 43458
908,217.05882353,-41.00010000,43365 43366 43367 43369 43370 43371 43372 43373 43374 43376 43378 43457
909,222.35294118,-41.00010000,43349 43350 43351 43353 43354 43355 43356 43357 43358 43377 44034
910,227.64705882,-41.00010000,42661 42662 42663 42665 42666 42667 42668 42669 42670 42674 44032 44033
911,232.94117647,-41.00010000,42645 42646 42647 42649 42650 42651 42652 42653 42654 42672 42673 42690
912,238.23529412,-41.00010000,42598 42599 42601 42602 42603 42604 42605 42606 42688 42689
913,243.52941176,-41.00010000,42582 42583 42585 42586 42587 42588 42589 42590 42597 42608 42609 42610
914,248.82352941,-41.00010000,42406 42409 42410 42411 42412 42413 42414 42581 42752 42753 42754
915,254.11764706,-41.00010000,42390 42393 42394 42395 42396 42397 42398 42405 42407 42416 42417 42418
916,259.41176471,-41.00010000,42345 42346 42347 42348 42350 42389 42391 42432 42433 42434
917,264.70588235,-41.00010000,42329 42330 42331 42332 42334 42341 42342 42343 42349 42352 42353 42354
918,270.00000000,-41.00010000,28672 28673 28674 42325 42326 42327 42333 47785 47786 47787 47790
919,275.29411765,-41.00010000,47769 47770 47771 47774 47781 47782 47783 47788 47789 47792 47793 47794
920,280.58823529,-41.00010000,47722 47723 47765 47766 47767 47772 47773 47808 47809 47810
921,285.88235294,-41.00010000,47706 47707 47717 47718 47719 47721 47724 47725 47726 47728 47729 47730
922,291.17647059,-41.00010000,47530 47701 47702 47703 47705 47708 47709 47710 47872 47873 47874
923,296.47058824,-41.00010000,47514 47525 47526 47527 47529 47531 47532 47533 47534 47536 47537 47538
924,301.76470588,-41.00010000,47509 47510 47511 47513 47515 47516 47517 47518 47552 47554
925,307.05882353,-41.00010000,47461 47462 47463 47465 47466 47467 47468 47469 47470 47472 47474 47553
926,312.35294118,-41.00010000,47445 47446 47447 47449 47450 47451 47452 47453 47454 47473 48130
927,317.64705882,-41.00010000,46757 46758 46759 46761 46762 46763 46764 46765 46766 46770 48128 48129
928,322.94117647,-41.00010000,46741 46742 46743 46745 46746 46747 46748 46749 46750 46768 46769 46786
929,328.23529412,-41.00010000,46694 46695 46697 46698 46699 46700 46701 46702 46784 46785
930,333.52941176,-41.00010000,46678 46679 46681 46682 46683 46684 46685 46686 46693 46704 46705 46706
931,338.82352941,-41.00010000,46502 46505 46506 46507 46508 46509 46510 46677 46848 46849 46850
932,344.11764706,-41.00010000,46486 46489 46490 46491 46492 46493 46494 46501 46503 46512 46513 46514
933,349.41176471,-41.00010000,46441 46442 46443 46444 46446 46485 46487 46528 46529 46530
934,354.70588235,-41.00010000,46425 46426 46427 46428 46430 46437 46438 46439 46445 46448 46449 46450
935,2.57352277,-39.00010000,16388 16389 16390 35503 35512 35513 35514
936,7.71637991,-39.00010000,35487 35507 35508 35509 35510 35528 35530
937,12.85923705,-39.00010000,35439 35450 35523 35524 35525 35526 35529
938,18.00209420,-39.00010000,35423 35443 35444 35445 35446 35448 35449 35594
939,23.14495134,-39.00010000,35247 35587 35588 35589 35590 35592 35593
940,28.28780848,-39.00010000,35251 35252 35253 35254 35256 35257 35258
941,33.43066563,-39.00010000,35231 35267 35268 35269 35270 35272 35273 35274
942,38.57352277,-39.00010000,35183 35187 35188 35190 35192 35193 35194
943,43.71637991,-39.00010000,35167 35189 35843 35846 35848 35849 35850
944,48.85923705,-39.00010000,34479 34483 34486 34488 34489 34490 35844 35845
945,54.00209420,-39.00010000,34463 34484 34485 34499 34504 34505 34506
946,59.14495134,-39.00010000,34415 34424 34425 34426 34500 34501 34502
947,64.28780848,-39.00010000,34399 34419 34420 34421 34422 34568 34569 34570
948,69.43066563,-39.00010000,34223 34232 34234 34563 34564 34565 34566
949,74.57352277,-39.00010000,34207 34227 34228 34229 34230 34233 34250
950,79.71637991,-39.00010000,34159 34170 34243 34244 34245 34246 34248 34249
951,84.85923705,-39.00010000,34143 34163 34164 34165 34166 34168 34169
952,90.00209420,-39.00010000,20483 20484 20485 20486 20488 20489 20490
953,95.14495134,-39.00010000,39599 39603 39604 39606 39608 39609 39610
954,100.28780848,-39.00010000,39583 39605 39619 39620 39622 39624 39625 39626
955,105.43066563,-39.00010000,39535 39539 39542 39544 39545 39546 39621
956,110.57352277,-39.00010000,39519 39540 39541 39683 39688 39689 39690
957,115.71637991,-39.00010000,39343 39347 39352 39353 39354 39684 39685 39686
958,120.85923705,-39.00010000,39327 39348 39349 39350 39368 39369 39370
959,126.00209420,-39.00010000,39279 39288 39290 39363 39364 39365 39366
960,131.14495134,-39.00010000,39263 39283 39284 39285 39286 39289 39944 39946
961,136.28780848,-39.00010000,38575 38586 39939 39940 39941 39942 39945
962,141.43066563,-39.00010000,38559 38579 38580 38581 38582 38584 38585
963,146.57352277,-39.00010000,38511 38595 38596 38597 38598 38600 38601 38602
964,151.71637991,-39.00010000,38515 38516 38517 38518 38520 38521 38522
965,156.85923705,-39.00010000,38495 38659 38660 38662 38664 38665 38666
966,162.00209420,-39.00010000,38319 38323 38324 38326 38328 38329 38330 38661
967,167.14495134,-39.00010000,38303 38325 38339 38342 38344 38345 38346
968,172.28780848,-39.00010000,38255 38259 38264 38265 38266 38340 38341
969,177.43066563,-39.00010000,24579 24584 24585 24586 38239 38260 38261 38262
970,182.57352277,-39.00010000,24580 24581 24582 43695 43704 43705 43706
971,187.71637991,-39.00010000,43679 43699 43700 43701 43702 43720 43722
972,192.85923705,-39.00010000,43631 43642 43715 43716 43717 43718 43721
973,198.00209420,-39.00010000,43615 43635 43636 43637 43638 43640 43641 43786
974,203.14495134,-39.00010000,43439 43779 43780 43781 43782 43784 43785
975,208.28780848,-39.00010000,43443 43444 43445 43446 43448 43449 43450
976,213.43066563,-39.00010000,43423 43459 43460 43461 43462 43464 43465 43466
977,218.57352277,-39.00010000,43375 43379 43380 43382 43384 43385 43386
978,223.71637991,-39.00010000,43359 43381 44035 44038 44040 44041 44042
979,228.85923705,-39.00010000,42671 42675 42678 42680 42681 42682 44036 44037
980,234.00209420,-39.00010000,42655 42676 42677 42691 42696 42697 42698
981,239.14495134,-39.00010000,42607 42616 42617 42618 42692 42693 42694
982,244.28780848,-39.00010000,42591 42611 42612 42613 42614 42760 42761 42762
983,249.43066563,-39.00010000,42415 42424 42426 42755 42756 42757 42758
984,254.57352277,-39.00010000,42399 42419 42420 42421 42422 42425 42442
985,259.71637991,-39.00010000,42351 42362 42435 42436 42437 42438 42440 42441
986,264.85923705,-39.00010000,42335 42355 42356 42357 42358 42360 42361
987,270.00209420,-39.00010000,28675 28676 28677 28678 28680 28681 28682
988,275.14495134,-39.00010000,47791 47795 47796 47798 47800 47801 47802
989,280.28780848,-39.00010000,47775 47797 47811 47812 47814 47816 47817 47818
990,285.43066563,-39.00010000,47727 47731 47734 47736 47737 47738 47813
991,290.57352277,-39.00010000,47711 47732 47733 47875 47880 47881 47882
992,295.71637991,-39.00010000,47535 47539 47544 47545 47546 47876 47877 47878
993,300.85923705,-39.00010000,47519 47540 47541 47542 47560 47561 47562
994,306.00209420,-39.00010000,47471 47480 47482 47555 47556 47557 47558
995,311.14495134,-39.00010000,47455 47475 47476 47477 47478 47481 48136 48138
996,316.28780848,-39.00010000,46767 46778 48131 48132 48133 48134 48137
997,321.43066563,-39.00010000,46751 46771 46772 46773 46774 46776 46777
998,326.57352277,-39.00010000,46703 46787 46788 46789 46790 46792 46793 46794
999,331.71637991,-39.00010000,46707 46708 46709 46710 46712 46713 46714
1000,336.85923705,-39.00010000,46687 46851 46852 46854 46856 46857 46858
1001,342.00209420,-39.00010000,46511 46515 46516 46518 46520 46521 46522 46853
1002,347.14495134,-39.00010000,46495 46517 46531 46534 46536 46537 46538
1003,352.28780848,-39.00010000,46447 46451 46456 46457 46458 46532 46533
1004,357.43066563,-39.00010000,16387 16392 16393 16394 46431 46452 46453 46454
1005,0.00000000,-37.00010000,16391 16395 16396 16397 16398 16399 16402 16408 16417 16420
1006,5.00000000,-37.00010000,16400 16401 16403 16404 35511 35515 35516 35517 35518 35519 35560
1007,10.00000000,-37.00010000,35531 35532 35533 35534 35535 35552 35553 35554 35555 35556
1008,15.00000000,-37.00010000,35451 35452 35454 35455 35527 35536 35537 35538 35539 35540 35544
1009,20.00000000,-37.00010000,35447 35453 35595 35598 35616 35617 35618 35619 35620 35624
1010,25.00000000,-37.00010000,35259 35262 35591 35596 35597 35600 35601 35602 35603 35604 35608
1011,30.00000000,-37.00010000,35255 35260 35261 35263 35275 35296 35297 35298 35299 35300 35304
1012,35.00000000,-37.00010000,35271 35276 35277 35278 35279 35280 35281 35282 35283 35288
1013,40.00000000,-37.00010000,35191 35195 35196 35197 35198 35199 35284 35872 35874 35875 35880
1014,45.00000000,-37.00010000,35847 35851 35852 35853 35854 35855 35858 35864 35873 35876
1015,50.00000000,-37.00010000,34487 34491 34492 34493 34494 34495 34536 35856 35857 35859 35860
1016,55.00000000,-37.00010000,34507 34508 34509 34510 34511 34528 34529 34530 34531 34532
1017,60.00000000,-37.00010000,34427 34428 34430 34431 34503 34512 34513 34514 34515 34516 34520
1018,65.00000000,-37.00010000,34423 34429 34571 34572 34574 34592 34593 34594 34595 34596 34600
1019,70.00000000,-37.00010000,34235 34238 34567 34573 34576 34577 34578 34579 34580 34584
1020,75.00000000,-37.00010000,34231 34236 34237 34239 34251 34272 34273 34274 34275 34276 34280
1021,80.00000000,-37.00010000,34247 34252 34253 34254 34255 34256 34257 34258 34259 34264
1022,85.00000000,-37.00010000,20512 20514 20515 20520 34167 34171 34172 34173 34174 34175 34260
1023,90.00000000,-37.00010000,20487 20491 20492 20493 20494 20495 20498 20504 20513 20516
1024,95.00000000,-37.00010000,20496 20497 20499 20500 39607 39611 39612 39613 39614 39615 39656
1025,100.00000000,-37.00010000,39627 39628 39629 39630 39631 39648 39649 39650 39651 39652
1026,105.00000000,-37.00010000,39547 39548 39550 39551 39623 39632 39633 39634 39635 39636 39640
1027,110.00000000,-37.00010000,39543 39549 39691 39692 39694 39712 39713 39714 39715 39716 39720
1028,115.00000000,-37.00010000,39355 39358 39687 39693 39696 39697 39698 39699 39700 39704
1029,120.00000000,-37.00010000,39351 39356 39357 39359 39371 39392 39393 39394 39395 39396 39400
1030,125.00000000,-37.00010000,39367 39372 39373 39374 39375 39376 39377 39378 39379 39384
1031,130.00000000,-37.00010000,39287 39291 39292 39293 39294 39295 39380 39968 39970 39971 39976
1032,135.00000000,-37.00010000,39943 39947 39948 39949 39950 39951 39954 39960 39969 39972
1033,140.00000000,-37.00010000,38583 38587 38588 38589 38590 38591 38632 39952 39953 39955 39956
1034,145.00000000,-37.00010000,38603 38604 38605 38606 38607 38624 38625 38626 38627 38628
1035,150.00000000,-37.00010000,38523 38524 38526 38527 38599 38608 38609 38610 38611 38612 38616
1036,155.00000000,-37.00010000,38519 38525 38667 38668 38670 38688 38689 38690 38691 38692 38696
1037,160.00000000,-37.00010000,38331 38334 38663 38669 38672 38673 38674 38675 38676 38680
1038,165.00000000,-37.00010000,38327 38332 38333 38335 38347 38368 38369 38370 38371 38372 38376
1039,170.00000000,-37.00010000,38343 38348 38349 38350 38351 38352 38353 38354 38355 38360
1040,175.00000000,-37.00010000,24608 24610 24611 24616 38263 38267 38268 38269 38270 38271 38356
1041,180.00000000,-37.00010000,24583 24587 24588 24589 24590 24591 24594 24600 24609 24612
1042,185.00000000,-37.00010000,24592 24593 24595 24596 43703 43707 43708 43709 43710 43711 43752
1043,190.00000000,-37.00010000,43723 43724 43725 43726 43727 43744 43745 43746 43747 43748
1044,195.00000000,-37.00010000,43643 43644 43646 43647 43719 43728 43729 43730 43731 43732 43736
1045,200.00000000,-37.00010000,43639 43645 43787 43788 43790 43808 43809 43810 43811 43812 43816
1046,205.00000000,-37.00010000,43451 43454 43783 43789 43792 43793 43794 43795 43796 43800
1047,210.00000000,-37.00010000,43447 43452 43453 43455 43467 43488 43489 43490 43491 43492 43496
1048,215.00000000,-37.00010000,43463 43468 43469 43470 43471 43472 43473 43474 43475 43480
1049,220.00000000,-37.00010000,43383 43387 43388 43389 43390 43391 43476 44064 44066 44067 44072
1050,225.00000000,-37.00010000,44039 44043 44044 44045 44046 44047 44050 44056 44065 44068
1051,230.00000000,-37.00010000,42679 42683 42684 42685 42686 42687 42728 44048 44049 44051 44052
1052,235.00000000,-37.00010000,42699 42700 42701 42702 42703 42720 42721 42722 42723 42724
1053,240.00000000,-37.00010000,42619 42620 42622 42623 42695 42704 42705 42706 42707 42708 42712
1054,245.00000000,-37.00010000,42615 42621 42763 42764 42766 42784 42785 42786 42787 42788 42792
1055,250.00000000,-37.00010000,42427 42430 42759 42765 42768 42769 42770 42771 42772 42776
1056,255.00000000,-37.00010000,42423 42428 42429 42431 42443 42464 42465 42466 42467 42468 42472
1057,260.00000000,-37.00010000,42439 42444 42445 42446 42447 42448 42449 42450 42451 42456
1058,265.00000000,-37.00010000,28704 28706 28707 28712 42359 42363 42364 42365 42366 42367 42452
1059,270.00000000,-37.00010000,28679 28683 28684 28685 28686 28687 28690 28696 28705 28708
1060,275.00000000,-37.00010000,28688 28689 28691 28692 47799 47803 47804 47805 47806 47807 47848
1061,280.00000000,-37.00010000,47819 47820 47821 47822 47823 47840 47841 47842 47843 47844
1062,285.00000000,-37.00010000,47739 47740 47742 47743 47815 47824 47825 47826 47827 47828 47832
1063,290.00000000,-37.00010000,47735 47741 47883 47884 47886 47904 47905 47906 47907 47908 47912
1064,295.00000000,-37.00010000,47547 47550 47879 47885 47888 47889 47890 47891 47892 47896
1065,300.00000000,-37.00010000,47543 47548 47549 47551 47563 47584 47585 47586 47587 47588 47592
1066,305.00000000,-37.00010000,47559 47564 47565 47566 47567 47568 47569 47570 47571 47576
1067,310.00000000,-37.00010000,47479 47483 47484 47485 47486 47487 47572 48160 48162 48163 48168
1068,315.00000000,-37.00010000,48135 48139 48140 48141 48142 48143 48146 48152 48161 48164
1069,320.00000000,-37.00010000,46775 46779 46780 46781 46782 46783 46824 48144 48145 48147 48148
1070,325.00000000,-37.00010000,46795 46796 46797 46798 46799 46816 46817 46818 46819 46820
1071,330.00000000,-37.00010000,46715 46716 46718 46719 46791 46800 46801 46802 46803 46804 46808
1072,335.00000000,-37.00010000,46711 46717 46859 46860 46862 46880 46881 46882 46883 46884 46888
1073,340.00000000,-37.00010000,46523 46526 46855 46861 46864 46865 46866 46867 46868 46872
1074,345.00000000,-37.00010000,46519 46524 46525 46527 46539 46560 46561 46562 46563 46564 46568
1075,350.00000000,-37.00010000,46535 46540 46541 46542 46543 46544 46545 46546 46547 46552
1076,355.00000000,-37.00010000,16416 16418 16419 16424 46455 46459 46460 46461 46462 46463 46548
1077,2.44155216,-35.00010000,16406 16407 16409 16410 16411 16412 16413 16414 16433
1078,7.30641703,-35.00010000,16405 16448 16449 16450 35558 35561 35562 35563 35564 35565 35566
1079,12.17128189,-35.00010000,35545 35546 35547 35548 35550 35557 35559 35568 35569 35570
1080,17.03614676,-35.00010000,35541 35542 35543 35549 35625 35626 35627 35630 35712 35713 35714
1081,21.90101162,-35.00010000,35599 35610 35611 35621 35622 35623 35628 35629 35632 35633 35634
1082,26.76587649,-35.00010000,35306 35605 35606 35607 35609 35612 35613 35614 35648 35649 35650
1083,31.63074135,-35.00010000,35301 35302 35303 35305 35307 35308 35309 35310 35312 35314
1084,36.49560622,-35.00010000,35285 35286 35287 35289 35290 35291 35292 35293 35294 35313 35970
1085,41.36047108,-35.00010000,35878 35879 35881 35882 35883 35884 35885 35886 35968 35969
1086,46.22533595,-35.00010000,35862 35865 35866 35867 35868 35869 35870 35877 35888 35889 35890
1087,51.09020081,-35.00010000,34537 34538 34539 34540 34542 35861 35863 35904 35905 35906
1088,55.95506567,-35.00010000,34521 34522 34523 34526 34533 34534 34535 34541 34544 34545 34546
1089,60.81993054,-35.00010000,34517 34518 34519 34524 34525 34602 34688 34689 34690
1090,65.68479540,-35.00010000,34575 34597 34598 34599 34601 34603 34604 34605 34606 34608 34610
1091,70.54966027,-35.00010000,34581 34582 34583 34585 34586 34587 34588 34589 34590 34609 34626
1092,75.41452513,-35.00010000,34278 34279 34281 34282 34283 34284 34285 34286 34624 34625
1093,80.27939000,-35.00010000,34262 34265 34266 34267 34268 34269 34270 34277 34288 34289 34290
1094,85.14425486,-35.00010000,20521 20522 20523 20524 20526 20608 20609 20610 34261 34263
1095,90.00911973,-35.00010000,20505 20506 20507 20510 20517 20518 20519 20525 20528 20529 20530
1096,94.87398459,-35.00010000,20501 20502 20503 20508 20509 20544 20545 20546 39658 39659
1097,99.73884946,-35.00010000,39642 39653 39654 39655 39657 39660 39661 39662 39664 39665 39666
1098,104.60371432,-35.00010000,39637 39638 39639 39641 39643 39644 39645 39646 39808 39810
1099,109.46857919,-35.00010000,39717 39718 39719 39721 39722 39723 39724 39725 39726 39730 39809
1100,114.33344405,-35.00010000,39695 39702 39703 39705 39706 39707 39708 39709 39710 39728 39729
1101,119.19830892,-35.00010000,39401 39402 39403 39404 39406 39701 39744 39745 39746
1102,124.06317378,-35.00010000,39385 39386 39387 39390 39397 39398 39399 39408 39409 39410
1103,128.92803865,-35.00010000,39381 39382 39383 39388 39389 39978 39979 40064 40065 40066
1104,133.79290351,-35.00010000,39962 39973 39974 39975 39977 39980 39981 39982 39984 39985 39986
1105,138.65776838,-35.00010000,39957 39958 39959 39961 39963 39964 39965 39966 40000 40002
1106,143.52263324,-35.00010000,38629 38630 38631 38633 38634 38635 38636 38637 38638 38642 40001
1107,148.38749811,-35.00010000,38614 38615 38617 38618 38619 38620 38621 38622 38640 38641
1108,153.25236297,-35.00010000,38613 38694 38697 38698 38699 38700 38701 38702 38784 38785 38786
1109,158.11722784,-35.00010000,38671 38681 38682 38683 38684 38686 38693 38695 38704 38705 38706
1110,162.98209270,-35.00010000,38377 38378 38379 38382 38677 38678 38679 38685 38720 38721 38722
1111,167.84695757,-35.00010000,38362 38363 38373 38374 38375 38380 38381 38384 38385 38386
1112,172.71182243,-35.00010000,24618 24704 24705 24706 38357 38358 38359 38361 38364 38365 38366
1113,177.57668730,-35.00010000,24613 24614 24615 24617 24619 24620 24621 24622 24624 24626
1114,182.44155216,-35.00010000,24598 24599 24601 24602 24603 24604 24605 24606 24625
1115,187.30641703,-35.00010000,24597 24640 24641 24642 43750 43753 43754 43755 43756 43757 43758
1116,192.17128189,-35.00010000,43737 43738 43739 43740 43742 43749 43751 43760 43761 43762
1117,197.03614676,-35.00010000,43733 43734 43735 43741 43817 43818 43819 43822 43904 43905 43906
1118,201.90101162,-35.00010000,43791 43802 43803 43813 43814 43815 43820 43821 43824 43825 43826
1119,206.76587649,-35.00010000,43498 43797 43798 43799 43801 43804 43805 43806 43840 43841 43842
1120,211.63074135,-35.00010000,43493 43494 43495 43497 43499 43500 43501 43502 43504 43506
1121,216.49560622,-35.00010000,43477 43478 43479 43481 43482 43483 43484 43485 43486 43505 44162
1122,221.36047108,-35.00010000,44070 44071 44073 44074 44075 44076 44077 44078 44160 44161
1123,226.22533595,-35.00010000,44054 44057 44058 44059 44060 44061 44062 44069 44080 44081 44082
1124,231.09020081,-35.00010000,42729 42730 42731 42732 42734 44053 44055 44096 44097 44098
1125,235.95506567,-35.00010000,42713 42714 42715 42718 42725 42726 42727 42733 42736 42737 42738
1126,240.81993054,-35.00010000,42709 42710 42711 42716 42717 42794 42880 42881 42882
1127,245.68479540,-35.00010000,42767 42789 42790 42791 42793 42795 42796 42797 42798 42800 42802
1128,250.54966027,-35.00010000,42773 42774 42775 42777 42778 42779 42780 42781 42782 42801 42818
1129,255.41452513,-35.00010000,42470 42471 42473 42474 42475 42476 42477 42478 42816 42817
1130,260.27939000,-35.00010000,42454 42457 42458 42459 42460 42461 42462 42469 42480 42481 42482
1131,265.14425486,-35.00010000,28713 28714 28715 28716 28718 28800 28801 28802 42453 42455
1132,270.00911973,-35.00010000,28697 28698 28699 28702 28709 28710 28711 28717 28720 28721 28722
1133,274.87398459,-35.00010000,28693 28694 28695 28700 28701 28736 28737 28738 47850 47851
1134,279.73884946,-35.00010000,47834 47845 47846 47847 47849 47852 47853 47854 47856 47857 47858
1135,284.60371432,-35.00010000,47829 47830 47831 47833 47835 47836 47837 47838 48000 48002
1136,289.46857919,-35.00010000,47909 47910 47911 47913 47914 47915 47916 47917 47918 47922 48001
1137,294.33344405,-35.00010000,47887 47894 47895 47897 47898 47899 47900 47901 47902 47920 47921
1138,299.19830892,-35.00010000,47593 47594 47595 47596 47598 47893 47936 47937 47938
1139,304.06317378,-35.00010000,47577 47578 47579 47582 47589 47590 47591 47600 47601 47602
1140,308.92803865,-35.00010000,47573 47574 47575 47580 47581 48170 48171 48256 48257 48258
1141,313.79290351,-35.00010000,48154 48165 48166 48167 48169 48172 48173 48174 48176 48177 48178
1142,318.65776838,-35.00010000,48149 48150 48151 48153 48155 48156 48157 48158 48192 48194
1143,323.52263324,-35.00010000,46821 46822 46823 46825 46826 46827 46828 46829 46830 46834 48193
1144,328.38749811,-35.00010000,46806 46807 46809 46810 46811 46812 46813 46814 46832 46833
1145,333.25236297,-35.00010000,46805 46886 46889 46890 46891 46892 46893 46894 46976 46977 46978
1146,338.11722784,-35.00010000,46863 46873 46874 46875 46876 46878 46885 46887 46896 46897 46898
1147,342.98209270,-35.00010000,46569 46570 46571 46574 46869 46870 46871 46877 46912 46913 46914
1148,347.84695757,-35.00010000,46554 46555 46565 46566 46567 46572 46573 46576 46577 46578
1149,352.71182243,-35.00010000,16426 16512 16513 16514 46549 46550 46551 46553 46556 46557 46558
1150,357.57668730,-35.00010000,16421 16422 16423 16425 16427 16428 16429 16430 16432 16434
1151,0.00000000,-33.00010000,16435 16436 16437 16438 16439 16440 16441 16442 16443 16444
1152,4.73684211,-33.00010000,16415 16451 16452 16454 16455 16456 16457 16458 16459 16460 16480
1153,9.47368421,-33.00010000,16453 16464 35567 35571 35576 35577 35578 35579 35580
1154,14.21052632,-33.00010000,35551 35572 35573 35574 35575 35720 35721 35722 35723 35744
1155,18.94736842,-33.00010000,35631 35640 35642 35643 35715 35716 35717 35718 35719 35724 35728
1156,23.68421053,-33.00010000,35615 35635 35636 35637 35638 35639 35641 35644 35658 35680
1157,28.42105263,-33.00010000,35651 35652 35653 35654 35655 35656 35657 35659 35660
1158,33.15789474,-33.00010000,35311 35315 35316 35318 35319 35320 35321 35322 35323 35324 35664
1159,37.89473684,-33.00010000,35295 35317 35971 35974 35976 35977 35978 35979 35980 36000
1160,42.63157895,-33.00010000,35887 35891 35896 35897 35898 35899 35972 35973 35975 35984
1161,47.36842105,-33.00010000,35871 35892 35893 35894 35895 35912 35914 35915 35936
1162,52.10526316,-33.00010000,34543 34554 35907 35908 35909 35910 35911 35913 35916 35920
1163,56.84210526,-33.00010000,34527 34547 34548 34549 34550 34551 34552 34553 34555 34556 34720
1164,61.57894737,-33.00010000,34691 34692 34694 34695 34696 34697 34698 34699 34700
1165,66.31578947,-33.00010000,34607 34611 34614 34616 34617 34618 34619 34620 34693 34704
1166,71.05263158,-33.00010000,34591 34612 34613 34615 34627 34632 34633 34634 34635 34636 34656
1167,75.78947368,-33.00010000,34287 34296 34297 34298 34299 34628 34629 34630 34631 34640
1168,80.52631579,-33.00010000,20618 20640 34271 34291 34292 34293 34294 34295 34300
1169,85.26315789,-33.00010000,20527 20611 20612 20613 20614 20615 20616 20617 20619 20620 20624
1170,90.00000000,-33.00010000,20531 20532 20533 20534 20535 20536 20537 20538 20539 20540
1171,94.73684211,-33.00010000,20511 20547 20548 20550 20551 20552 20553 20554 20555 20556 20576
1172,99.47368421,-33.00010000,20549 20560 39663 39667 39672 39673 39674 39675 39676
1173,104.21052632,-33.00010000,39647 39668 39669 39670 39671 39816 39817 39818 39819 39840
1174,108.94736842,-33.00010000,39727 39736 39738 39739 39811 39812 39813 39814 39815 39820 39824
1175,113.68421053,-33.00010000,39711 39731 39732 39733 39734 39735 39737 39740 39754 39776
1176,118.42105263,-33.00010000,39747 39748 39749 39750 39751 39752 39753 39755 39756
1177,123.15789474,-33.00010000,39405 39407 39411 39412 39414 39415 39416 39417 39418 39419 39420 39760
1178,127.89473684,-33.00010000,39391 39413 40067 40070 40072 40073 40074 40075 40076 40096
1179,132.63157895,-33.00010000,39983 39992 39993 39994 39995 40068 40069 40071 40080
1180,137.36842105,-33.00010000,39967 39987 39988 39989 39990 39991 40008 40010 40011 40032
1181,142.10526316,-33.00010000,38639 38650 40003 40004 40005 40006 40007 40009 40012 40016
1182,146.84210526,-33.00010000,38623 38643 38644 38645 38646 38647 38648 38649 38651 38652 38816
1183,151.57894737,-33.00010000,38787 38788 38790 38791 38792 38793 38794 38795 38796
1184,156.31578947,-33.00010000,38703 38707 38710 38712 38713 38714 38715 38716 38789 38800
1185,161.05263158,-33.00010000,38687 38708 38709 38711 38723 38728 38729 38730 38731 38732 38752
1186,165.78947368,-33.00010000,38383 38392 38393 38394 38395 38724 38725 38726 38727 38736
1187,170.52631579,-33.00010000,24714 24736 38367 38387 38388 38389 38390 38391 38396
1188,175.26315789,-33.00010000,24623 24707 24708 24709 24710 24711 24712 24713 24715 24716 24720
1189,180.00000000,-33.00010000,24627 24628 24629 24630 24631 24632 24633 24634 24635 24636
1190,184.73684211,-33.00010000,24607 24643 24644 24646 24647 24648 24649 24650 24651 24652 24672
1191,189.47368421,-33.00010000,24645 24656 43759 43763 43768 43769 43770 43771 43772
1192,194.21052632,-33.00010000,43743 43764 43765 43766 43767 43912 43913 43914 43915 43936
1193,198.94736842,-33.00010000,43823 43832 43834 43835 43907 43908 43909 43910 43911 43916 43920
1194,203.68421053,-33.00010000,43807 43827 43828 43829 43830 43831 43833 43836 43850 43872
1195,208.42105263,-33.00010000,43843 43844 43845 43846 43847 43848 43849 43851 43852
1196,213.15789474,-33.00010000,43503 43507 43508 43510 43511 43512 43513 43514 43515 43516 43856
1197,217.89473684,-33.00010000,43487 43509 44163 44166 44168 44169 44170 44171 44172 44192
1198,222.63157895,-33.00010000,44079 44083 44088 44089 44090 44091 44164 44165 44167 44176
1199,227.36842105,-33.00010000,44063 44084 44085 44086 44087 44104 44106 44107 44128
1200,232.10526316,-33.00010000,42735 42746 44099 44100 44101 44102 44103 44105 44108 44112
1201,236.84210526,-33.00010000,42719 42739 42740 42741 42742 42743 42744 42745 42747 42748 42912
1202,241.57894737,-33.00010000,42883 42884 42886 42887 42888 42889 42890 42891 42892
1203,246.31578947,-33.00010000,42799 42803 42806 42808 42809 42810 42811 42812 42885 42896
1204,251.05263158,-33.00010000,42783 42804 42805 42807 42819 42824 42825 42826 42827 42828 42848
1205,255.78947368,-33.00010000,42479 42488 42489 42490 42491 42820 42821 42822 42823 42832
1206,260.52631579,-33.00010000,28810 28832 42463 42483 42484 42485 42486 42487 42492
1207,265.26315789,-33.00010000,28719 28803 28804 28805 28806 28807 28808 28809 28811 28812 28816
1208,270.00000000,-33.00010000,28723 28724 28725 28726 28727 28728 28729 28730 28731 28732
1209,274.73684211,-33.00010000,28703 28739 28740 28742 28743 28744 28745 28746 28747 28748 28768
1210,279.47368421,-33.00010000,28741 28752 47855 47859 47864 47865 47866 47867 47868
1211,284.21052632,-33.00010000,47839 47860 47861 47862 47863 48008 48009 48010 48011 48032
1212,288.94736842,-33.00010000,47919 47928 47930 47931 48003 48004 48005 48006 48007 48012 48016
1213,293.68421053,-33.00010000,47903 47923 47924 47925 47926 47927 47929 47932 47946 47968
1214,298.42105263,-33.00010000,47939 47940 47941 47942 47943 47944 47945 47947 47948
1215,303.15789474,-33.00010000,47597 47599 47603 47604 47606 47607 47608 47609 47610 47611 47612 47952
1216,307.89473684,-33.00010000,47583 47605 48259 48262 48264 48265 48266 48267 48268 48288
1217,312.63157895,-33.00010000,48175 48184 48185 48186 48187 48260 48261 48263 48272
1218,317.36842105,-33.00010000,48159 48179 48180 48181 48182 48183 48200 48202 48203 48224
1219,322.10526316,-33.00010000,46831 46842 48195 48196 48197 48198 48199 48201 48204 48208
1220,326.84210526,-33.00010000,46815 46835 46836 46837 46838 46839 46840 46841 46843 46844 47008
1221,331.57894737,-33.00010000,46979 46980 46982 46983 46984 46985 46986 46987 46988
1222,336.31578947,-33.00010000,46895 46899 46902 46904 46905 46906 46907 46908 46981 46992
1223,341.05263158,-33.00010000,46879 46900 46901 46903 46915 46920 46921 46922 46923 46924 46944
1224,345.78947368,-33.00010000,46575 46584 46585 46586 46587 46916 46917 46918 46919 46928
1225,350.52631579,-33.00010000,16522 16544 46559 46579 46580 46581 46582 46583 46588
1226,355.26315789,-33.00010000,16431 16515 16516 16517 16518 16519 16520 16521 16523 16524 16528
1227,2.33326924,-31.00010000,16445 16481 16482 16483 16484 16486 16488 16489 16490
1228,6.94865386,-31.00010000,16461 16462 16463 16465 16466 16467 16472 16473 16474
1229,11.56403847,-31.00010000,16468 16469 35581 35582 35583 35746 35752 35754
1230,16.17942309,-31.00010000,35725 35726 35727 35736 35738 35745 35747 35748 35749 35750
1231,20.79480770,-31.00010000,35646 35647 35729 35730 35731 35732 35733 35734 35737
1232,25.41019232,-31.00010000,35645 35662 35681 35682 35683 35684 35686 35688 35689
1233,30.02557693,-31.00010000,35661 35663 35665 35666 35667 35672 35673 35674
1234,34.64096155,-31.00010000,35325 35326 35327 35668 35669 36002 36003 36008 36009 36010
1235,39.25634616,-31.00010000,35981 35982 35983 35986 35992 35993 35994 36001 36004 36005 36006
1236,43.87173078,-31.00010000,35900 35901 35902 35903 35985 35987 35988 35989 35990
1237,48.48711540,-31.00010000,35918 35919 35937 35938 35939 35940 35942 35944 35945
1238,53.10250001,-31.00010000,35917 35921 35922 35923 35924 35926 35928 35929 35930
1239,57.71788463,-31.00010000,34557 34558 34559 34721 34722 34723 34726 34728 34729 34730 35925
1240,62.33326924,-31.00010000,34701 34702 34703 34706 34712 34714 34724 34725
1241,66.94865386,-31.00010000,34621 34622 34623 34664 34705 34707 34708 34709 34710
1242,71.56403847,-31.00010000,34637 34638 34639 34650 34657 34658 34659 34660 34661 34662 34665
1243,76.17942309,-31.00010000,34302 34641 34642 34643 34644 34645 34646 34648 34649
1244,80.79480770,-31.00010000,20641 20642 20643 20644 20648 20649 20650 34301 34303
1245,85.41019232,-31.00010000,20621 20622 20623 20626 20627 20632 20634 20645
1246,90.02557693,-31.00010000,20541 20542 20543 20578 20584 20585 20586 20625 20628 20629 20630
1247,94.64096155,-31.00010000,20557 20558 20559 20570 20577 20579 20580 20581 20582
1248,99.25634616,-31.00010000,20561 20562 20563 20564 20566 20568 20569 39678 39679
1249,103.87173078,-31.00010000,39677 39822 39841 39842 39843 39844 39845 39848 39849 39850
1250,108.48711540,-31.00010000,39821 39823 39825 39826 39827 39830 39832 39834
1251,113.10250001,-31.00010000,39741 39742 39743 39778 39779 39784 39785 39786 39828 39829
1252,117.71788463,-31.00010000,39757 39758 39759 39768 39777 39780 39781 39782
1253,122.33326924,-31.00010000,39421 39422 39423 39761 39762 39763 39764 39766 39769 40106
1254,126.94865386,-31.00010000,40078 40097 40098 40099 40100 40101 40102 40104 40105
1255,131.56403847,-31.00010000,40077 40079 40081 40082 40083 40084 40086 40088 40089 40090
1256,136.17942309,-31.00010000,39996 39997 39998 39999 40034 40035 40040 40042 40085
1257,140.79480770,-31.00010000,40013 40014 40015 40018 40024 40025 40033 40036 40037 40038
1258,145.41019232,-31.00010000,38653 38654 38655 38824 38826 40017 40019 40020 40021 40022
1259,150.02557693,-31.00010000,38798 38799 38817 38818 38819 38820 38821 38822 38825
1260,154.64096155,-31.00010000,38718 38797 38801 38802 38803 38804 38805 38806 38808 38809 38810
1261,159.25634616,-31.00010000,38717 38719 38753 38754 38755 38758 38760 38762
1262,163.87173078,-31.00010000,38733 38734 38735 38738 38739 38744 38745 38746 38756 38757
1263,168.48711540,-31.00010000,24744 24746 38397 38398 38399 38737 38740 38741 38742
1264,173.10250001,-31.00010000,24717 24718 24719 24730 24737 24738 24739 24740 24741 24742 24745
1265,177.71788463,-31.00010000,24638 24639 24721 24722 24723 24724 24725 24728 24729
1266,182.33326924,-31.00010000,24637 24673 24674 24675 24676 24678 24680 24682
1267,186.94865386,-31.00010000,24653 24654 24655 24657 24658 24659 24662 24664 24665 24666 24677
1268,191.56403847,-31.00010000,24660 24661 43773 43774 43775 43938 43944 43945 43946
1269,196.17942309,-31.00010000,43917 43918 43919 43928 43930 43937 43939 43940 43941 43942
1270,200.79480770,-31.00010000,43838 43839 43921 43922 43923 43924 43925 43929
1271,205.41019232,-31.00010000,43837 43854 43873 43874 43875 43876 43877 43878 43880 43881 43882
1272,210.02557693,-31.00010000,43853 43855 43857 43858 43859 43862 43864 43865 43866
1273,214.64096155,-31.00010000,43517 43518 43519 43860 43861 44194 44195 44200 44201 44202
1274,219.25634616,-31.00010000,44173 44174 44175 44178 44184 44185 44186 44193 44196 44198
1275,223.87173078,-31.00010000,44092 44093 44094 44095 44138 44177 44179 44180 44181
1276,228.48711540,-31.00010000,44110 44111 44129 44130 44131 44132 44133 44134 44136 44137
1277,233.10250001,-31.00010000,44109 44113 44114 44115 44116 44118 44120 44122
1278,237.71788463,-31.00010000,42749 42750 42751 42913 42914 42915 42918 42920 42921 44117
1279,242.33326924,-31.00010000,42893 42894 42895 42898 42904 42905 42906 42916
1280,246.94865386,-31.00010000,42813 42814 42815 42856 42858 42897 42899 42900 42901 42902
1281,251.56403847,-31.00010000,42829 42830 42831 42842 42849 42850 42851 42852 42853 42857
1282,256.17942309,-31.00010000,42494 42833 42834 42835 42836 42837 42838 42840
1283,260.79480770,-31.00010000,28833 28834 28835 28836 28838 28840 28841 42493 42495
1284,265.41019232,-31.00010000,28813 28814 28815 28818 28819 28824 28825 28826 28837
1285,270.02557693,-31.00010000,28733 28734 28735 28770 28776 28777 28778 28817 28820 28821 28822
1286,274.64096155,-31.00010000,28749 28750 28751 28762 28769 28771 28772 28773
1287,279.25634616,-31.00010000,28753 28754 28755 28756 28757 28758 28760 47870 47871
1288,283.87173078,-31.00010000,47869 48014 48033 48034 48035 48036 48037 48038 48040 48041 48042
1289,288.48711540,-31.00010000,48013 48015 48017 48018 48019 48022 48024 48025 48026
1290,293.10250001,-31.00010000,47933 47934 47935 47970 47971 47976 47977 47978 48020
1291,297.71788463,-31.00010000,47949 47950 47951 47960 47962 47969 47972 47973
1292,302.33326924,-31.00010000,47613 47614 47615 47953 47954 47955 47956 47957 47958 47961 48298
1293,306.94865386,-31.00010000,48270 48289 48290 48291 48292 48293 48294 48296 48297
1294,311.56403847,-31.00010000,48269 48271 48273 48274 48275 48276 48278 48280 48281
1295,316.17942309,-31.00010000,48188 48189 48190 48191 48226 48227 48232 48233 48234
1296,320.79480770,-31.00010000,48205 48206 48207 48210 48216 48217 48218 48225 48228 48229 48230
1297,325.41019232,-31.00010000,46845 46846 46847 47016 47018 48209 48211 48212 48213 48214
1298,330.02557693,-31.00010000,46990 46991 47009 47010 47011 47012 47013 47014
1299,334.64096155,-31.00010000,46910 46989 46993 46994 46995 46996 46998 47000 47001
1300,339.25634616,-31.00010000,46909 46911 46945 46946 46947 46950 46952 46953 46954
1301,343.87173078,-31.00010000,46925 46926 46927 46930 46931 46936 46937 46938 46948 46949
1302,348.48711540,-31.00010000,16552 16554 46589 46590 46591 46929 46932 46933
1303,353.10250001,-31.00010000,16525 16526 16527 16545 16546 16547 16548 16549 16550
1304,357.71788463,-31.00010000,16446 16447 16529 16530 16531 16532 16533 16534 16536 16537
1305,0.00000000,-29.00010000,16491 16494 16535 16541 16576 16577 16578
1306,4.55696203,-29.00010000,16485 16487 16492 16493 16496 16497 16498
1307,9.11392405,-29.00010000,16470 16471 16475 16476 16477 16478 16640 16642
1308,13.67088608,-29.00010000,16641 35751 35753 35755 35756 35757 35758
1309,18.22784810,-29.00010000,35739 35740 35741 35742 35760 35761 35762
1310,22.78481013,-29.00010000,35690 35691 35694 35735 35776 35777 35778
1311,27.34177215,-29.00010000,35675 35685 35687 35692 35693 35696 35697 35698
1312,31.89873418,-29.00010000,35670 35671 35676 35677 35678 36352 36354
1313,36.45569620,-29.00010000,36007 36011 36012 36013 36014 36018 36353
1314,41.01265823,-29.00010000,35995 35996 35997 35998 36016 36017
1315,45.56962025,-29.00010000,35946 35947 35948 35950 35991 36032 36033 36034
1316,50.12658228,-29.00010000,35931 35941 35943 35949 35952 35953 35954
1317,54.68354430,-29.00010000,35927 35932 35933 35934 36096 36097 36098
1318,59.24050633,-29.00010000,34727 34731 34732 34733 34734 34738
1319,63.79746835,-29.00010000,34713 34715 34716 34717 34718 34736 34737
1320,68.35443038,-29.00010000,34666 34667 34668 34670 34711 34752 34753 34754
1321,72.91139241,-29.00010000,34651 34663 34669 34672 34673 34674
1322,77.46835443,-29.00010000,20992 20993 20994 34647 34652 34653 34654
1323,82.02531646,-29.00010000,20646 20647 20651 20652 20653 20654 20658
1324,86.58227848,-29.00010000,20631 20633 20635 20636 20637 20638 20656 20657
1325,91.13924051,-29.00010000,20587 20588 20590 20672 20673 20674
1326,95.69620253,-29.00010000,20571 20574 20583 20589 20592 20593 20594
1327,100.25316456,-29.00010000,20565 20567 20572 20573 20736 20737 20738
1328,104.81012658,-29.00010000,39846 39847 39851 39852 39853 39854 39856 39858
1329,109.36708861,-29.00010000,39831 39833 39835 39836 39837 39838 39857
1330,113.92405063,-29.00010000,39787 39788 39789 39790 39872 39873 39874
1331,118.48101266,-29.00010000,39770 39771 39774 39783 39792 39793 39794
1332,123.03797468,-29.00010000,39765 39767 39772 39773 40107 40448 40449 40450
1333,127.59493671,-29.00010000,40103 40108 40109 40110 40112 40114
1334,132.15189873,-29.00010000,40087 40091 40092 40093 40094 40113 40130
1335,136.70886076,-29.00010000,40041 40043 40044 40045 40046 40128 40129
1336,141.26582278,-29.00010000,40026 40027 40028 40030 40039 40048 40049 40050
1337,145.82278481,-29.00010000,38827 40023 40029 40192 40193 40194
1338,150.37974684,-29.00010000,38823 38828 38829 38830 38832 38833 38834
1339,154.93670886,-29.00010000,38807 38811 38812 38813 38814 38850
1340,159.49367089,-29.00010000,38759 38761 38763 38764 38765 38766 38848 38849
1341,164.05063291,-29.00010000,38747 38748 38750 38768 38769 38770
1342,168.60759494,-29.00010000,24747 24750 25088 25089 25090 38743 38749
1343,173.16455696,-29.00010000,24743 24748 24749 24752 24753 24754
1344,177.72151899,-29.00010000,24726 24727 24731 24732 24733 24734 24768 24770
1345,182.27848101,-29.00010000,24679 24681 24683 24684 24685 24686 24769
1346,186.83544304,-29.00010000,24667 24668 24670 24688 24689 24690
1347,191.39240506,-29.00010000,24663 24669 24832 24833 24834 43947 43950
1348,195.94936709,-29.00010000,43943 43948 43949 43952 43953 43954
1349,200.50632911,-29.00010000,43926 43927 43931 43932 43933 43934 43968 43970
1350,205.06329114,-29.00010000,43879 43883 43884 43885 43886 43969
1351,209.62025316,-29.00010000,43867 43868 43869 43870 43888 43889 43890
1352,214.17721519,-29.00010000,43863 44203 44206 44544 44545 44546
1353,218.73417722,-29.00010000,44187 44197 44199 44204 44205 44208 44209 44210
1354,223.29113924,-29.00010000,44182 44183 44188 44189 44190 44224 44226
1355,227.84810127,-29.00010000,44135 44139 44140 44141 44142 44146 44225
1356,232.40506329,-29.00010000,44121 44123 44124 44125 44126 44144 44145
1357,236.96202532,-29.00010000,42922 42923 42924 42926 44119 44288 44289 44290
1358,241.51898734,-29.00010000,42907 42917 42919 42925 42928 42929 42930
1359,246.07594937,-29.00010000,42903 42908 42909 42910 42944 42945 42946
1360,250.63291139,-29.00010000,42854 42855 42859 42860 42861 42862 42866
1361,255.18987342,-29.00010000,42839 42841 42843 42844 42845 42846 42864 42865
1362,259.74683544,-29.00010000,28842 28843 28844 28846 29184 29185 29186
1363,264.30379747,-29.00010000,28827 28830 28839 28845 28848 28849 28850
1364,268.86075949,-29.00010000,28823 28828 28829 28864 28865 28866
1365,273.41772152,-29.00010000,28774 28775 28779 28780 28781 28782 28784 28786
1366,277.97468354,-29.00010000,28759 28761 28763 28764 28765 28766 28785
1367,282.53164557,-29.00010000,28928 28929 28930 48043 48044 48045 48046
1368,287.08860759,-29.00010000,48027 48030 48039 48048 48049 48050
1369,291.64556962,-29.00010000,47979 48021 48023 48028 48029 48064 48065 48066
1370,296.20253165,-29.00010000,47974 47975 47980 47981 47982 47984 47986
1371,300.75949367,-29.00010000,47959 47963 47964 47965 47966 47985
1372,305.31645570,-29.00010000,48299 48300 48301 48302 48640 48641 48642
1373,309.87341772,-29.00010000,48282 48283 48286 48295 48304 48305 48306
1374,314.43037975,-29.00010000,48235 48277 48279 48284 48285 48320 48321 48322
1375,318.98734177,-29.00010000,48231 48236 48237 48238 48240 48242
1376,323.54430380,-29.00010000,48215 48219 48220 48221 48222 48241 48386
1377,328.10126582,-29.00010000,47017 47019 47020 47021 47022 48384 48385
1378,332.65822785,-29.00010000,47002 47003 47004 47006 47015 47024 47025 47026
1379,337.21518987,-29.00010000,46955 46997 46999 47005 47040 47041 47042
1380,341.77215190,-29.00010000,46951 46956 46957 46958 46960 46961 46962
1381,346.32911392,-29.00010000,16898 46934 46935 46939 46940 46941 46942
1382,350.88607595,-29.00010000,16551 16553 16555 16556 16557 16558 16896 16897
1383,355.44303797,-29.00010000,16538 16539 16540 16542 16560 16561 16562
1384,2.24465447,-27.00010000,16495 16504 16506 16507 16580 16581 16582 16583 16592
1385,6.68909892,-27.00010000,16479 16499 16500 16501 16502 16503 16505 16508 16672
1386,11.13354336,-27.00010000,16643 16644 16646 16647 16648 16649 16650 16651 16652
1387,15.57798780,-27.00010000,16645 16656 35759 35763 35766 35768 35769 35770 35771 35772
1388,20.02243225,-27.00010000,35743 35764 35765 35767 35784 35785 35786 35787 35808
1389,24.46687669,-27.00010000,35695 35706 35779 35780 35781 35782 35783 35788 35792
1390,28.91132114,-27.00010000,35679 35699 35700 35701 35702 35703 35704 35705 35707 35708 36384
1391,33.35576558,-27.00010000,36355 36356 36358 36359 36360 36361 36362 36363 36364
1392,37.80021003,-27.00010000,36015 36019 36024 36025 36026 36027 36028 36357 36368
1393,42.24465447,-27.00010000,35999 36020 36021 36022 36023 36040 36041 36042 36043 36064
1394,46.68909892,-27.00010000,35951 35962 36035 36036 36037 36038 36039 36044 36048
1395,51.13354336,-27.00010000,35955 35956 35957 35958 35959 35960 35961 35963 35964
1396,55.57798780,-27.00010000,35935 36099 36100 36102 36103 36104 36105 36106 36107 36108 36128
1397,60.02243225,-27.00010000,34735 34739 34744 34745 34746 34747 34748 36101 36112
1398,64.46687669,-27.00010000,34719 34740 34741 34742 34743 34760 34762 34763 34784
1399,68.91132114,-27.00010000,34671 34682 34755 34756 34757 34758 34759 34761 34764 34768
1400,73.35576558,-27.00010000,34675 34676 34677 34678 34679 34680 34681 34683 34684
1401,77.80021003,-27.00010000,20995 20998 21000 21001 21002 21003 21004 21024 34655
1402,82.24465447,-27.00010000,20655 20659 20664 20665 20666 20667 20668 20996 20997 20999 21008
1403,86.68909892,-27.00010000,20639 20660 20661 20662 20663 20680 20682 20683 20704
1404,91.13354336,-27.00010000,20591 20675 20676 20677 20678 20679 20681 20684 20688
1405,95.57798780,-27.00010000,20595 20596 20597 20598 20599 20600 20601 20602 20603 20604
1406,100.02243225,-27.00010000,20575 20739 20742 20744 20745 20746 20747 20748 20768
1407,104.46687669,-27.00010000,20740 20741 20743 20752 39855 39864 39865 39866 39867
1408,108.91132114,-27.00010000,39839 39859 39860 39861 39862 39863 39868 39880 39882 39883 39904
1409,113.35576558,-27.00010000,39791 39875 39876 39877 39878 39879 39881 39884 39888
1410,117.80021003,-27.00010000,39795 39796 39798 39799 39800 39801 39802 39803 39804
1411,122.24465447,-27.00010000,39775 39797 40451 40454 40456 40457 40458 40459 40460 40480
1412,126.68909892,-27.00010000,40111 40120 40121 40122 40123 40452 40453 40455 40464
1413,131.13354336,-27.00010000,40095 40115 40116 40117 40118 40119 40124 40138 40160
1414,135.57798780,-27.00010000,40131 40132 40133 40134 40135 40136 40137 40139 40140
1415,140.02243225,-27.00010000,40047 40051 40052 40054 40055 40056 40057 40058 40059 40060 40144
1416,144.46687669,-27.00010000,40031 40053 40195 40200 40201 40202 40203 40204 40224
1417,148.91132114,-27.00010000,38831 38840 38842 38843 40196 40197 40198 40199 40208
1418,153.35576558,-27.00010000,38815 38835 38836 38837 38838 38839 38841 38844 38858 38880
1419,157.80021003,-27.00010000,38851 38852 38853 38854 38855 38856 38857 38859 38860
1420,162.24465447,-27.00010000,38767 38771 38774 38776 38777 38778 38779 38780 38864
1421,166.68909892,-27.00010000,25091 25096 25097 25098 25099 25100 25120 38751 38772 38773 38775
1422,171.13354336,-27.00010000,24751 24760 24762 24763 25092 25093 25094 25095 25104
1423,175.57798780,-27.00010000,24735 24755 24756 24757 24758 24759 24761 24764 24800
1424,180.02243225,-27.00010000,24771 24772 24773 24774 24775 24776 24777 24778 24779 24780
1425,184.46687669,-27.00010000,24687 24691 24694 24696 24697 24698 24699 24700 24784
1426,188.91132114,-27.00010000,24671 24692 24693 24695 24840 24841 24842 24843 24864
1427,193.35576558,-27.00010000,24835 24836 24837 24838 24839 24844 24848 43951 43960 43962 43963
1428,197.80021003,-27.00010000,43935 43955 43956 43957 43958 43959 43961 43964 44000
1429,202.24465447,-27.00010000,43971 43972 43974 43975 43976 43977 43978 43979 43980
1430,206.68909892,-27.00010000,43887 43891 43894 43896 43897 43898 43899 43900 43973 43984
1431,211.13354336,-27.00010000,43871 43892 43893 43895 44552 44553 44554 44555 44576
1432,215.57798780,-27.00010000,44207 44218 44547 44548 44549 44550 44551 44556 44560
1433,220.02243225,-27.00010000,44191 44211 44212 44213 44214 44215 44216 44217 44219 44220 44256
1434,224.46687669,-27.00010000,44227 44228 44230 44231 44232 44233 44234 44235 44236
1435,228.91132114,-27.00010000,44143 44147 44152 44153 44154 44155 44156 44229 44240
1436,233.35576558,-27.00010000,44127 44148 44149 44150 44151 44296 44297 44298 44299 44320
1437,237.80021003,-27.00010000,42927 42938 44291 44292 44293 44294 44295 44300 44304
1438,242.24465447,-27.00010000,42931 42932 42933 42934 42935 42936 42937 42939 42940
1439,246.68909892,-27.00010000,42911 42947 42948 42950 42951 42952 42953 42954 42955 42956 42976
1440,251.13354336,-27.00010000,42863 42867 42872 42873 42874 42875 42876 42949 42960
1441,255.57798780,-27.00010000,29192 29194 29195 29216 42847 42868 42869 42870 42871
1442,260.02243225,-27.00010000,28847 29187 29188 29189 29190 29191 29193 29196 29200
1443,264.46687669,-27.00010000,28851 28852 28853 28854 28855 28856 28857 28858 28859 28860
1444,268.91132114,-27.00010000,28831 28867 28870 28872 28873 28874 28875 28876 28896
1445,273.35576558,-27.00010000,28783 28792 28793 28794 28795 28868 28869 28871 28880
1446,277.80021003,-27.00010000,28767 28787 28788 28789 28790 28791 28796 28936 28938 28939 28960
1447,282.24465447,-27.00010000,28931 28932 28933 28934 28935 28937 28940 28944 48047
1448,286.68909892,-27.00010000,48051 48052 48054 48055 48056 48057 48058 48059 48060
1449,291.13354336,-27.00010000,48031 48053 48067 48070 48072 48073 48074 48075 48076 48096
1450,295.57798780,-27.00010000,47983 47992 47993 47994 47995 48068 48069 48071 48080
1451,300.02243225,-27.00010000,47967 47987 47988 47989 47990 47991 47996 48650 48672
1452,304.46687669,-27.00010000,48303 48643 48644 48645 48646 48647 48648 48649 48651 48652 48656
1453,308.91132114,-27.00010000,48307 48308 48310 48311 48312 48313 48314 48315 48316
1454,313.35576558,-27.00010000,48287 48309 48323 48328 48329 48330 48331 48332 48352
1455,317.80021003,-27.00010000,48239 48248 48249 48250 48251 48324 48325 48326 48327 48336
1456,322.24465447,-27.00010000,48223 48243 48244 48245 48246 48247 48252 48394 48416
1457,326.68909892,-27.00010000,48387 48388 48389 48390 48391 48392 48393 48395 48396
1458,331.13354336,-27.00010000,47023 47027 47028 47030 47031 47032 47033 47034 47035 47036 48400
1459,335.57798780,-27.00010000,47007 47029 47043 47048 47049 47050 47051 47052 47072
1460,340.02243225,-27.00010000,46959 46968 46970 46971 47044 47045 47046 47047 47056
1461,344.46687669,-27.00010000,16906 16928 46943 46963 46964 46965 46966 46967 46969 46972
1462,348.91132114,-27.00010000,16899 16900 16901 16902 16903 16904 16905 16907 16908
1463,353.35576558,-27.00010000,16559 16563 16566 16568 16569 16570 16571 16572 16912
1464,357.80021003,-27.00010000,16543 16564 16565 16567 16579 16584 16585 16586 16587 16588 16608
1465,0.00000000,-25.00010000,16589 16590 16591 16594 16600 16601 16602 16609 16612 16613 16614
1466,4.39024390,-25.00010000,16509 16510 16511 16593 16595 16596 16597 16598 16682
1467,8.78048780,-25.00010000,16654 16673 16674 16675 16676 16677 16678 16680 16681
1468,13.17073171,-25.00010000,16653 16655 16657 16658 16659 16662 16664 16665 16666
1469,17.56097561,-25.00010000,16660 16661 35773 35774 35775 35810 35811 35816 35817 35818
1470,21.95121951,-25.00010000,35789 35790 35791 35800 35802 35809 35812 35813 35814
1471,26.34146341,-25.00010000,35710 35711 35793 35794 35795 35796 35797 35798 35801
1472,30.73170732,-25.00010000,35709 36385 36386 36387 36388 36390 36392 36393 36394
1473,35.12195122,-25.00010000,36365 36366 36367 36369 36370 36371 36374 36376 36377 36378 36389
1474,39.51219512,-25.00010000,36029 36030 36031 36066 36072 36073 36074 36372 36373
1475,43.90243902,-25.00010000,36045 36046 36047 36058 36065 36067 36068 36069 36070
1476,48.29268293,-25.00010000,35966 36049 36050 36051 36052 36053 36054 36056 36057
1477,52.68292683,-25.00010000,35965 35967 36129 36130 36131 36132 36134 36136 36137 36138
1478,57.07317073,-25.00010000,36109 36110 36111 36114 36115 36120 36121 36122 36133
1479,61.46341463,-25.00010000,34749 34750 34751 34792 34794 36113 36116 36117 36118
1480,65.85365854,-25.00010000,34766 34767 34785 34786 34787 34788 34789 34790 34793
1481,70.24390244,-25.00010000,34686 34765 34769 34770 34771 34772 34773 34774 34776 34777 34778
1482,74.63414634,-25.00010000,21025 21026 21027 21030 21032 21033 21034 34685 34687
1483,79.02439024,-25.00010000,21005 21006 21007 21010 21016 21017 21018 21028 21029
1484,83.41463415,-25.00010000,20669 20670 20671 20714 21009 21011 21012 21013 21014
1485,87.80487805,-25.00010000,20686 20687 20705 20706 20707 20708 20709 20710 20712 20713
1486,92.19512195,-25.00010000,20685 20689 20690 20691 20692 20694 20696 20697 20698
1487,96.58536585,-25.00010000,20605 20606 20607 20693 20770 20771 20776 20777 20778
1488,100.97560976,-25.00010000,20749 20750 20751 20760 20762 20769 20772 20773 20774
1489,105.36585366,-25.00010000,20753 20754 20755 20756 20757 20758 20761 39870 39871
1490,109.75609756,-25.00010000,39869 39886 39905 39906 39907 39908 39909 39910 39912 39913 39914
1491,114.14634146,-25.00010000,39885 39887 39889 39890 39891 39894 39896 39897 39898
1492,118.53658537,-25.00010000,39805 39806 39807 39892 39893 40482 40488 40489 40490
1493,122.92682927,-25.00010000,40461 40462 40463 40474 40481 40483 40484 40485 40486
1494,127.31707317,-25.00010000,40126 40127 40465 40466 40467 40468 40469 40470 40472 40473
1495,131.70731707,-25.00010000,40125 40161 40162 40163 40164 40166 40168 40169 40170
1496,136.09756098,-25.00010000,40141 40142 40143 40146 40147 40152 40153 40154 40165
1497,140.48780488,-25.00010000,40061 40062 40063 40145 40148 40149 40150 40232 40234
1498,144.87804878,-25.00010000,40205 40206 40207 40218 40225 40226 40227 40228 40229 40230 40233
1499,149.26829268,-25.00010000,38846 40209 40210 40211 40212 40213 40214 40216 40217
1500,153.65853659,-25.00010000,38845 38847 38881 38882 38883 38886 38888 38889 38890
1501,158.04878049,-25.00010000,38861 38862 38863 38866 38872 38873 38874 38884 38885
1502,162.43902439,-25.00010000,25128 25130 38781 38782 38783 38865 38867 38868 38869 38870
1503,166.82926829,-25.00010000,25102 25103 25121 25122 25123 25124 25125 25126 25129
1504,171.21951220,-25.00010000,25101 25105 25106 25107 25108 25110 25112 25113 25114
1505,175.60975610,-25.00010000,24765 24766 24767 24802 24803 24808 24809 24810 25109
1506,180.00000000,-25.00010000,24781 24782 24783 24786 24792 24793 24794 24801 24804 24805 24806
1507,184.39024390,-25.00010000,24701 24702 24703 24785 24787 24788 24789 24790 24874
1508,188.78048780,-25.00010000,24846 24865 24866 24867 24868 24869 24870 24872 24873
1509,193.17073171,-25.00010000,24845 24847 24849 24850 24851 24854 24856 24857 24858
1510,197.56097561,-25.00010000,24852 24853 43965 43966 43967 44002 44003 44008 44009 44010
1511,201.95121951,-25.00010000,43981 43982 43983 43992 43994 44001 44004 44005 44006
1512,206.34146341,-25.00010000,43902 43903 43985 43986 43987 43988 43989 43990 43993
1513,210.73170732,-25.00010000,43901 44577 44578 44579 44580 44582 44584 44585 44586
1514,215.12195122,-25.00010000,44557 44558 44559 44561 44562 44563 44566 44568 44569 44570 44581
1515,219.51219512,-25.00010000,44221 44222 44223 44258 44264 44265 44266 44564 44565
1516,223.90243902,-25.00010000,44237 44238 44239 44250 44257 44259 44260 44261 44262
1517,228.29268293,-25.00010000,44158 44241 44242 44243 44244 44245 44246 44248 44249
1518,232.68292683,-25.00010000,44157 44159 44321 44322 44323 44324 44326 44328 44329 44330
1519,237.07317073,-25.00010000,44301 44302 44303 44306 44307 44312 44313 44314 44325
1520,241.46341463,-25.00010000,42941 42942 42943 42984 42986 44305 44308 44309 44310
1521,245.85365854,-25.00010000,42958 42959 42977 42978 42979 42980 42981 42982 42985
1522,250.24390244,-25.00010000,42878 42957 42961 42962 42963 42964 42965 42966 42968 42969 42970
1523,254.63414634,-25.00010000,29217 29218 29219 29222 29224 29225 29226 42877 42879
1524,259.02439024,-25.00010000,29197 29198 29199 29202 29208 29209 29210 29220 29221
1525,263.41463415,-25.00010000,28861 28862 28863 28906 29201 29203 29204 29205 29206
1526,267.80487805,-25.00010000,28878 28879 28897 28898 28899 28900 28901 28902 28904 28905
1527,272.19512195,-25.00010000,28877 28881 28882 28883 28884 28886 28888 28889 28890
1528,276.58536585,-25.00010000,28797 28798 28799 28885 28962 28963 28968 28969 28970
1529,280.97560976,-25.00010000,28941 28942 28943 28952 28954 28961 28964 28965 28966
1530,285.36585366,-25.00010000,28945 28946 28947 28948 28949 28950 28953 48062 48063
1531,289.75609756,-25.00010000,48061 48078 48097 48098 48099 48100 48101 48102 48104 48105 48106
1532,294.14634146,-25.00010000,48077 48079 48081 48082 48083 48086 48088 48089 48090
1533,298.53658537,-25.00010000,47997 47998 47999 48084 48085 48674 48680 48681 48682
1534,302.92682927,-25.00010000,48653 48654 48655 48666 48673 48675 48676 48677 48678
1535,307.31707317,-25.00010000,48318 48319 48657 48658 48659 48660 48661 48662 48664 48665
1536,311.70731707,-25.00010000,48317 48353 48354 48355 48356 48358 48360 48361 48362
1537,316.09756098,-25.00010000,48333 48334 48335 48338 48339 48344 48345 48346 48357
1538,320.48780488,-25.00010000,48253 48254 48255 48337 48340 48341 48342 48424 48426
1539,324.87804878,-25.00010000,48397 48398 48399 48410 48417 48418 48419 48420 48421 48422 48425
1540,329.26829268,-25.00010000,47038 48401 48402 48403 48404 48405 48406 48408 48409
1541,333.65853659,-25.00010000,47037 47039 47073 47074 47075 47078 47080 47081 47082
1542,338.04878049,-25.00010000,47053 47054 47055 47058 47064 47065 47066 47076 47077
1543,342.43902439,-25.00010000,16936 16938 46973 46974 46975 47057 47059 47060 47061 47062
1544,346.82926829,-25.00010000,16910 16911 16929 16930 16931 16932 16933 16934 16937
1545,351.21951220,-25.00010000,16909 16913 16914 16915 16916 16918 16920 16921 16922
1546,355.60975610,-25.00010000,16573 16574 16575 16610 16611 16616 16617 16618 16917
1547,2.17272236,-23.00010000,16599 16603 16604 16605 16606 16607 16625 16628 16629 16630 16776 16778
1548,6.51007176,-23.00010000,16683 16684 16686 16687 16768 16769 16770 16771 16772 16773 16774 16777
1549,10.84742116,-23.00010000,16667 16679 16685 16688 16689 16690 16691 16692 16694 16696 16697 16698
1550,15.18477056,-23.00010000,16663 16668 16669 16670 16671 16693 16704 16706 16707 16712 16713 16714
1551,19.52211995,-23.00010000,16705 16708 16709 16710 35815 35819 35820 35821 35822 35823 35832 35834
1552,23.85946935,-23.00010000,35803 35804 35805 35806 35807 35824 35825 35826 35827 35828 35829 35830 35833 36490
1553,28.19681875,-23.00010000,35799 36395 36398 36480 36481 36482 36483 36484 36485 36486 36488 36489
1554,32.53416815,-23.00010000,36391 36396 36397 36399 36400 36401 36402 36403 36406 36408 36409 36410
1555,36.87151755,-23.00010000,36375 36379 36380 36381 36382 36383 36404 36405 36418 36424 36425 36426
1556,41.20886694,-23.00010000,36075 36076 36077 36078 36079 36090 36416 36417 36419 36420 36421 36422
1557,45.54621634,-23.00010000,36059 36062 36071 36080 36081 36082 36083 36084 36085 36086 36088 36089
1558,49.88356574,-23.00010000,36055 36060 36061 36063 36139 36224 36225 36226 36227 36228 36230 36232 36233 36234
1559,54.22091514,-23.00010000,36135 36140 36141 36142 36143 36144 36146 36147 36152 36153 36154 36229
1560,58.55826453,-23.00010000,36119 36123 36124 36125 36126 36127 36145 36148 36149 36150 36168 36170
1561,62.89561393,-23.00010000,34795 34796 34798 34799 36160 36161 36162 36163 36164 36165 36166 36169
1562,67.23296333,-23.00010000,34779 34791 34797 34800 34801 34802 34803 34804 34806 34808 34809 34810
1563,71.57031273,-23.00010000,21120 21122 21123 21128 21129 21130 34775 34780 34781 34782 34783 34805
1564,75.90766212,-23.00010000,21031 21035 21036 21037 21038 21039 21042 21048 21049 21050 21121 21124 21125 21126
1565,80.24501152,-23.00010000,21019 21020 21021 21022 21023 21040 21041 21043 21044 21045 21046 21066
1566,84.58236092,-23.00010000,20715 20718 21015 21056 21057 21058 21059 21060 21061 21062 21064 21065
1567,88.91971032,-23.00010000,20711 20716 20717 20719 20720 20721 20722 20723 20726 20728 20729 20730
1568,93.25705971,-23.00010000,20695 20699 20700 20701 20702 20703 20724 20725 20866 20872 20873 20874
1569,97.59440911,-23.00010000,20779 20780 20781 20782 20783 20794 20864 20865 20867 20868 20869 20870
1570,101.93175851,-23.00010000,20763 20764 20766 20767 20775 20784 20785 20786 20787 20788 20789 20790 20792 20793
1571,106.26910791,-23.00010000,20759 20765 20800 20801 20802 20803 20804 20806 20808 20809 20810 39915
1572,110.60645730,-23.00010000,20805 39911 39916 39917 39918 39919 39920 39922 39923 39928 39929 39930
1573,114.94380670,-23.00010000,39895 39899 39900 39901 39902 39903 39921 39924 39925 39926 40584 40586
1574,119.28115610,-23.00010000,40491 40492 40494 40495 40576 40577 40578 40579 40580 40581 40582 40585
1575,123.61850550,-23.00010000,40475 40487 40493 40496 40497 40498 40499 40500 40502 40504 40505 40506
1576,127.95585489,-23.00010000,40471 40476 40477 40478 40479 40501 40512 40513 40514 40515 40518 40520 40521 40522
1577,132.29320429,-23.00010000,40167 40171 40172 40173 40174 40175 40178 40184 40185 40186 40516 40517
1578,136.63055369,-23.00010000,40155 40156 40157 40158 40159 40176 40177 40179 40180 40181 40182 40330
1579,140.96790309,-23.00010000,40151 40235 40238 40320 40321 40322 40323 40324 40325 40326 40328 40329
1580,145.30525248,-23.00010000,40231 40236 40237 40239 40240 40241 40242 40243 40246 40248 40249 40250
1581,149.64260188,-23.00010000,40215 40219 40220 40221 40222 40223 40244 40245 40258 40264 40265 40266
1582,153.97995128,-23.00010000,38887 38891 38892 38893 38894 38895 38904 38906 40256 40257 40259 40260 40261 40262
1583,158.31730068,-23.00010000,38875 38876 38878 38879 38896 38897 38898 38899 38900 38901 38902 38905
1584,162.65465008,-23.00010000,25131 25216 25217 25218 25219 25220 25222 25224 25225 25226 38871 38877
1585,166.99199947,-23.00010000,25127 25132 25133 25134 25135 25136 25138 25139 25144 25145 25146 25221
1586,171.32934887,-23.00010000,25111 25115 25116 25117 25118 25119 25137 25140 25141 25142 25160 25162
1587,175.66669827,-23.00010000,24811 24812 24814 24815 25152 25153 25154 25155 25156 25157 25158 25161
1588,180.00404767,-23.00010000,24795 24798 24807 24813 24816 24817 24818 24819 24820 24821 24822 24824 24825 24826
1589,184.34139706,-23.00010000,24791 24796 24797 24799 24960 24961 24962 24963 24966 24968 24969 24970
1590,188.67874646,-23.00010000,24871 24875 24876 24877 24878 24879 24882 24888 24889 24890 24964 24965
1591,193.01609586,-23.00010000,24859 24860 24861 24862 24863 24880 24881 24883 24884 24885 24886 24906
1592,197.35344526,-23.00010000,24855 24896 24897 24898 24899 24900 24901 24902 24904 24905 44011 44014
1593,201.69079465,-23.00010000,44007 44012 44013 44015 44016 44017 44018 44019 44022 44024 44025 44026
1594,206.02814405,-23.00010000,43991 43995 43996 43997 43998 43999 44020 44021 44672 44674 44675 44680 44681 44682
1595,210.36549345,-23.00010000,44583 44587 44588 44589 44590 44591 44600 44602 44673 44676 44677 44678
1596,214.70284285,-23.00010000,44571 44572 44574 44575 44592 44593 44594 44595 44596 44597 44598 44601
1597,219.04019224,-23.00010000,44267 44567 44573 44608 44609 44610 44611 44612 44614 44616 44617 44618
1598,223.37754164,-23.00010000,44263 44268 44269 44270 44271 44272 44274 44275 44280 44281 44282 44613
1599,227.71489104,-23.00010000,44247 44251 44252 44253 44254 44255 44273 44276 44277 44278 44424 44426
1600,232.05224044,-23.00010000,44331 44332 44333 44334 44335 44346 44416 44417 44418 44419 44420 44421 44422 44425
1601,236.38958983,-23.00010000,44315 44318 44327 44336 44337 44338 44339 44340 44341 44342 44344 44345
1602,240.72693923,-23.00010000,44311 44316 44317 44319 44352 44353 44354 44355 44358 44360 44361 44362
1603,245.06428863,-23.00010000,42983 42987 42988 42989 42990 42991 42994 43000 43001 43002 44356 44357
1604,249.40163803,-23.00010000,29322 42971 42972 42973 42974 42975 42992 42993 42995 42996 42997 42998
1605,253.73898742,-23.00010000,29227 29230 29312 29313 29314 29315 29316 29317 29318 29320 29321 42967
1606,258.07633682,-23.00010000,29211 29223 29228 29229 29231 29232 29233 29234 29235 29236 29238 29240 29241 29242
1607,262.41368622,-23.00010000,29207 29212 29213 29214 29215 29237 29248 29250 29251 29256 29257 29258
1608,266.75103562,-23.00010000,28903 28907 28908 28909 28910 28911 28920 28922 29249 29252 29253 29254
1609,271.08838502,-23.00010000,28891 28892 28894 28895 28912 28913 28914 28915 28916 28917 28918 28921
1610,275.42573441,-23.00010000,28887 28893 28971 29056 29057 29058 29059 29060 29062 29064 29065 29066
1611,279.76308381,-23.00010000,28967 28972 28973 28974 28975 28976 28978 28979 28984 28985 28986 29061
1612,284.10043321,-23.00010000,28951 28955 28956 28957 28958 28959 28977 28980 28981 28982 28994 29000 29001 29002
1613,288.43778261,-23.00010000,28992 28993 28995 28996 28997 28998 48107 48108 48109 48110 48111 48122
1614,292.77513200,-23.00010000,48091 48094 48103 48112 48113 48114 48115 48116 48117 48118 48120 48121
1615,297.11248140,-23.00010000,48087 48092 48093 48095 48768 48769 48770 48771 48774 48776 48777 48778
1616,301.44983080,-23.00010000,48679 48683 48684 48685 48686 48687 48690 48696 48697 48698 48772 48773
1617,305.78718020,-23.00010000,48667 48668 48669 48670 48671 48688 48689 48691 48692 48693 48694 48714
1618,310.12452959,-23.00010000,48363 48364 48366 48367 48663 48704 48705 48706 48707 48708 48709 48710 48712 48713
1619,314.46187899,-23.00010000,48347 48359 48365 48368 48369 48370 48371 48372 48374 48376 48377 48378
1620,318.79922839,-23.00010000,48343 48348 48349 48350 48351 48373 48512 48514 48515 48520 48521 48522
1621,323.13657779,-23.00010000,48423 48427 48428 48429 48430 48431 48440 48442 48513 48516 48517 48518
1622,327.47392718,-23.00010000,48411 48412 48414 48415 48432 48433 48434 48435 48436 48437 48438 48441
1623,331.81127658,-23.00010000,47083 48407 48413 48448 48449 48450 48451 48452 48454 48456 48457 48458
1624,336.14862598,-23.00010000,47079 47084 47085 47086 47087 47088 47089 47090 47091 47094 47096 47097 47098
1625,340.48597538,-23.00010000,17026 17032 17033 17034 47063 47067 47068 47069 47070 47071 47092 47093
1626,344.82332477,-23.00010000,16939 16940 16941 16942 16943 16954 17024 17025 17027 17028 17029 17030
1627,349.16067417,-23.00010000,16923 16926 16935 16944 16945 16946 16947 16948 16949 16950 16952 16953
1628,353.49802357,-23.00010000,16919 16924 16925 16927 16960 16961 16962 16963 16966 16968 16969 16970
1629,357.83537297,-23.00010000,16615 16619 16620 16621 16622 16623 16624 16626 16627 16632 16633 16634 16964 16965
1630,0.00000000,-21.00010000,16631 16635 16636 16637 16638 16639 16802 16808 16977 16980
1631,4.23529412,-21.00010000,16779 16780 16781 16782 16783 16800 16801 16803 16804
1632,8.47058824,-21.00010000,16699 16702 16775 16784 16785 16786 16787 16788 16792
1633,12.70588235,-21.00010000,16695 16700 16701 16703 16736 16737 16738 16739 16744
1634,16.94117647,-21.00010000,16711 16715 16716 16717 16718 16719 16722 16728 16740
1635,21.17647059,-21.00010000,16720 16721 16723 16724 35835 35836 35837 35838 35839
1636,25.41176471,-21.00010000,35831 36491 36494 36512 36513 36514 36515 36516 36520
1637,29.64705882,-21.00010000,36487 36492 36493 36495 36496 36497 36498 36499 36504
1638,33.88235294,-21.00010000,36407 36411 36412 36413 36414 36415 36450 36456 36500
1639,38.11764706,-21.00010000,36427 36428 36429 36430 36431 36448 36449 36451 36452
1640,42.35294118,-21.00010000,36091 36094 36423 36432 36433 36434 36435 36436 36440
1641,46.58823529,-21.00010000,36087 36092 36093 36095 36256 36257 36258 36259 36264
1642,50.82352941,-21.00010000,36231 36235 36236 36237 36238 36239 36242 36248 36260
1643,55.05882353,-21.00010000,36155 36156 36157 36158 36159 36240 36241 36243 36244
1644,59.29411765,-21.00010000,36151 36171 36174 36192 36193 36194 36195 36196 36200
1645,63.52941176,-21.00010000,36167 36172 36173 36175 36176 36177 36178 36179 36184
1646,67.76470588,-21.00010000,21154 21160 34807 34811 34812 34813 34814 34815 36180
1647,72.00000000,-21.00010000,21131 21132 21133 21134 21135 21152 21153 21155 21156
1648,76.23529412,-21.00010000,21051 21054 21127 21136 21137 21138 21139 21140 21144
1649,80.47058824,-21.00010000,21047 21052 21053 21055 21088 21089 21090 21091 21096
1650,84.70588235,-21.00010000,21063 21067 21068 21069 21070 21071 21074 21080 21092
1651,88.94117647,-21.00010000,20731 20732 20733 20734 20735 21072 21073 21075 21076
1652,93.17647059,-21.00010000,20727 20875 20878 20896 20897 20898 20899 20900 20904
1653,97.41176471,-21.00010000,20871 20876 20877 20879 20880 20881 20882 20883 20888
1654,101.64705882,-21.00010000,20791 20795 20796 20797 20798 20799 20834 20840 20884
1655,105.88235294,-21.00010000,20811 20812 20813 20814 20815 20832 20833 20835 20836
1656,110.11764706,-21.00010000,20807 20816 20817 20818 20819 20820 20824 39931 39934
1657,114.35294118,-21.00010000,39927 39932 39933 39935 40608 40609 40610 40611 40616
1658,118.58823529,-21.00010000,40583 40587 40588 40589 40590 40591 40594 40600 40612
1659,122.82352941,-21.00010000,40507 40508 40509 40510 40511 40592 40593 40595 40596
1660,127.05882353,-21.00010000,40503 40523 40526 40544 40545 40546 40547 40548 40552
1661,131.29411765,-21.00010000,40519 40524 40525 40527 40528 40529 40530 40531 40536
1662,135.52941176,-21.00010000,40183 40187 40188 40189 40190 40191 40354 40360 40532
1663,139.76470588,-21.00010000,40331 40332 40333 40334 40335 40352 40353 40355 40356
1664,144.00000000,-21.00010000,40251 40254 40327 40336 40337 40338 40339 40340 40344
1665,148.23529412,-21.00010000,40247 40252 40253 40255 40288 40289 40290 40291 40296
1666,152.47058824,-21.00010000,40263 40267 40268 40269 40270 40271 40274 40280 40292
1667,156.70588235,-21.00010000,38907 38908 38909 38910 38911 40272 40273 40275 40276
1668,160.94117647,-21.00010000,25227 25230 25248 25249 25250 25251 25252 25256 38903
1669,165.17647059,-21.00010000,25223 25228 25229 25231 25232 25233 25234 25235 25240
1670,169.41176471,-21.00010000,25143 25147 25148 25149 25150 25151 25186 25192 25236
1671,173.64705882,-21.00010000,25163 25164 25165 25166 25167 25184 25185 25187 25188
1672,177.88235294,-21.00010000,24827 24828 24830 24831 25159 25168 25169 25170 25171 25172 25176
1673,182.11764706,-21.00010000,24823 24829 24971 24992 24993 24994 24995 24996 25000
1674,186.35294118,-21.00010000,24967 24972 24973 24974 24975 24976 24978 24979 24984
1675,190.58823529,-21.00010000,24887 24891 24892 24893 24894 24895 24936 24977 24980
1676,194.82352941,-21.00010000,24907 24908 24910 24911 24928 24929 24930 24931 24932
1677,199.05882353,-21.00010000,24903 24909 24912 24913 24914 24915 24916 24920 44027
1678,203.29411765,-21.00010000,44023 44028 44029 44030 44031 44704 44706 44707 44712
1679,207.52941176,-21.00010000,44679 44683 44684 44685 44686 44687 44696 44705 44708
1680,211.76470588,-21.00010000,44603 44604 44606 44607 44688 44689 44690 44691 44692
1681,216.00000000,-21.00010000,44599 44605 44619 44640 44641 44642 44643 44644 44648
1682,220.23529412,-21.00010000,44615 44620 44621 44622 44623 44624 44626 44627 44632
1683,224.47058824,-21.00010000,44279 44283 44284 44285 44286 44287 44456 44625 44628
1684,228.70588235,-21.00010000,44427 44428 44430 44431 44448 44449 44450 44451 44452
1685,232.94117647,-21.00010000,44347 44423 44429 44432 44433 44434 44435 44436 44440
1686,237.17647059,-21.00010000,44343 44348 44349 44350 44351 44384 44386 44387 44392
1687,241.41176471,-21.00010000,44359 44363 44364 44365 44366 44367 44376 44385 44388
1688,245.64705882,-21.00010000,43003 43004 43006 43007 44368 44369 44370 44371 44372
1689,249.88235294,-21.00010000,29323 29344 29345 29346 29347 29348 29352 42999 43005
1690,254.11764706,-21.00010000,29319 29324 29325 29326 29327 29328 29330 29331 29336
1691,258.35294118,-21.00010000,29239 29243 29244 29245 29246 29247 29288 29329 29332
1692,262.58823529,-21.00010000,29259 29260 29262 29263 29280 29281 29282 29283 29284
1693,266.82352941,-21.00010000,28923 29255 29261 29264 29265 29266 29267 29268 29272
1694,271.05882353,-21.00010000,28919 28924 28925 28926 28927 29088 29090 29091 29096
1695,275.29411765,-21.00010000,29063 29067 29068 29069 29070 29071 29080 29089 29092
1696,279.52941176,-21.00010000,28987 28988 28990 28991 29072 29073 29074 29075 29076
1697,283.76470588,-21.00010000,28983 28989 29003 29024 29025 29026 29027 29028 29032
1698,288.00000000,-21.00010000,28999 29004 29005 29006 29007 29008 29010 29011 29016
1699,292.23529412,-21.00010000,29009 29012 48119 48123 48124 48125 48126 48127 48808
1700,296.47058824,-21.00010000,48779 48780 48782 48783 48800 48801 48802 48803 48804
1701,300.70588235,-21.00010000,48699 48775 48781 48784 48785 48786 48787 48788 48792
1702,304.94117647,-21.00010000,48695 48700 48701 48702 48703 48736 48738 48739 48744
1703,309.17647059,-21.00010000,48711 48715 48716 48717 48718 48719 48728 48737 48740
1704,313.41176471,-21.00010000,48379 48380 48382 48383 48720 48721 48722 48723 48724
1705,317.64705882,-21.00010000,48375 48381 48523 48544 48545 48546 48547 48548 48552
1706,321.88235294,-21.00010000,48519 48524 48525 48526 48527 48528 48530 48531 48536
1707,326.11764706,-21.00010000,48439 48443 48444 48445 48446 48447 48488 48529 48532
1708,330.35294118,-21.00010000,48459 48460 48462 48463 48480 48481 48482 48483 48484
1709,334.58823529,-21.00010000,47099 48453 48455 48461 48464 48465 48466 48467 48468 48472
1710,338.82352941,-21.00010000,17056 17058 17059 17064 47095 47100 47101 47102 47103
1711,343.05882353,-21.00010000,17031 17035 17036 17037 17038 17039 17048 17057 17060
1712,347.29411765,-21.00010000,16955 16956 16958 16959 17040 17041 17042 17043 17044
1713,351.52941176,-21.00010000,16951 16957 16971 16992 16993 16994 16995 16996 17000
1714,355.76470588,-21.00010000,16967 16972 16973 16974 16975 16976 16978 16979 16984
1715,2.11524263,-19.00010000,16806 16809 16810 16811 16812 16813 16814 17153
1716,6.30128915,-19.00010000,16793 16794 16795 16798 16805 16807 16816 16817 16818
1717,10.48733566,-19.00010000,16746 16789 16790 16791 16796 16797 16832 16833 16834
1718,14.67338217,-19.00010000,16741 16742 16743 16745 16747 16748 16749 16750 16754
1719,18.85942868,-19.00010000,16726 16729 16730 16731 16732 16733 16734 16752 16753
1720,23.04547519,-19.00010000,16725 16727 17408 17409 17410 36521 36522 36523 36526
1721,27.23152170,-19.00010000,36506 36517 36518 36519 36524 36525 36528 36529 36530
1722,31.41756821,-19.00010000,36501 36502 36503 36505 36507 36508 36509 36510 36546
1723,35.60361473,-19.00010000,36454 36457 36458 36459 36460 36461 36462 36544 36545
1724,39.78966124,-19.00010000,36441 36442 36443 36446 36453 36455 36464 36465 36466
1725,43.97570775,-19.00010000,36266 36437 36438 36439 36444 36445 36608 36609 36610
1726,48.16175426,-19.00010000,36261 36262 36263 36265 36267 36268 36269 36270 36274
1727,52.34780077,-19.00010000,36246 36249 36250 36251 36252 36253 36254 36272 36273
1728,56.53384728,-19.00010000,36201 36202 36203 36206 36245 36247 36288 36289 36290
1729,60.71989380,-19.00010000,36186 36197 36198 36199 36204 36205 36208 36209 36210
1730,64.90594031,-19.00010000,22530 36181 36182 36183 36185 36187 36188 36189 36190
1731,69.09198682,-19.00010000,21158 21161 21162 21163 21164 21165 21166 22528 22529
1732,73.27803333,-19.00010000,21145 21146 21147 21150 21157 21159 21168 21169 21170
1733,77.46407984,-19.00010000,21098 21141 21142 21143 21148 21149 21184 21185 21186
1734,81.65012635,-19.00010000,21093 21094 21095 21097 21099 21100 21101 21102 21106
1735,85.83617287,-19.00010000,21078 21081 21082 21083 21084 21085 21086 21104 21105
1736,90.02221938,-19.00010000,20905 20906 20907 20910 21077 21079 21248 21249 21250
1737,94.20826589,-19.00010000,20901 20902 20903 20908 20909 20912 20914
1738,98.39431240,-19.00010000,20886 20887 20889 20890 20891 20892 20893 20894 20913
1739,102.58035891,-19.00010000,20841 20842 20843 20844 20846 20885 20928 20929 20930
1740,106.76640542,-19.00010000,20826 20827 20837 20838 20839 20845 20848 20849 20850
1741,110.95245194,-19.00010000,20821 20822 20823 20825 20828 20829 20830 21504 21506
1742,115.13849845,-19.00010000,21505 40614 40615 40617 40618 40619 40620 40621 40622
1743,119.32454496,-19.00010000,40601 40602 40603 40604 40606 40613 40624 40625 40626
1744,123.51059147,-19.00010000,40554 40555 40597 40598 40599 40605 40640 40641 40642
1745,127.69663798,-19.00010000,40549 40550 40551 40553 40556 40557 40558 40560 40562
1746,131.88268449,-19.00010000,40534 40535 40537 40538 40539 40540 40541 40542 40561
1747,136.06873101,-19.00010000,40361 40362 40363 40364 40366 40533 40704 40705 40706
1748,140.25477752,-19.00010000,40346 40347 40357 40358 40359 40365 40368 40369 40370
1749,144.44082403,-19.00010000,40341 40342 40343 40345 40348 40349 40350 40384 40386
1750,148.62687054,-19.00010000,40294 40295 40297 40298 40299 40300 40301 40302 40385
1751,152.81291705,-19.00010000,40281 40282 40283 40284 40286 40293 40304 40305 40306
1752,156.99896356,-19.00010000,25258 25259 26624 26625 26626 40277 40278 40279 40285
1753,161.18501008,-19.00010000,25253 25254 25255 25257 25260 25261 25262 25264 25266
1754,165.37105659,-19.00010000,25238 25239 25241 25242 25243 25244 25245 25246 25265
1755,169.55710310,-19.00010000,25193 25194 25195 25196 25198 25237 25280 25281 25282
1756,173.74314961,-19.00010000,25178 25179 25189 25190 25191 25197 25200 25201 25202
1757,177.92919612,-19.00010000,25173 25174 25175 25177 25180 25181 25182 25344 25346
1758,182.11524263,-19.00010000,24998 25001 25002 25003 25004 25005 25006 25345
1759,186.30128915,-19.00010000,24985 24986 24987 24990 24997 24999 25008 25009 25010
1760,190.48733566,-19.00010000,24938 24981 24982 24983 24988 24989 25024 25025 25026
1761,194.67338217,-19.00010000,24933 24934 24935 24937 24939 24940 24941 24942 24946
1762,198.85942868,-19.00010000,24918 24921 24922 24923 24924 24925 24926 24944 24945
1763,203.04547519,-19.00010000,24917 24919 25600 25601 25602 44713 44714 44715 44718
1764,207.23152170,-19.00010000,44698 44709 44710 44711 44716 44717 44720 44721 44722
1765,211.41756821,-19.00010000,44693 44694 44695 44697 44699 44700 44701 44702 44738
1766,215.60361473,-19.00010000,44646 44649 44650 44651 44652 44653 44654 44736 44737
1767,219.78966124,-19.00010000,44633 44634 44635 44638 44645 44647 44656 44657 44658
1768,223.97570775,-19.00010000,44458 44629 44630 44631 44636 44637 44800 44801 44802
1769,228.16175426,-19.00010000,44453 44454 44455 44457 44459 44460 44461 44462 44466
1770,232.34780077,-19.00010000,44438 44441 44442 44443 44444 44445 44446 44464 44465
1771,236.53384728,-19.00010000,44393 44394 44395 44398 44437 44439 44480 44481 44482
1772,240.71989380,-19.00010000,44378 44389 44390 44391 44396 44397 44400 44401 44402
1773,244.90594031,-19.00010000,30722 44373 44374 44375 44377 44379 44380 44381 44382
1774,249.09198682,-19.00010000,29350 29353 29354 29355 29356 29357 29358 30720 30721
1775,253.27803333,-19.00010000,29337 29338 29339 29342 29349 29351 29360 29361 29362
1776,257.46407984,-19.00010000,29290 29333 29334 29335 29340 29341 29376 29377 29378
1777,261.65012635,-19.00010000,29285 29286 29287 29289 29291 29292 29293 29294 29298
1778,265.83617287,-19.00010000,29270 29273 29274 29275 29276 29277 29278 29296 29297
1779,270.02221938,-19.00010000,29097 29098 29099 29102 29269 29271 29440 29441 29442
1780,274.20826589,-19.00010000,29093 29094 29095 29100 29101 29104 29106
1781,278.39431240,-19.00010000,29078 29079 29081 29082 29083 29084 29085 29086 29105
1782,282.58035891,-19.00010000,29033 29034 29035 29036 29038 29077 29120 29121 29122
1783,286.76640542,-19.00010000,29018 29019 29029 29030 29031 29037 29040 29041 29042
1784,290.95245194,-19.00010000,29013 29014 29015 29017 29020 29021 29022 29696 29698
1785,295.13849845,-19.00010000,29697 48806 48807 48809 48810 48811 48812 48813 48814
1786,299.32454496,-19.00010000,48793 48794 48795 48796 48798 48805 48816 48817 48818
1787,303.51059147,-19.00010000,48746 48747 48789 48790 48791 48797 48832 48833 48834
1788,307.69663798,-19.00010000,48741 48742 48743 48745 48748 48749 48750 48752 48754
1789,311.88268449,-19.00010000,48726 48727 48729 48730 48731 48732 48733 48734 48753
1790,316.06873101,-19.00010000,48553 48554 48555 48556 48558 48725 48896 48897 48898
1791,320.25477752,-19.00010000,48538 48539 48549 48550 48551 48557 48560 48561 48562
1792,324.44082403,-19.00010000,48533 48534 48535 48537 48540 48541 48542 48576 48578
1793,328.62687054,-19.00010000,48486 48487 48489 48490 48491 48492 48493 48494 48577
1794,332.81291705,-19.00010000,48473 48474 48475 48476 48478 48485 48496 48497 48498
1795,336.99896356,-19.00010000,17066 17067 18432 18433 18434 48469 48470 48471 48477
1796,341.18501008,-19.00010000,17061 17062 17063 17065 17068 17069 17070 17072 17074
1797,345.37105659,-19.00010000,17046 17047 17049 17050 17051 17052 17053 17054 17073
1798,349.55710310,-19.00010000,17001 17002 17003 17004 17006 17045 17088 17089 17090
1799,353.74314961,-19.00010000,16986 16987 16997 16998 16999 17005 17008 17009 17010
1800,357.92919612,-19.00010000,16981 16982 16983 16985 16988 16989 16990 17152 17154
1801,0.00000000,-17.00010000,17155 17156 17158 17159 17160 17161 17163 17164
1802,4.13793103,-17.00010000,16815 16819 16824 16825 16826 16827 16828 17157 17168
1803,8.27586207,-17.00010000,16799 16820 16821 16822 16823 16840 16842 16843 16864
1804,12.41379310,-17.00010000,16751 16835 16836 16837 16838 16839 16841 16844 16848
1805,16.55172414,-17.00010000,16755 16756 16758 16759 16760 16761 16762 16763 16764
1806,20.68965517,-17.00010000,16735 16757 17411 17416 17417 17418 17419 17420 17440
1807,24.82758621,-17.00010000,17412 17413 17414 17415 17424 36527 36536 36538 36539
1808,28.96551724,-17.00010000,36511 36531 36532 36533 36534 36535 36537 36540 36576
1809,33.10344828,-17.00010000,36547 36548 36550 36551 36552 36553 36554 36555 36556
1810,37.24137931,-17.00010000,36463 36472 36473 36474 36475 36549 36560
1811,41.37931034,-17.00010000,36447 36467 36468 36469 36470 36471 36476 36618 36640
1812,45.51724138,-17.00010000,36611 36612 36613 36614 36615 36616 36617 36619 36620
1813,49.65517241,-17.00010000,36271 36275 36278 36280 36281 36282 36283 36284 36624
1814,53.79310345,-17.00010000,36255 36276 36277 36279 36296 36297 36298 36299 36320
1815,57.93103448,-17.00010000,36207 36218 36291 36292 36293 36294 36295 36300 36304
1816,62.06896552,-17.00010000,36211 36212 36213 36214 36215 36216 36217 36219 36220
1817,66.20689655,-17.00010000,22531 22534 22536 22537 22538 22539 22540 22560 36191
1818,70.34482759,-17.00010000,21167 21176 21178 21179 22532 22533 22535 22544
1819,74.48275862,-17.00010000,21151 21171 21172 21173 21174 21175 21177 21180 21216
1820,78.62068966,-17.00010000,21187 21188 21190 21191 21192 21193 21194 21195 21196
1821,82.75862069,-17.00010000,21103 21107 21112 21113 21114 21115 21116 21189 21200
1822,86.89655172,-17.00010000,21087 21108 21109 21110 21111 21256 21258 21259 21280
1823,91.03448276,-17.00010000,20911 21251 21252 21253 21254 21255 21257 21260 21264
1824,95.17241379,-17.00010000,20915 20916 20918 20919 20920 20921 20922 20923 20924
1825,99.31034483,-17.00010000,20895 20917 20931 20936 20937 20938 20939 20940 20960
1826,103.44827586,-17.00010000,20847 20856 20858 20859 20932 20933 20934 20935 20944
1827,107.58620690,-17.00010000,20851 20852 20853 20854 20855 20857 20860
1828,111.72413793,-17.00010000,20831 21507 21510 21512 21513 21514 21515 21516 21536
1829,115.86206897,-17.00010000,21508 21509 21511 21520 40623 40632 40633 40634 40635
1830,120.00000000,-17.00010000,40607 40627 40628 40629 40630 40631 40636 40650 40672
1831,124.13793103,-17.00010000,40643 40644 40645 40646 40647 40648 40649 40651 40652
1832,128.27586207,-17.00010000,40559 40563 40566 40568 40569 40570 40571 40572 40656
1833,132.41379310,-17.00010000,40543 40564 40565 40567 40712 40713 40714 40715 40736
1834,136.55172414,-17.00010000,40367 40378 40707 40708 40709 40710 40711 40716 40720
1835,140.68965517,-17.00010000,40371 40372 40373 40374 40375 40376 40377 40379 40380
1836,144.82758621,-17.00010000,40351 40387 40392 40393 40394 40395 40396 40416
1837,148.96551724,-17.00010000,40303 40312 40314 40315 40388 40389 40390 40391 40400
1838,153.10344828,-17.00010000,26656 40287 40307 40308 40309 40310 40311 40313 40316
1839,157.24137931,-17.00010000,26627 26628 26630 26631 26632 26633 26634 26635 26636
1840,161.37931034,-17.00010000,25263 25267 25272 25273 25274 25275 25276 26629 26640
1841,165.51724138,-17.00010000,25247 25268 25269 25270 25271 25288 25290 25291 25312
1842,169.65517241,-17.00010000,25199 25283 25284 25285 25286 25287 25289 25292 25296
1843,173.79310345,-17.00010000,25203 25204 25206 25207 25208 25209 25210 25211 25212
1844,177.93103448,-17.00010000,25183 25205 25347 25352 25353 25354 25355 25356 25376
1845,182.06896552,-17.00010000,25007 25018 25348 25349 25350 25351 25360
1846,186.20689655,-17.00010000,25011 25012 25013 25014 25015 25016 25017 25019 25020
1847,190.34482759,-17.00010000,24991 25027 25030 25032 25033 25034 25035 25036 25056
1848,194.48275862,-17.00010000,24943 24952 24953 24954 24955 25028 25029 25031 25040
1849,198.62068966,-17.00010000,24927 24947 24948 24949 24950 24951 24956 25610 25632
1850,202.75862069,-17.00010000,25603 25604 25605 25606 25607 25608 25609 25611 25612
1851,206.89655172,-17.00010000,25616 44719 44723 44726 44728 44729 44730 44731 44732
1852,211.03448276,-17.00010000,44703 44724 44725 44727 44744 44745 44746 44747 44768
1853,215.17241379,-17.00010000,44655 44739 44740 44741 44742 44743 44748 44752
1854,219.31034483,-17.00010000,44659 44660 44662 44663 44664 44665 44666 44667 44668
1855,223.44827586,-17.00010000,44639 44661 44803 44808 44809 44810 44811 44812 44832
1856,227.58620690,-17.00010000,44463 44472 44474 44475 44804 44805 44806 44807 44816
1857,231.72413793,-17.00010000,44447 44467 44468 44469 44470 44471 44473 44476 44512
1858,235.86206897,-17.00010000,44483 44484 44486 44487 44488 44489 44490 44491 44492
1859,240.00000000,-17.00010000,44399 44403 44408 44409 44410 44411 44412 44485 44496
1860,244.13793103,-17.00010000,30728 30730 30731 30752 44383 44404 44405 44406 44407
1861,248.27586207,-17.00010000,29359 30723 30724 30725 30726 30727 30729 30732 30736
1862,252.41379310,-17.00010000,29363 29366 29368 29369 29370 29371 29372
1863,256.55172414,-17.00010000,29343 29364 29365 29367 29384 29385 29386 29387 29408
1864,260.68965517,-17.00010000,29295 29306 29379 29380 29381 29382 29383 29388 29392
1865,264.82758621,-17.00010000,29299 29300 29301 29302 29303 29304 29305 29307 29308
1866,268.96551724,-17.00010000,29279 29443 29446 29448 29449 29450 29451 29452 29472
1867,273.10344828,-17.00010000,29103 29112 29113 29114 29115 29444 29445 29447 29456
1868,277.24137931,-17.00010000,29087 29107 29108 29109 29110 29111 29116 29130 29152
1869,281.37931034,-17.00010000,29123 29124 29125 29126 29127 29128 29129 29131 29132
1870,285.51724138,-17.00010000,29039 29043 29046 29048 29049 29050 29051 29052 29136
1871,289.65517241,-17.00010000,29023 29044 29045 29047 29704 29706 29707 29728
1872,293.79310345,-17.00010000,29699 29700 29701 29702 29703 29705 29708 29712 48815
1873,297.93103448,-17.00010000,48819 48820 48822 48823 48824 48825 48826 48827 48828
1874,302.06896552,-17.00010000,48799 48821 48835 48840 48841 48842 48843 48844 48864
1875,306.20689655,-17.00010000,48751 48760 48762 48763 48836 48837 48838 48839 48848
1876,310.34482759,-17.00010000,48735 48755 48756 48757 48758 48759 48761 48764 48928
1877,314.48275862,-17.00010000,48899 48900 48902 48903 48904 48905 48906 48907 48908
1878,318.62068966,-17.00010000,48559 48563 48568 48569 48570 48571 48572 48901 48912
1879,322.75862069,-17.00010000,48543 48564 48565 48566 48567 48586 48608
1880,326.89655172,-17.00010000,48579 48580 48581 48582 48583 48584 48585 48587 48588
1881,331.03448276,-17.00010000,48495 48499 48502 48504 48505 48506 48507 48508 48592
1882,335.17241379,-17.00010000,18440 18441 18442 18443 18464 48479 48500 48501 48503
1883,339.31034483,-17.00010000,17071 17082 18435 18436 18437 18438 18439 18444 18448
1884,343.44827586,-17.00010000,17075 17076 17077 17078 17079 17080 17081 17083 17084
1885,347.58620690,-17.00010000,17055 17091 17094 17096 17097 17098 17099 17100 17120
1886,351.72413793,-17.00010000,17007 17016 17017 17018 17019 17092 17093 17095 17104
1887,355.86206897,-17.00010000,16991 17011 17012 17013 17014 17015 17020 17162 17184
1888,2.07055333,-15.00010000,17165 17169 17170 17171 17174 17176 17177 17178
1889,6.20848436,-15.00010000,16829 16830 16831 16866 16872 16873 16874 17172 17173
1890,10.34641540,-15.00010000,16845 16846 16847 16858 16865 16867 16868 16869 16870
1891,14.48434643,-15.00010000,16766 16849 16850 16851 16852 16853 16854 16856 16857
1892,18.62227747,-15.00010000,16765 16767 17441 17442 17443 17446 17448 17449 17450
1893,22.76020850,-15.00010000,17421 17422 17423 17426 17432 17433 17434 17444 17445
1894,26.89813954,-15.00010000,17425 17427 17428 17429 17430 36541 36542 36543 36586
1895,31.03607057,-15.00010000,36558 36577 36578 36579 36580 36581 36582 36584 36585
1896,35.17400160,-15.00010000,36557 36559 36562 36563 36568 36569 36570
1897,39.31193264,-15.00010000,36477 36478 36479 36561 36564 36565 36566 36648 36650
1898,43.44986367,-15.00010000,36622 36623 36641 36642 36643 36644 36645 36646 36649
1899,47.58779471,-15.00010000,36621 36625 36626 36627 36628 36630 36632 36633 36634
1900,51.72572574,-15.00010000,36285 36286 36287 36322 36323 36328 36329 36330 36629
1901,55.86365678,-15.00010000,36301 36302 36303 36312 36314 36321 36324 36325 36326
1902,60.00158781,-15.00010000,36222 36223 36305 36306 36307 36308 36309 36310 36313
1903,64.13951885,-15.00010000,22561 22562 22563 22564 22566 22568 22569 22570 36221
1904,68.27744988,-15.00010000,22541 22542 22543 22546 22547 22552 22553 22554 22565
1905,72.41538092,-15.00010000,21181 21182 21183 21226 22545 22548 22549 22550
1906,76.55331195,-15.00010000,21198 21217 21218 21219 21220 21221 21222 21224 21225
1907,80.69124298,-15.00010000,21197 21199 21201 21202 21203 21206 21208 21209 21210
1908,84.82917402,-15.00010000,21117 21118 21119 21204 21205 21282 21288 21289 21290
1909,88.96710505,-15.00010000,21261 21262 21263 21274 21281 21283 21284 21285 21286
1910,93.10503609,-15.00010000,20926 21265 21266 21267 21268 21269 21270 21272 21273
1911,97.24296712,-15.00010000,20925 20927 20961 20962 20963 20966 20968 20969 20970
1912,101.38089816,-15.00010000,20941 20942 20943 20946 20952 20953 20954 20964 20965
1913,105.51882919,-15.00010000,20861 20862 20863 20945 20947 20948 20949 20950 21546
1914,109.65676023,-15.00010000,21537 21538 21539 21540 21542 21544 21545
1915,113.79469126,-15.00010000,21517 21518 21519 21522 21523 21528 21529 21530 21541
1916,117.93262229,-15.00010000,21521 21524 21525 21526 40637 40638 40639 40680 40682
1917,122.07055333,-15.00010000,40654 40655 40673 40674 40675 40676 40677 40678 40681
1918,126.20848436,-15.00010000,40653 40657 40658 40659 40660 40662 40664 40665 40666
1919,130.34641540,-15.00010000,40573 40574 40575 40661 40738 40739 40744 40745 40746
1920,134.48434643,-15.00010000,40717 40718 40719 40728 40730 40737 40740 40741 40742
1921,138.62227747,-15.00010000,40382 40383 40721 40722 40723 40724 40725 40726 40729
1922,142.76020850,-15.00010000,40381 40417 40418 40419 40422 40424 40425 40426
1923,146.89813954,-15.00010000,40397 40398 40399 40402 40408 40409 40410 40420 40421
1924,151.03607057,-15.00010000,26666 40317 40318 40319 40401 40403 40404 40405 40406
1925,155.17400160,-15.00010000,26638 26657 26658 26659 26660 26661 26662 26664 26665
1926,159.31193264,-15.00010000,26637 26639 26641 26642 26643 26646 26648 26649 26650
1927,163.44986367,-15.00010000,25277 25278 25279 25314 25320 25321 25322 26644 26645
1928,167.58779471,-15.00010000,25293 25294 25295 25306 25313 25315 25316 25317 25318
1929,171.72572574,-15.00010000,25214 25297 25298 25299 25300 25301 25302 25304 25305
1930,175.86365678,-15.00010000,25213 25215 25377 25378 25379 25382 25384 25385 25386
1931,180.00158781,-15.00010000,25357 25358 25359 25368 25370 25380 25381
1932,184.13951885,-15.00010000,25022 25023 25361 25362 25363 25364 25365 25366 25369
1933,188.27744988,-15.00010000,25021 25057 25058 25059 25060 25062 25064 25065 25066
1934,192.41538092,-15.00010000,25037 25038 25039 25042 25043 25048 25049 25050 25061
1935,196.55331195,-15.00010000,24957 24958 24959 25041 25044 25045 25046 25640 25642
1936,200.69124298,-15.00010000,25614 25615 25633 25634 25635 25636 25637 25638 25641
1937,204.82917402,-15.00010000,25613 25617 25618 25619 25620 25622 25624 25625 25626
1938,208.96710505,-15.00010000,25621 44733 44734 44735 44770 44771 44776 44777 44778
1939,213.10503609,-15.00010000,44749 44750 44751 44760 44762 44769 44772 44773 44774
1940,217.24296712,-15.00010000,44670 44753 44754 44755 44756 44757 44758 44761
1941,221.38089816,-15.00010000,44669 44671 44833 44834 44835 44838 44840 44841 44842
1942,225.51882919,-15.00010000,44813 44814 44815 44818 44824 44825 44826 44836 44837
1943,229.65676023,-15.00010000,44477 44478 44479 44522 44817 44819 44820 44821 44822
1944,233.79469126,-15.00010000,44494 44513 44514 44515 44516 44517 44518 44520 44521
1945,237.93262229,-15.00010000,44493 44495 44497 44498 44499 44502 44504 44505 44506
1946,242.07055333,-15.00010000,30754 30760 30761 30762 44413 44414 44415 44500 44501
1947,246.20848436,-15.00010000,30733 30734 30735 30746 30753 30755 30756 30757 30758
1948,250.34641540,-15.00010000,30737 30738 30739 30740 30742 30744 30745
1949,254.48434643,-15.00010000,29373 29374 29375 29410 29411 29416 29417 29418 30741
1950,258.62227747,-15.00010000,29389 29390 29391 29400 29402 29409 29412 29413 29414
1951,262.76020850,-15.00010000,29310 29311 29393 29394 29395 29396 29397 29398 29401
1952,266.89813954,-15.00010000,29309 29473 29474 29475 29476 29478 29480 29481 29482
1953,271.03607057,-15.00010000,29453 29454 29455 29458 29459 29464 29465 29466 29477
1954,275.17400160,-15.00010000,29117 29118 29119 29160 29162 29457 29460 29461 29462
1955,279.31193264,-15.00010000,29134 29135 29153 29154 29155 29156 29157 29158 29161
1956,283.44986367,-15.00010000,29133 29137 29138 29139 29140 29142 29144 29145 29146
1957,287.58779471,-15.00010000,29053 29054 29055 29141 29730 29736 29737 29738
1958,291.72572574,-15.00010000,29709 29710 29711 29722 29729 29731 29732 29733 29734
1959,295.86365678,-15.00010000,29713 29714 29715 29716 29717 29718 29720 29721 48830
1960,300.00158781,-15.00010000,48829 48831 48865 48866 48867 48870 48872 48873 48874
1961,304.13951885,-15.00010000,48845 48846 48847 48850 48856 48857 48858 48868 48869
1962,308.27744988,-15.00010000,48765 48766 48767 48849 48851 48852 48853 48854 48938
1963,312.41538092,-15.00010000,48910 48929 48930 48931 48932 48933 48934 48936 48937
1964,316.55331195,-15.00010000,48909 48911 48913 48914 48915 48918 48920 48921 48922
1965,320.69124298,-15.00010000,48573 48574 48575 48610 48616 48617 48618 48916 48917
1966,324.82917402,-15.00010000,48590 48591 48609 48611 48612 48613 48614
1967,328.96710505,-15.00010000,48589 48593 48594 48595 48596 48598 48600 48601 48602
1968,333.10503609,-15.00010000,18466 18467 18472 18473 18474 48509 48510 48511 48597
1969,337.24296712,-15.00010000,18445 18446 18447 18456 18458 18465 18468 18469 18470
1970,341.38089816,-15.00010000,17086 17087 18449 18450 18451 18452 18453 18454 18457
1971,345.51882919,-15.00010000,17085 17121 17122 17123 17124 17126 17128 17129 17130
1972,349.65676023,-15.00010000,17101 17102 17103 17106 17107 17112 17113 17114 17125
1973,353.79469126,-15.00010000,17021 17022 17023 17105 17108 17109 17110 17192 17194
1974,357.93262229,-15.00010000,17166 17167 17185 17186 17187 17188 17189 17190 17193
1975,0.00000000,-13.00010000,17179 17191 17200 17201 17202 17203 17204 17206 17208 17209
1976,4.09090909,-13.00010000,17175 17180 17181 17182 17183 17205 17216 17218 17219 17224 17225 17226
1977,8.18181818,-13.00010000,16871 16875 16876 16877 16878 16879 16888 16890 17217 17220 17221 17222
1978,12.27272727,-13.00010000,16859 16860 16862 16863 16880 16881 16882 16883 16884 16885 16886 16889
1979,16.36363636,-13.00010000,16855 16861 17451 17536 17537 17538 17539 17540 17542 17544 17545 17546
1980,20.45454545,-13.00010000,17447 17452 17453 17454 17455 17458 17464 17465 17466 17541
1981,24.54545455,-13.00010000,17435 17436 17437 17438 17439 17456 17457 17459 17460 17461 17462 17482
1982,28.63636364,-13.00010000,17431 17472 17473 17474 17475 17476 17477 17478 17480 17481 36587 36590
1983,32.72727273,-13.00010000,36583 36588 36589 36591 36592 36593 36594 36595 36598 36600 36601 36602
1984,36.81818182,-13.00010000,36567 36571 36572 36573 36574 36575 36596 36597 36738 36744 36745 36746
1985,40.90909091,-13.00010000,36651 36652 36653 36654 36655 36666 36736 36737 36739 36740 36741 36742
1986,45.00000000,-13.00010000,36635 36647 36656 36657 36658 36659 36660 36662 36664 36665
1987,49.09090909,-13.00010000,36631 36636 36637 36638 36639 36661 36672 36674 36675 36680 36681 36682
1988,53.18181818,-13.00010000,36327 36331 36332 36333 36334 36335 36344 36346 36673 36676 36677 36678
1989,57.27272727,-13.00010000,36315 36316 36318 36319 36336 36337 36338 36339 36340 36341 36342 36345
1990,61.36363636,-13.00010000,22571 22656 22657 22658 22659 22660 22662 22664 22665 22666 36311 36317
1991,65.45454545,-13.00010000,22567 22572 22573 22574 22575 22576 22578 22579 22584 22585 22586 22661
1992,69.54545455,-13.00010000,22555 22556 22557 22558 22559 22577 22580 22581 22582 22602
1993,73.63636364,-13.00010000,21227 21230 22551 22592 22593 22594 22595 22596 22597 22598 22600 22601
1994,77.72727273,-13.00010000,21223 21228 21229 21231 21232 21233 21234 21235 21238 21240 21241 21242
1995,81.81818182,-13.00010000,21207 21211 21212 21213 21214 21215 21236 21237 21378 21384 21385 21386
1996,85.90909091,-13.00010000,21291 21292 21293 21294 21295 21306 21376 21377 21379 21380 21381 21382
1997,90.00000000,-13.00010000,21275 21287 21296 21297 21298 21299 21300 21302 21304 21305
1998,94.09090909,-13.00010000,21271 21276 21277 21278 21279 21301 21312 21314 21315 21320 21321 21322
1999,98.18181818,-13.00010000,20967 20971 20972 20973 20974 20975 20984 20986 21313 21316 21317 21318
2000,102.27272727,-13.00010000,20955 20956 20958 20959 20976 20977 20978 20979 20980 20981 20982 20985
2001,106.36363636,-13.00010000,20951 20957 21547 21632 21633 21634 21635 21636 21638 21640 21641 21642
2002,110.45454545,-13.00010000,21543 21548 21549 21550 21551 21552 21554 21555 21560 21561 21562 21637
2003,114.54545455,-13.00010000,21531 21532 21533 21534 21535 21553 21556 21557 21558 21578
2004,118.63636364,-13.00010000,21527 21568 21569 21570 21571 21572 21573 21574 21576 21577 40683 40686
2005,122.72727273,-13.00010000,40679 40684 40685 40687 40688 40689 40690 40691 40694 40696 40697 40698
2006,126.81818182,-13.00010000,40663 40667 40668 40669 40670 40671 40692 40693 40834 40840 40841 40842
2007,130.90909091,-13.00010000,40747 40748 40749 40750 40751 40762 40832 40833 40835 40836 40837 40838
2008,135.00000000,-13.00010000,40731 40743 40752 40753 40754 40755 40756 40758 40760 40761
2009,139.09090909,-13.00010000,40727 40732 40733 40734 40735 40757 40768 40770 40771 40776 40777 40778
2010,143.18181818,-13.00010000,40423 40427 40428 40429 40430 40431 40440 40442 40769 40772 40773 40774
2011,147.27272727,-13.00010000,40411 40412 40414 40415 40432 40433 40434 40435 40436 40437 40438 40441
2012,151.36363636,-13.00010000,26667 26752 26753 26754 26755 26756 26758 26760 26761 26762 40407 40413
2013,155.45454545,-13.00010000,26663 26668 26669 26670 26671 26674 26680 26681 26682 26757
2014,159.54545455,-13.00010000,26651 26652 26653 26654 26655 26672 26673 26675 26676 26677 26678 26698
2015,163.63636364,-13.00010000,25323 25326 26647 26688 26689 26690 26691 26692 26693 26694 26696 26697
2016,167.72727273,-13.00010000,25319 25324 25325 25327 25328 25329 25330 25331 25334 25336 25337 25338
2017,171.81818182,-13.00010000,25303 25307 25308 25309 25310 25311 25332 25333 25474 25480 25481 25482
2018,175.90909091,-13.00010000,25387 25388 25389 25390 25391 25402 25472 25473 25475 25476 25477 25478
2019,180.00000000,-13.00010000,25371 25383 25392 25393 25394 25395 25396 25398 25400 25401
2020,184.09090909,-13.00010000,25367 25372 25373 25374 25375 25397 25408 25410 25411 25416 25417 25418
2021,188.18181818,-13.00010000,25063 25067 25068 25069 25070 25071 25080 25082 25409 25412 25413 25414
2022,192.27272727,-13.00010000,25051 25052 25054 25055 25072 25073 25074 25075 25076 25077 25078 25081
2023,196.36363636,-13.00010000,25047 25053 25643 25728 25729 25730 25731 25732 25734 25736 25737 25738
2024,200.45454545,-13.00010000,25639 25644 25645 25646 25647 25648 25650 25651 25656 25657 25658 25733
2025,204.54545455,-13.00010000,25627 25628 25629 25630 25631 25649 25652 25653 25654 25674
2026,208.63636364,-13.00010000,25623 25664 25665 25666 25667 25668 25669 25670 25672 25673 44779 44782
2027,212.72727273,-13.00010000,44775 44780 44781 44783 44784 44785 44786 44787 44790 44792 44793 44794
2028,216.81818182,-13.00010000,44759 44763 44764 44765 44766 44767 44788 44789 44930 44936 44937 44938
2029,220.90909091,-13.00010000,44843 44844 44845 44846 44847 44858 44928 44929 44931 44932 44933 44934
2030,225.00000000,-13.00010000,44827 44839 44848 44849 44850 44851 44852 44854 44856 44857
2031,229.09090909,-13.00010000,44823 44828 44829 44830 44831 44853 44864 44866 44867 44872 44873 44874
2032,233.18181818,-13.00010000,44519 44523 44524 44525 44526 44527 44536 44538 44865 44868 44869 44870
2033,237.27272727,-13.00010000,44507 44508 44510 44511 44528 44529 44530 44531 44532 44533 44534 44537
2034,241.36363636,-13.00010000,30763 30848 30849 30850 30851 30852 30854 30856 30857 30858 44503 44509
2035,245.45454545,-13.00010000,30759 30764 30765 30766 30767 30768 30770 30771 30776 30777 30778 30853
2036,249.54545455,-13.00010000,30747 30748 30749 30750 30751 30769 30772 30773 30774 30794
2037,253.63636364,-13.00010000,29419 29422 30743 30784 30785 30786 30787 30788 30789 30790 30792 30793
2038,257.72727273,-13.00010000,29415 29420 29421 29423 29424 29425 29426 29427 29430 29432 29433 29434
2039,261.81818182,-13.00010000,29399 29403 29404 29405 29406 29407 29428 29429 29570 29576 29577 29578
2040,265.90909091,-13.00010000,29483 29484 29485 29486 29487 29498 29568 29569 29571 29572 29573 29574
2041,270.00000000,-13.00010000,29467 29479 29488 29489 29490 29491 29492 29494 29496 29497
2042,274.09090909,-13.00010000,29463 29468 29469 29470 29471 29493 29504 29506 29507 29512 29513 29514
2043,278.18181818,-13.00010000,29159 29163 29164 29165 29166 29167 29176 29178 29505 29508 29509 29510
2044,282.27272727,-13.00010000,29147 29148 29150 29151 29168 29169 29170 29171 29172 29173 29174 29177
2045,286.36363636,-13.00010000,29143 29149 29739 29824 29825 29826 29827 29828 29830 29832 29833 29834
2046,290.45454545,-13.00010000,29735 29740 29741 29742 29743 29744 29746 29747 29752 29753 29754 29829
2047,294.54545455,-13.00010000,29723 29724 29725 29726 29727 29745 29748 29749 29750 29770
2048,298.63636364,-13.00010000,29719 29760 29761 29762 29763 29764 29765 29766 29768 29769 48875 48878
2049,302.72727273,-13.00010000,48871 48876 48877 48879 48880 48881 48882 48883 48886 48888 48889 48890
2050,306.81818182,-13.00010000,48855 48859 48860 48861 48862 48863 48884 48885 49026 49032 49033 49034
2051,310.90909091,-13.00010000,48939 48940 48941 48942 48943 48954 49024 49025 49027 49028 49029 49030
2052,315.00000000,-13.00010000,48923 48935 48944 48945 48946 48947 48948 48950 48952 48953
2053,319.09090909,-13.00010000,48919 48924 48925 48926 48927 48949 48960 48962 48963 48968 48969 48970
2054,323.18181818,-13.00010000,48615 48619 48620 48621 48622 48623 48632 48634 48961 48964 48965 48966
2055,327.27272727,-13.00010000,48603 48604 48606 48607 48624 48625 48626 48627 48628 48629 48630 48633
2056,331.36363636,-13.00010000,18475 18560 18561 18562 18563 18564 18566 18568 18569 18570 48599 48605
2057,335.45454545,-13.00010000,18471 18476 18477 18478 18479 18480 18482 18483 18488 18489 18490 18565
2058,339.54545455,-13.00010000,18459 18460 18461 18462 18463 18481 18484 18485 18486 18506
2059,343.63636364,-13.00010000,17131 17134 18455 18496 18497 18498 18499 18500 18501 18502 18504 18505
2060,347.72727273,-13.00010000,17127 17132 17133 17135 17136 17137 17138 17139 17142 17144 17145 17146
2061,351.81818182,-13.00010000,17111 17115 17116 17117 17118 17119 17140 17141 17282 17288 17289 17290
2062,355.90909091,-13.00010000,17195 17196 17197 17198 17199 17210 17280 17281 17283 17284 17285 17286
2063,2.03743408,-11.00010000,17207 17213 17248 17249 17250 17251 17256
2064,6.08237790,-11.00010000,17223 17227 17228 17229 17230 17231 17234 17240 17252
2065,10.12732172,-11.00010000,16891 16892 16893 16894 16895 17232 17233 17235 17236
2066,14.17226554,-11.00010000,16887 17547 17550 17568 17569 17570 17571 17572 17576
2067,18.21720936,-11.00010000,17543 17548 17549 17551 17552 17554 17555 17560
2068,22.26215318,-11.00010000,17463 17467 17468 17469 17470 17471 17512 17553 17556
2069,26.30709700,-11.00010000,17483 17484 17486 17487 17504 17505 17506 17507 17508
2070,30.35204082,-11.00010000,17479 17485 17488 17489 17490 17491 17492 17496 36603
2071,34.39698464,-11.00010000,36599 36604 36605 36606 36607 36770 36776
2072,38.44192846,-11.00010000,36747 36748 36749 36750 36751 36768 36769 36771 36772
2073,42.48687228,-11.00010000,36667 36670 36743 36752 36753 36754 36755 36756 36760
2074,46.53181610,-11.00010000,36663 36668 36669 36671 36704 36705 36706 36707 36712
2075,50.57675992,-11.00010000,36679 36683 36684 36685 36686 36687 36696 36708
2076,54.62170374,-11.00010000,36347 36348 36350 36351 36688 36689 36690 36691 36692
2077,58.66664756,-11.00010000,22667 22688 22689 22690 22691 22692 22696 36343 36349
2078,62.71159138,-11.00010000,22663 22668 22669 22670 22671 22672 22674 22675 22680
2079,66.75653520,-11.00010000,22587 22588 22589 22590 22591 22673 22676
2080,70.80147902,-11.00010000,22583 22603 22606 22624 22625 22626 22627 22628 22632
2081,74.84642285,-11.00010000,22599 22604 22605 22607 22608 22609 22610 22611 22616
2082,78.89136667,-11.00010000,21239 21243 21244 21245 21246 21247 21410 21416 22612
2083,82.93631049,-11.00010000,21387 21388 21390 21391 21408 21409 21411 21412
2084,86.98125431,-11.00010000,21307 21383 21389 21392 21393 21394 21395 21396 21400
2085,91.02619813,-11.00010000,21303 21308 21309 21310 21311 21344 21346 21347 21352
2086,95.07114195,-11.00010000,21319 21323 21324 21325 21326 21327 21336 21345 21348
2087,99.11608577,-11.00010000,20987 20990 21328 21329 21330 21331 21332
2088,103.16102959,-11.00010000,20983 20988 20989 20991 21664 21665 21666 21667 21672
2089,107.20597341,-11.00010000,21639 21643 21644 21645 21646 21647 21650 21656 21668
2090,111.25091723,-11.00010000,21563 21564 21565 21566 21567 21648 21649 21651 21652
2091,115.29586105,-11.00010000,21559 21579 21600 21601 21602 21603 21604 21608
2092,119.34080487,-11.00010000,21575 21580 21581 21582 21583 21584 21586 21587 21592
2093,123.38574869,-11.00010000,21585 21588 40695 40699 40700 40701 40702 40703 40872
2094,127.43069251,-11.00010000,40843 40844 40846 40847 40864 40865 40866 40867 40868
2095,131.47563633,-11.00010000,40839 40845 40848 40849 40850 40851 40856
2096,135.52058015,-11.00010000,40759 40763 40764 40765 40766 40767 40802 40808 40852
2097,139.56552397,-11.00010000,40779 40780 40781 40782 40783 40800 40801 40803 40804
2098,143.61046779,-11.00010000,40443 40446 40775 40784 40785 40786 40787 40788 40792
2099,147.65541161,-11.00010000,26784 26786 26787 26792 40439 40444 40445 40447
2100,151.70035543,-11.00010000,26759 26763 26764 26765 26766 26767 26776 26785 26788
2101,155.74529925,-11.00010000,26683 26684 26686 26687 26768 26769 26770 26771 26772
2102,159.79024307,-11.00010000,26679 26685 26699 26720 26721 26722 26723 26724 26728
2103,163.83518689,-11.00010000,26695 26700 26701 26702 26703 26706 26712
2104,167.88013071,-11.00010000,25339 25340 25341 25342 25343 26704 26705 26707 26708
2105,171.92507453,-11.00010000,25335 25483 25486 25504 25505 25506 25507 25508 25512
2106,175.97001835,-11.00010000,25479 25484 25485 25487 25488 25489 25490 25491 25496
2107,180.01496217,-11.00010000,25399 25403 25404 25405 25406 25407 25448 25492
2108,184.05990599,-11.00010000,25419 25420 25422 25423 25440 25441 25442 25443 25444
2109,188.10484981,-11.00010000,25083 25415 25421 25424 25425 25426 25427 25428 25432
2110,192.14979363,-11.00010000,25079 25084 25085 25086 25087 25760 25762 25763 25768
2111,196.19473745,-11.00010000,25739 25740 25741 25742 25743 25761 25764
2112,200.23968127,-11.00010000,25659 25662 25735 25744 25745 25746 25747 25748 25752
2113,204.28462509,-11.00010000,25655 25660 25661 25663 25696 25697 25698 25699 25704
2114,208.32956891,-11.00010000,25671 25675 25676 25677 25678 25679 25682 25688 25700
2115,212.37451273,-11.00010000,25680 25681 25683 25684 44795 44796 44798 44799
2116,216.41945655,-11.00010000,44791 44797 44939 44960 44961 44962 44963 44964 44968
2117,220.46440037,-11.00010000,44935 44940 44941 44942 44943 44944 44946 44947 44952
2118,224.50934419,-11.00010000,44855 44859 44860 44861 44862 44863 44904 44945 44948
2119,228.55428801,-11.00010000,44875 44878 44896 44897 44898 44899 44900
2120,232.59923183,-11.00010000,44871 44876 44877 44879 44880 44881 44882 44883 44888
2121,236.64417565,-11.00010000,30882 30888 44535 44539 44540 44541 44542 44543 44884
2122,240.68911947,-11.00010000,30859 30860 30861 30862 30863 30880 30881 30883 30884
2123,244.73406329,-11.00010000,30779 30855 30864 30865 30866 30867 30868 30872
2124,248.77900711,-11.00010000,30775 30780 30781 30782 30783 30816 30818 30819 30824
2125,252.82395094,-11.00010000,30791 30795 30796 30797 30798 30799 30808 30817 30820
2126,256.86889476,-11.00010000,29435 29436 29438 29439 30800 30801 30802 30803 30804
2127,260.91383858,-11.00010000,29431 29437 29600 29601 29602 29603 29608
2128,264.95878240,-11.00010000,29575 29579 29580 29581 29582 29583 29586 29592 29604
2129,269.00372622,-11.00010000,29499 29500 29501 29502 29503 29584 29585 29587 29588
2130,273.04867004,-11.00010000,29495 29515 29518 29536 29537 29538 29539 29540 29544
2131,277.09361386,-11.00010000,29511 29516 29517 29519 29520 29522 29523 29528
2132,281.13855768,-11.00010000,29175 29179 29180 29181 29182 29183 29521 29524 29864
2133,285.18350150,-11.00010000,29835 29836 29838 29839 29856 29857 29858 29859 29860
2134,289.22844532,-11.00010000,29755 29831 29837 29840 29841 29842 29843 29844 29848
2135,293.27338914,-11.00010000,29751 29756 29757 29758 29759 29794 29800
2136,297.31833296,-11.00010000,29771 29772 29773 29774 29775 29792 29793 29795 29796
2137,301.36327678,-11.00010000,29767 29776 29777 29778 29779 29780 29784 48891 48894
2138,305.40822060,-11.00010000,48887 48892 48893 48895 49056 49057 49058 49059 49064
2139,309.45316442,-11.00010000,49031 49035 49036 49037 49038 49039 49048 49060
2140,313.49810824,-11.00010000,48955 48956 48958 48959 49040 49041 49042 49043 49044
2141,317.54305206,-11.00010000,48951 48957 48971 48992 48993 48994 48995 48996 49000
2142,321.58799588,-11.00010000,48967 48972 48973 48974 48975 48976 48978 48979 48984
2143,325.63293970,-11.00010000,48635 48636 48637 48638 48639 48977 48980
2144,329.67788352,-11.00010000,18571 18574 18592 18593 18594 18595 18596 18600 48631
2145,333.72282734,-11.00010000,18567 18572 18573 18575 18576 18577 18578 18579 18584
2146,337.76777116,-11.00010000,18487 18491 18492 18493 18494 18495 18530 18536 18580
2147,341.81271498,-11.00010000,18507 18508 18509 18510 18511 18528 18529 18531 18532
2148,345.85765880,-11.00010000,17147 18503 18512 18513 18514 18515 18516 18520
2149,349.90260262,-11.00010000,17143 17148 17149 17150 17151 17312 17314 17315 17320
2150,353.94754644,-11.00010000,17287 17291 17292 17293 17294 17295 17304 17313 17316
2151,357.99249026,-11.00010000,17211 17212 17214 17215 17296 17297 17298 17299 17300
2152,0.00000000,-9.00010000,17258 17259 17301 17303 17344 17345 17346
2153,4.04494382,-9.00010000,17253 17254 17255 17257 17260 17261 17262 17264 17266
2154,8.08988764,-9.00010000,17238 17239 17241 17242 17243 17244 17245 17246 17265
2155,12.13483146,-9.00010000,17237 17577 17578 17579 17580 17582 17920 17921 17922
2156,16.17977528,-9.00010000,17562 17573 17574 17575 17581 17584 17585 17586
2157,20.22471910,-9.00010000,17557 17558 17559 17561 17563 17564 17565 17566 17602
2158,24.26966292,-9.00010000,17510 17513 17514 17515 17516 17517 17518 17600 17601
2159,28.31460674,-9.00010000,17497 17498 17499 17502 17509 17511 17520 17521 17522
2160,32.35955056,-9.00010000,17493 17494 17495 17500 17501 17664 17666
2161,36.40449438,-9.00010000,17665 36774 36775 36777 36778 36779 36780 36781 36782
2162,40.44943820,-9.00010000,36761 36762 36763 36764 36766 36773 36784 36785 36786
2163,44.49438202,-9.00010000,36714 36715 36757 36758 36759 36765 36800 36801 36802
2164,48.53932584,-9.00010000,36709 36710 36711 36713 36716 36717 36718 36722
2165,52.58426966,-9.00010000,36694 36697 36698 36699 36700 36701 36702 36720 36721
2166,56.62921348,-9.00010000,22697 22698 22699 22702 23040 23041 23042 36693 36695
2167,60.67415730,-9.00010000,22682 22693 22694 22695 22700 22701 22704 22705 22706
2168,64.71910112,-9.00010000,22678 22679 22681 22683 22684 22685 22686
2169,68.76404494,-9.00010000,22633 22634 22635 22636 22638 22677 22720 22721 22722
2170,72.80898876,-9.00010000,22618 22619 22629 22630 22631 22637 22640 22641 22642
2171,76.85393258,-9.00010000,22613 22614 22615 22617 22620 22621 22622 22784 22786
2172,80.89887640,-9.00010000,21414 21417 21418 21419 21420 21421 21422 22785
2173,84.94382022,-9.00010000,21401 21402 21403 21406 21413 21415 21424 21425 21426
2174,88.98876404,-9.00010000,21354 21397 21398 21399 21404 21405 21440 21441 21442
2175,93.03370787,-9.00010000,21349 21350 21351 21353 21355 21356 21357 21358 21362
2176,97.07865169,-9.00010000,21337 21338 21339 21340 21342 21360 21361
2177,101.12359551,-9.00010000,21333 21334 21335 21341 21674 21675 22016 22017 22018
2178,105.16853933,-9.00010000,21669 21670 21671 21673 21676 21677 21678 21680 21682
2179,109.21348315,-9.00010000,21654 21655 21657 21658 21659 21660 21661 21662 21681
2180,113.25842697,-9.00010000,21609 21610 21611 21614 21653 21696 21697 21698
2181,117.30337079,-9.00010000,21594 21605 21606 21607 21612 21613 21616 21617 21618
2182,121.34831461,-9.00010000,21589 21590 21591 21593 21595 21596 21597 21598 21762
2183,125.39325843,-9.00010000,21760 21761 40870 40873 40874 40875 40876 40877 40878
2184,129.43820225,-9.00010000,40858 40859 40869 40871 40880 40881 40882
2185,133.48314607,-9.00010000,40853 40854 40855 40857 40860 40861 40862 40896 40898
2186,137.52808989,-9.00010000,40806 40807 40809 40810 40811 40812 40813 40814 40897
2187,141.57303371,-9.00010000,40793 40794 40795 40796 40798 40805 40816 40817 40818
2188,145.61797753,-9.00010000,26794 27136 27137 27138 40789 40790 40791 40797
2189,149.66292135,-9.00010000,26789 26790 26791 26793 26795 26796 26797 26798 26802
2190,153.70786517,-9.00010000,26774 26777 26778 26779 26780 26781 26782 26800 26801
2191,157.75280899,-9.00010000,26729 26730 26731 26734 26773 26775 26816 26817 26818
2192,161.79775281,-9.00010000,26725 26726 26727 26732 26733 26736 26738
2193,165.84269663,-9.00010000,26710 26711 26713 26714 26715 26716 26717 26718 26737
2194,169.88764045,-9.00010000,25513 25514 25515 25516 25518 26709 26880 26881 26882
2195,173.93258427,-9.00010000,25498 25499 25509 25510 25511 25517 25520 25521 25522
2196,177.97752809,-9.00010000,25493 25494 25495 25497 25500 25501 25502 25536 25538
2197,182.02247191,-9.00010000,25446 25449 25450 25451 25452 25453 25454 25537
2198,186.06741573,-9.00010000,25433 25434 25435 25438 25445 25447 25456 25457 25458
2199,190.11235955,-9.00010000,25429 25430 25431 25436 25437 25770 26112 26113 26114
2200,194.15730337,-9.00010000,25765 25766 25767 25769 25771 25772 25773 25774 25778
2201,198.20224719,-9.00010000,25753 25754 25755 25756 25758 25776 25777
2202,202.24719101,-9.00010000,25706 25707 25749 25750 25751 25757 25792 25793 25794
2203,206.29213483,-9.00010000,25701 25702 25703 25705 25708 25709 25710 25712 25714
2204,210.33707865,-9.00010000,25686 25687 25689 25690 25691 25692 25693 25694 25713
2205,214.38202247,-9.00010000,25685 25856 25857 25858 44969 44970 44971 44974
2206,218.42696629,-9.00010000,44954 44965 44966 44967 44972 44973 44976 44977 44978
2207,222.47191011,-9.00010000,44949 44950 44951 44953 44955 44956 44957 44958 44994
2208,226.51685393,-9.00010000,44902 44905 44906 44907 44908 44909 44910 44992 44993
2209,230.56179775,-9.00010000,44890 44891 44901 44903 44912 44913 44914
2210,234.60674157,-9.00010000,31232 31234 44885 44886 44887 44889 44892 44893 44894
2211,238.65168539,-9.00010000,30886 30887 30889 30890 30891 30892 30893 30894 31233
2212,242.69662921,-9.00010000,30873 30874 30875 30876 30878 30885 30896 30897 30898
2213,246.74157303,-9.00010000,30826 30869 30870 30871 30877 30912 30913 30914
2214,250.78651685,-9.00010000,30821 30822 30823 30825 30827 30828 30829 30830 30834
2215,254.83146067,-9.00010000,30806 30809 30810 30811 30812 30813 30814 30832 30833
2216,258.87640449,-9.00010000,29609 29610 29611 29614 30805 30807 30976 30977 30978
2217,262.92134831,-9.00010000,29605 29606 29607 29612 29613 29616 29618
2218,266.96629213,-9.00010000,29590 29591 29593 29594 29595 29596 29597 29598 29617
2219,271.01123596,-9.00010000,29545 29546 29547 29548 29550 29589 29632 29633 29634
2220,275.05617978,-9.00010000,29530 29531 29541 29542 29543 29549 29552 29553 29554
2221,279.10112360,-9.00010000,29525 29526 29527 29529 29532 29533 29534 30210
2222,283.14606742,-9.00010000,29862 29865 29866 29867 29868 29869 29870 30208 30209
2223,287.19101124,-9.00010000,29849 29850 29851 29854 29861 29863 29872 29873 29874
2224,291.23595506,-9.00010000,29802 29845 29846 29847 29852 29853 29888 29889 29890
2225,295.28089888,-9.00010000,29798 29799 29801 29803 29804 29805 29806
2226,299.32584270,-9.00010000,29785 29786 29787 29788 29790 29797 29808 29809 29810
2227,303.37078652,-9.00010000,29781 29782 29783 29789 29952 29953 29954 49066 49067
2228,307.41573034,-9.00010000,49061 49062 49063 49065 49068 49069 49070 49072 49074
2229,311.46067416,-9.00010000,49046 49049 49050 49051 49052 49053 49054 49073
2230,315.50561798,-9.00010000,49001 49002 49003 49006 49045 49047 49088 49089 49090
2231,319.55056180,-9.00010000,48986 48997 48998 48999 49004 49005 49008 49009 49010
2232,323.59550562,-9.00010000,18946 48981 48982 48983 48985 48987 48988 48989 48990
2233,327.64044944,-9.00010000,18601 18602 18603 18604 18606 18944 18945
2234,331.68539326,-9.00010000,18586 18587 18597 18598 18599 18605 18608 18609 18610
2235,335.73033708,-9.00010000,18581 18582 18583 18585 18588 18589 18590 18624 18626
2236,339.77528090,-9.00010000,18534 18535 18537 18538 18539 18540 18541 18542 18625
2237,343.82022472,-9.00010000,18521 18522 18523 18526 18533 18544 18545 18546
2238,347.86516854,-9.00010000,17322 18517 18518 18519 18524 18525 18688 18689 18690
2239,351.91011236,-9.00010000,17317 17318 17319 17321 17323 17324 17325 17326 17330
2240,355.95505618,-9.00010000,17302 17305 17306 17307 17308 17309 17310 17328 17329
2241,2.01502008,-7.00010000,17263 17274 17348 17349 17350 17351 17360
2242,6.01502008,-7.00010000,17267 17268 17269 17270 17271 17272 17273 17275 17276
2243,10.01502008,-7.00010000,17247 17923 17926 17928 17929 17930 17931 17932 17952
2244,14.01502008,-7.00010000,17583 17592 17594 17595 17924 17925 17927 17936
2245,18.01502008,-7.00010000,17567 17587 17588 17589 17590 17591 17593 17596 17632
2246,22.01502008,-7.00010000,17603 17604 17606 17607 17608 17609 17610 17611 17612
2247,26.01502008,-7.00010000,17519 17528 17529 17530 17531 17605 17616
2248,30.01502008,-7.00010000,17503 17523 17524 17525 17526 17527 17532 17674 17696
2249,34.01502008,-7.00010000,17667 17668 17669 17670 17671 17672 17673 17675 17676
2250,38.01502008,-7.00010000,17680 36783 36787 36792 36793 36794 36795 36796
2251,42.01502008,-7.00010000,36767 36788 36789 36790 36791 36808 36810 36811 36832
2252,46.01502008,-7.00010000,36719 36803 36804 36805 36806 36807 36809 36812 36816
2253,50.01502008,-7.00010000,36723 36726 36728 36729 36730 36731 36732
2254,54.01502008,-7.00010000,23048 23049 23050 23051 23072 36703 36724 36725 36727
2255,58.01502008,-7.00010000,22703 22714 23043 23044 23045 23046 23047 23052 23056
2256,62.01502008,-7.00010000,22707 22708 22709 22710 22711 22712 22713 22715 22716
2257,66.01502008,-7.00010000,22687 22723 22728 22729 22730 22731 22732 22752
2258,70.01502008,-7.00010000,22639 22648 22650 22651 22724 22725 22726 22727 22736
2259,74.01502008,-7.00010000,22623 22643 22644 22645 22646 22647 22649 22652 22816
2260,78.01502008,-7.00010000,22787 22790 22792 22793 22794 22795 22796
2261,82.01502008,-7.00010000,21423 21432 21433 21434 21435 22788 22789 22791 22800
2262,86.01502008,-7.00010000,21407 21427 21428 21429 21430 21431 21436 21450 21472
2263,90.01502008,-7.00010000,21443 21444 21446 21447 21448 21449 21451 21452
2264,94.01502008,-7.00010000,21359 21363 21368 21369 21370 21371 21372 21445 21456
2265,98.01502008,-7.00010000,21343 21364 21365 21366 21367 22024 22026 22027 22048
2266,102.01502008,-7.00010000,22019 22020 22021 22022 22023 22025 22028
2267,106.01502008,-7.00010000,21679 21683 21686 21688 21689 21690 21691 21692 22032
2268,110.01502008,-7.00010000,21663 21684 21685 21687 21704 21705 21706 21707 21728
2269,114.01502008,-7.00010000,21615 21699 21700 21701 21702 21703 21708 21712
2270,118.01502008,-7.00010000,21619 21620 21622 21623 21624 21625 21626 21627 21628
2271,122.01502008,-7.00010000,21599 21621 21763 21768 21769 21770 21771 21772 21792
2272,126.01502008,-7.00010000,21764 21765 21766 21767 21776 40879 40888 40890 40891
2273,130.01502008,-7.00010000,40883 40884 40885 40886 40887 40889 40892
2274,134.01502008,-7.00010000,40863 40899 40902 40904 40905 40906 40907 40908 40928
2275,138.01502008,-7.00010000,40815 40824 40825 40826 40827 40900 40901 40903 40912
2276,142.01502008,-7.00010000,27168 40799 40819 40820 40821 40822 40823 40828
2277,146.01502008,-7.00010000,27139 27140 27142 27143 27144 27145 27146 27147 27148
2278,150.01502008,-7.00010000,26799 26803 26808 26809 26810 26811 26812 27141 27152
2279,154.01502008,-7.00010000,26783 26804 26805 26806 26807 26826 26848
2280,158.01502008,-7.00010000,26819 26820 26821 26822 26823 26824 26825 26827 26828
2281,162.01502008,-7.00010000,26735 26739 26742 26744 26745 26746 26747 26748 26832
2282,166.01502008,-7.00010000,26719 26740 26741 26743 26888 26890 26891 26912
2283,170.01502008,-7.00010000,25519 26883 26884 26885 26886 26887 26889 26892 26896
2284,174.01502008,-7.00010000,25523 25524 25526 25527 25528 25529 25530 25531 25532
2285,178.01502008,-7.00010000,25503 25525 25539 25544 25545 25546 25547 25548 25568
2286,182.01502008,-7.00010000,25455 25466 25540 25541 25542 25543 25552
2287,186.01502008,-7.00010000,25459 25460 25461 25462 25463 25464 25465 25467 25468
2288,190.01502008,-7.00010000,25439 26115 26118 26120 26121 26122 26123 26124 26144
2289,194.01502008,-7.00010000,25775 25784 25786 25787 26116 26117 26119 26128
2290,198.01502008,-7.00010000,25759 25779 25780 25781 25782 25783 25785 25788 25824
2291,202.01502008,-7.00010000,25795 25796 25798 25799 25800 25801 25802 25803 25804
2292,206.01502008,-7.00010000,25711 25720 25721 25722 25723 25797 25808
2293,210.01502008,-7.00010000,25695 25715 25716 25717 25718 25719 25724 25866 25888
2294,214.01502008,-7.00010000,25859 25860 25861 25862 25863 25864 25865 25867 25868
2295,218.01502008,-7.00010000,25872 44975 44979 44984 44985 44986 44987 44988
2296,222.01502008,-7.00010000,44959 44980 44981 44982 44983 45000 45002 45003 45024
2297,226.01502008,-7.00010000,44911 44995 44996 44997 44998 44999 45001 45004 45008
2298,230.01502008,-7.00010000,44915 44918 44920 44921 44922 44923 44924
2299,234.01502008,-7.00010000,31240 31241 31242 31243 31264 44895 44916 44917 44919
2300,238.01502008,-7.00010000,30895 30906 31235 31236 31237 31238 31239 31244 31248
2301,242.01502008,-7.00010000,30899 30900 30901 30902 30903 30904 30905 30907 30908
2302,246.01502008,-7.00010000,30879 30915 30920 30921 30922 30923 30924 30944
2303,250.01502008,-7.00010000,30831 30840 30842 30843 30916 30917 30918 30919 30928
2304,254.01502008,-7.00010000,30815 30835 30836 30837 30838 30839 30841 30844 31008
2305,258.01502008,-7.00010000,30979 30982 30984 30985 30986 30987 30988
2306,262.01502008,-7.00010000,29615 29624 29625 29626 29627 30980 30981 30983 30992
2307,266.01502008,-7.00010000,29599 29619 29620 29621 29622 29623 29628 29642 29664
2308,270.01502008,-7.00010000,29635 29636 29638 29639 29640 29641 29643 29644
2309,274.01502008,-7.00010000,29551 29555 29560 29561 29562 29563 29564 29637 29648
2310,278.01502008,-7.00010000,29535 29556 29557 29558 29559 30216 30218 30219 30240
2311,282.01502008,-7.00010000,30211 30212 30213 30214 30215 30217 30220
2312,286.01502008,-7.00010000,29871 29875 29878 29880 29881 29882 29883 29884 30224
2313,290.01502008,-7.00010000,29855 29876 29877 29879 29896 29897 29898 29899 29920
2314,294.01502008,-7.00010000,29807 29891 29892 29893 29894 29895 29900 29904
2315,298.01502008,-7.00010000,29811 29812 29814 29815 29816 29817 29818 29819 29820
2316,302.01502008,-7.00010000,29791 29813 29955 29960 29961 29962 29963 29964 29984
2317,306.01502008,-7.00010000,29956 29957 29958 29959 29968 49071 49080 49082 49083
2318,310.01502008,-7.00010000,49075 49076 49077 49078 49079 49081 49084
2319,314.01502008,-7.00010000,49055 49091 49094 49096 49097 49098 49099 49100 49120
2320,318.01502008,-7.00010000,49007 49016 49017 49018 49019 49092 49093 49095 49104
2321,322.01502008,-7.00010000,18976 48991 49011 49012 49013 49014 49015 49020
2322,326.01502008,-7.00010000,18947 18948 18950 18951 18952 18953 18954 18955 18956
2323,330.01502008,-7.00010000,18607 18611 18616 18617 18618 18619 18620 18949 18960
2324,334.01502008,-7.00010000,18591 18612 18613 18614 18615 18634 18656
2325,338.01502008,-7.00010000,18627 18628 18629 18630 18631 18632 18633 18635 18636
2326,342.01502008,-7.00010000,18543 18547 18550 18552 18553 18554 18555 18556 18640
2327,346.01502008,-7.00010000,18527 18548 18549 18551 18696 18698 18699 18720
2328,350.01502008,-7.00010000,17327 18691 18692 18693 18694 18695 18697 18700 18704
2329,354.01502008,-7.00010000,17331 17332 17334 17335 17336 17337 17338 17339 17340
2330,358.01502008,-7.00010000,17311 17333 17347 17352 17353 17354 17355 17356 17376
2331,0.00000000,-5.00010000,17357 17358 17359 17368 17370 17371 17380 17381 17383 17392
2332,4.00000000,-5.00010000,17278 17279 17361 17362 17363 17364 17365 17366 17367 17369 17372 18048
2333,8.00000000,-5.00010000,17277 17953 17954 17955 17956 17958 17959 17960 17961 17962 17963 17964
2334,12.00000000,-5.00010000,17933 17934 17935 17938 17944 17945 17946 17947 17957 17968
2335,16.00000000,-5.00010000,17597 17598 17599 17642 17937 17939 17940 17941 17942 17943 17948 17984
2336,20.00000000,-5.00010000,17614 17633 17634 17635 17636 17637 17638 17639 17640 17641 17643 17644
2337,24.00000000,-5.00010000,17613 17615 17618 17619 17624 17625 17626 17627 17628 17648
2338,28.00000000,-5.00010000,17533 17534 17535 17617 17620 17621 17622 17623 17704 17706 17707 17792
2339,32.00000000,-5.00010000,17678 17679 17697 17698 17699 17700 17701 17702 17703 17705 17708 17712
2340,36.00000000,-5.00010000,17677 17681 17682 17683 17684 17686 17687 17688 17689 17690 17691 17692
2341,40.00000000,-5.00010000,17685 17728 36797 36798 36799 36834 36840 36841 36842 36843
2342,44.00000000,-5.00010000,36813 36814 36815 36826 36833 36835 36836 36837 36838 36839 36844 36848
2343,48.00000000,-5.00010000,36734 36817 36818 36819 36820 36821 36822 36823 36824 36825 36827 36828
2344,52.00000000,-5.00010000,23074 23075 23080 23081 23082 23083 23084 23168 36733 36735
2345,56.00000000,-5.00010000,23053 23054 23055 23064 23066 23067 23073 23076 23077 23078 23079 23088
2346,60.00000000,-5.00010000,22718 22719 23057 23058 23059 23060 23061 23062 23063 23065 23068 23104
2347,64.00000000,-5.00010000,22717 22753 22754 22755 22758 22760 22761 22762 22763 22764
2348,68.00000000,-5.00010000,22733 22734 22735 22738 22744 22745 22746 22747 22756 22757 22759 22768
2349,72.00000000,-5.00010000,22653 22654 22655 22737 22739 22740 22741 22742 22743 22748 22826 22912
2350,76.00000000,-5.00010000,22817 22818 22819 22820 22822 22823 22824 22825 22827 22828
2351,80.00000000,-5.00010000,22797 22798 22799 22802 22803 22808 22809 22810 22811 22812 22821 22832
2352,84.00000000,-5.00010000,21437 21438 21439 21480 21482 21483 22801 22804 22805 22806 22807 22848
2353,88.00000000,-5.00010000,21454 21455 21473 21474 21475 21476 21477 21478 21479 21481 21484 21488
2354,92.00000000,-5.00010000,21453 21457 21458 21459 21462 21464 21465 21466 21467 21468
2355,96.00000000,-5.00010000,21373 21374 21375 21460 21461 21463 22050 22056 22057 22058 22059 22144
2356,100.00000000,-5.00010000,22029 22030 22031 22042 22049 22051 22052 22053 22054 22055 22060 22064
2357,104.00000000,-5.00010000,22033 22034 22035 22036 22038 22039 22040 22041 22043 22044
2358,108.00000000,-5.00010000,21693 21694 21695 21730 21731 21736 21737 21738 21739 21740 22037 22080
2359,112.00000000,-5.00010000,21709 21710 21711 21720 21722 21723 21729 21732 21733 21734 21735 21744
2360,116.00000000,-5.00010000,21630 21713 21714 21715 21716 21717 21718 21719 21721 21724
2361,120.00000000,-5.00010000,21629 21631 21793 21794 21795 21798 21800 21801 21802 21803 21804 21888
2362,124.00000000,-5.00010000,21773 21774 21775 21778 21784 21785 21786 21787 21796 21797 21799 21808
2363,128.00000000,-5.00010000,21777 21779 21780 21781 21782 21783 21788 21824 40894 40895
2364,132.00000000,-5.00010000,40893 40929 40930 40931 40932 40934 40935 40936 40937 40938 40939 40940
2365,136.00000000,-5.00010000,40909 40910 40911 40914 40915 40920 40921 40922 40923 40924 40933 40944
2366,140.00000000,-5.00010000,27178 27264 40829 40830 40831 40913 40916 40917 40918 40919
2367,144.00000000,-5.00010000,27150 27169 27170 27171 27172 27173 27174 27175 27176 27177 27179 27180
2368,148.00000000,-5.00010000,27149 27151 27153 27154 27155 27158 27160 27161 27162 27163 27164 27184
2369,152.00000000,-5.00010000,26813 26814 26815 26850 26856 26857 26858 26859 27156 27157 27159 27200
2370,156.00000000,-5.00010000,26830 26831 26849 26851 26852 26853 26854 26855 26860 26864
2371,160.00000000,-5.00010000,26829 26833 26834 26835 26836 26838 26839 26840 26841 26842 26843 26844
2372,164.00000000,-5.00010000,26749 26750 26751 26837 26914 26915 26920 26921 26922 26923 26924 27008
2373,168.00000000,-5.00010000,26893 26894 26895 26906 26913 26916 26917 26918 26919 26928
2374,172.00000000,-5.00010000,25534 26897 26898 26899 26900 26901 26902 26903 26904 26905 26907 26908
2375,176.00000000,-5.00010000,25533 25535 25569 25570 25571 25574 25576 25577 25578 25579 25580 26944
2376,180.00000000,-5.00010000,25549 25550 25551 25560 25562 25563 25572 25573 25575 25584
2377,184.00000000,-5.00010000,25470 25471 25553 25554 25555 25556 25557 25558 25559 25561 25564 26240
2378,188.00000000,-5.00010000,25469 26145 26146 26147 26148 26150 26151 26152 26153 26154 26155 26156
2379,192.00000000,-5.00010000,26125 26126 26127 26130 26136 26137 26138 26139 26149 26160
2380,196.00000000,-5.00010000,25789 25790 25791 25834 26129 26131 26132 26133 26134 26135 26140 26176
2381,200.00000000,-5.00010000,25806 25825 25826 25827 25828 25829 25830 25831 25832 25833 25835 25836
2382,204.00000000,-5.00010000,25805 25807 25810 25811 25816 25817 25818 25819 25820 25840
2383,208.00000000,-5.00010000,25725 25726 25727 25809 25812 25813 25814 25815 25896 25898 25899 25984
2384,212.00000000,-5.00010000,25870 25871 25889 25890 25891 25892 25893 25894 25895 25897 25900 25904
2385,216.00000000,-5.00010000,25869 25873 25874 25875 25876 25878 25879 25880 25881 25882 25883 25884
2386,220.00000000,-5.00010000,25877 25920 44989 44990 44991 45026 45032 45033 45034 45035
2387,224.00000000,-5.00010000,45005 45006 45007 45018 45025 45027 45028 45029 45030 45031 45036 45040
2388,228.00000000,-5.00010000,44926 45009 45010 45011 45012 45013 45014 45015 45016 45017 45019 45020
2389,232.00000000,-5.00010000,31266 31267 31272 31273 31274 31275 31276 31360 44925 44927
2390,236.00000000,-5.00010000,31245 31246 31247 31256 31258 31259 31265 31268 31269 31270 31271 31280
2391,240.00000000,-5.00010000,30910 30911 31249 31250 31251 31252 31253 31254 31255 31257 31260 31296
2392,244.00000000,-5.00010000,30909 30945 30946 30947 30950 30952 30953 30954 30955 30956
2393,248.00000000,-5.00010000,30925 30926 30927 30930 30936 30937 30938 30939 30948 30949 30951 30960
2394,252.00000000,-5.00010000,30845 30846 30847 30929 30931 30932 30933 30934 30935 30940 31018 31104
2395,256.00000000,-5.00010000,31009 31010 31011 31012 31014 31015 31016 31017 31019 31020
2396,260.00000000,-5.00010000,30989 30990 30991 30994 30995 31000 31001 31002 31003 31004 31013 31024
2397,264.00000000,-5.00010000,29629 29630 29631 29672 29674 29675 30993 30996 30997 30998 30999 31040
2398,268.00000000,-5.00010000,29646 29647 29665 29666 29667 29668 29669 29670 29671 29673 29676 29680
2399,272.00000000,-5.00010000,29645 29649 29650 29651 29654 29656 29657 29658 29659 29660
2400,276.00000000,-5.00010000,29565 29566 29567 29652 29653 29655 30242 30248 30249 30250 30251 30336
2401,280.00000000,-5.00010000,30221 30222 30223 30234 30241 30243 30244 30245 30246 30247 30252 30256
2402,284.00000000,-5.00010000,30225 30226 30227 30228 30230 30231 30232 30233 30235 30236
2403,288.00000000,-5.00010000,29885 29886 29887 29922 29923 29928 29929 29930 29931 29932 30229 30272
2404,292.00000000,-5.00010000,29901 29902 29903 29912 29914 29915 29921 29924 29925 29926 29927 29936
2405,296.00000000,-5.00010000,29822 29905 29906 29907 29908 29909 29910 29911 29913 29916
2406,300.00000000,-5.00010000,29821 29823 29985 29986 29987 29990 29992 29993 29994 29995 29996 30080
2407,304.00000000,-5.00010000,29965 29966 29967 29970 29976 29977 29978 29979 29988 29989 29991 30000
2408,308.00000000,-5.00010000,29969 29971 29972 29973 29974 29975 29980 30016 49086 49087
2409,312.00000000,-5.00010000,49085 49121 49122 49123 49124 49126 49127 49128 49129 49130 49131 49132
2410,316.00000000,-5.00010000,49101 49102 49103 49106 49107 49112 49113 49114 49115 49116 49125 49136
2411,320.00000000,-5.00010000,18986 19072 49021 49022 49023 49105 49108 49109 49110 49111
2412,324.00000000,-5.00010000,18958 18977 18978 18979 18980 18981 18982 18983 18984 18985 18987 18988
2413,328.00000000,-5.00010000,18957 18959 18961 18962 18963 18966 18968 18969 18970 18971 18972 18992
2414,332.00000000,-5.00010000,18621 18622 18623 18658 18664 18665 18666 18667 18964 18965 18967 19008
2415,336.00000000,-5.00010000,18638 18639 18657 18659 18660 18661 18662 18663 18668 18672
2416,340.00000000,-5.00010000,18637 18641 18642 18643 18644 18646 18647 18648 18649 18650 18651 18652
2417,344.00000000,-5.00010000,18557 18558 18559 18645 18722 18723 18728 18729 18730 18731 18732 18816
2418,348.00000000,-5.00010000,18701 18702 18703 18714 18721 18724 18725 18726 18727 18736
2419,352.00000000,-5.00010000,17342 18705 18706 18707 18708 18709 18710 18711 18712 18713 18715 18716
2420,356.00000000,-5.00010000,17341 17343 17377 17378 17379 17382 17384 17385 17386 17387 17388 18752
2421,2.00274488,-3.00010000,17373 17374 17375 17393 17396 17397 17398 18058
2422,6.00274488,-3.00010000,17966 18049 18050 18051 18052 18053 18054 18056 18057
2423,10.00274488,-3.00010000,17965 17967 17969 17970 17971 17974 17976 17977 17978
2424,14.00274488,-3.00010000,17949 17950 17951 17972 17973 17992 17994
2425,18.00274488,-3.00010000,17646 17647 17985 17986 17987 17988 17989 17990 17993
2426,22.00274488,-3.00010000,17645 17649 17650 17651 17652 17654 17656 17657 17658
2427,26.00274488,-3.00010000,17629 17630 17631 17653 17794 17800 17801 17802
2428,30.00274488,-3.00010000,17709 17710 17711 17722 17793 17795 17796 17797 17798
2429,34.00274488,-3.00010000,17694 17713 17714 17715 17716 17717 17718 17720 17721
2430,38.00274488,-3.00010000,17693 17695 17730 17731 17736 17737 17738
2431,42.00274488,-3.00010000,17729 17732 17733 17734 36845 36846 36847 36856 36858
2432,46.00274488,-3.00010000,36830 36831 36849 36850 36851 36852 36853 36854 36857
2433,50.00274488,-3.00010000,23169 23170 23171 23174 23176 23177 23178 36829
2434,54.00274488,-3.00010000,23085 23086 23087 23090 23096 23097 23098 23172 23173
2435,58.00274488,-3.00010000,23069 23070 23071 23089 23091 23092 23093 23094 23114
2436,62.00274488,-3.00010000,22766 23105 23106 23107 23108 23109 23110 23112 23113
2437,66.00274488,-3.00010000,22765 22767 22770 22771 22776 22777 22778
2438,70.00274488,-3.00010000,22749 22750 22751 22769 22772 22773 22774 22920 22922
2439,74.00274488,-3.00010000,22830 22831 22913 22914 22915 22916 22917 22918 22921
2440,78.00274488,-3.00010000,22829 22833 22834 22835 22838 22840 22841 22842
2441,82.00274488,-3.00010000,22813 22814 22815 22836 22837 22850 22856 22857 22858
2442,86.00274488,-3.00010000,21485 21486 21487 21498 22849 22851 22852 22853 22854
2443,90.00274488,-3.00010000,21489 21490 21491 21492 21494 21496 21497
2444,94.00274488,-3.00010000,21469 21470 21471 21493 22146 22147 22152 22153 22154
2445,98.00274488,-3.00010000,22061 22062 22063 22072 22074 22145 22148 22149 22150
2446,102.00274488,-3.00010000,22046 22065 22066 22067 22068 22069 22070 22073
2447,106.00274488,-3.00010000,22045 22047 22081 22082 22083 22086 22088 22089 22090
2448,110.00274488,-3.00010000,21741 21742 21743 21746 21752 21753 21754 22084 22085
2449,114.00274488,-3.00010000,21726 21727 21745 21747 21748 21749 21750
2450,118.00274488,-3.00010000,21725 21889 21890 21891 21892 21894 21896 21897 21898
2451,122.00274488,-3.00010000,21805 21806 21807 21810 21811 21816 21817 21818 21893
2452,126.00274488,-3.00010000,21789 21790 21791 21809 21812 21813 21814 21832 21834
2453,130.00274488,-3.00010000,21825 21826 21827 21828 21829 21830 21833 40942
2454,134.00274488,-3.00010000,40941 40943 40945 40946 40947 40950 40952 40953 40954
2455,138.00274488,-3.00010000,27266 27272 27273 27274 40925 40926 40927 40948 40949
2456,142.00274488,-3.00010000,27182 27183 27265 27267 27268 27269 27270
2457,146.00274488,-3.00010000,27181 27185 27186 27187 27188 27190 27192 27193 27194
2458,150.00274488,-3.00010000,27165 27166 27167 27189 27202 27203 27208 27209 27210
2459,154.00274488,-3.00010000,26861 26862 26863 26874 27201 27204 27205 27206
2460,158.00274488,-3.00010000,26846 26865 26866 26867 26868 26869 26870 26872 26873
2461,162.00274488,-3.00010000,26845 26847 27009 27010 27011 27014 27016 27017 27018
2462,166.00274488,-3.00010000,26925 26926 26927 26936 26938 27012 27013
2463,170.00274488,-3.00010000,26910 26911 26929 26930 26931 26932 26933 26934 26937
2464,174.00274488,-3.00010000,26909 26945 26946 26947 26948 26950 26952 26953 26954
2465,178.00274488,-3.00010000,25581 25582 25583 25586 25587 25592 25593 25594 26949
2466,182.00274488,-3.00010000,25565 25566 25567 25585 25588 25589 25590 26250
2467,186.00274488,-3.00010000,26158 26241 26242 26243 26244 26245 26246 26248 26249
2468,190.00274488,-3.00010000,26157 26159 26161 26162 26163 26166 26168 26169 26170
2469,194.00274488,-3.00010000,26141 26142 26143 26164 26165 26184 26186
2470,198.00274488,-3.00010000,25838 25839 26177 26178 26179 26180 26181 26182 26185
2471,202.00274488,-3.00010000,25837 25841 25842 25843 25844 25846 25848 25849 25850
2472,206.00274488,-3.00010000,25821 25822 25823 25845 25986 25992 25993 25994
2473,210.00274488,-3.00010000,25901 25902 25903 25914 25985 25987 25988 25989 25990
2474,214.00274488,-3.00010000,25886 25905 25906 25907 25908 25909 25910 25912 25913
2475,218.00274488,-3.00010000,25885 25887 25922 25923 25928 25929 25930
2476,222.00274488,-3.00010000,25921 25924 25925 25926 45037 45038 45039 45048 45050
2477,226.00274488,-3.00010000,45022 45023 45041 45042 45043 45044 45045 45046 45049
2478,230.00274488,-3.00010000,31361 31362 31363 31366 31368 31369 31370 45021
2479,234.00274488,-3.00010000,31277 31278 31279 31282 31288 31289 31290 31364 31365
2480,238.00274488,-3.00010000,31261 31262 31263 31281 31283 31284 31285 31286 31306
2481,242.00274488,-3.00010000,30958 31297 31298 31299 31300 31301 31302 31304 31305
2482,246.00274488,-3.00010000,30957 30959 30962 30963 30968 30969 30970
2483,250.00274488,-3.00010000,30941 30942 30943 30961 30964 30965 30966 31112 31114
2484,254.00274488,-3.00010000,31022 31023 31105 31106 31107 31108 31109 31110 31113
2485,258.00274488,-3.00010000,31021 31025 31026 31027 31030 31032 31033 31034
2486,262.00274488,-3.00010000,31005 31006 31007 31028 31029 31042 31048 31049 31050
2487,266.00274488,-3.00010000,29677 29678 29679 29690 31041 31043 31044 31045 31046
2488,270.00274488,-3.00010000,29681 29682 29683 29684 29686 29688 29689
2489,274.00274488,-3.00010000,29661 29662 29663 29685 30338 30339 30344 30345 30346
2490,278.00274488,-3.00010000,30253 30254 30255 30264 30266 30337 30340 30341 30342
2491,282.00274488,-3.00010000,30238 30257 30258 30259 30260 30261 30262 30265
2492,286.00274488,-3.00010000,30237 30239 30273 30274 30275 30278 30280 30281 30282
2493,290.00274488,-3.00010000,29933 29934 29935 29938 29944 29945 29946 30276 30277
2494,294.00274488,-3.00010000,29918 29919 29937 29939 29940 29941 29942
2495,298.00274488,-3.00010000,29917 30081 30082 30083 30084 30086 30088 30089 30090
2496,302.00274488,-3.00010000,29997 29998 29999 30002 30003 30008 30009 30010 30085
2497,306.00274488,-3.00010000,29981 29982 29983 30001 30004 30005 30006 30024 30026
2498,310.00274488,-3.00010000,30017 30018 30019 30020 30021 30022 30025 49134
2499,314.00274488,-3.00010000,49133 49135 49137 49138 49139 49142 49144 49145 49146
2500,318.00274488,-3.00010000,19074 19080 19081 19082 49117 49118 49119 49140 49141
2501,322.00274488,-3.00010000,18990 18991 19073 19075 19076 19077 19078
2502,326.00274488,-3.00010000,18989 18993 18994 18995 18996 18998 19000 19001 19002
2503,330.00274488,-3.00010000,18973 18974 18975 18997 19010 19011 19016 19017 19018
2504,334.00274488,-3.00010000,18669 18670 18671 18682 19009 19012 19013 19014
2505,338.00274488,-3.00010000,18654 18673 18674 18675 18676 18677 18678 18680 18681
2506,342.00274488,-3.00010000,18653 18655 18817 18818 18819 18822 18824 18825 18826
2507,346.00274488,-3.00010000,18733 18734 18735 18744 18746 18820 18821
2508,350.00274488,-3.00010000,18718 18719 18737 18738 18739 18740 18741 18742 18745
2509,354.00274488,-3.00010000,18717 18753 18754 18755 18756 18758 18760 18761 18762
2510,358.00274488,-3.00010000,17389 17390 17391 17394 17395 17400 17401 17402 18757
2511,0.00000000,-1.00010000,17399 17403 17404 17405 17406 17407 18088 18090 18772 18773
2512,4.00000000,-1.00010000,18059 18060 18062 18063 18080 18081 18082 18083 18084 18085 18086
2513,8.00000000,-1.00010000,17979 18055 18061 18064 18065 18066 18067 18068 18072 18073
2514,12.00000000,-1.00010000,17975 17980 17981 17982 17983 18018 18024 18026
2515,16.00000000,-1.00010000,17995 17996 17997 17998 17999 18016 18017 18019 18020 18021
2516,20.00000000,-1.00010000,17659 17662 17991 18000 18001 18002 18003 18004 18006 18008
2517,24.00000000,-1.00010000,17655 17660 17661 17663 17824 17826 17827 17832 17833 17834
2518,28.00000000,-1.00010000,17799 17803 17804 17805 17806 17807 17816 17818 17825 17828 17829
2519,32.00000000,-1.00010000,17723 17724 17726 17727 17808 17809 17810 17811 17812 17814
2520,36.00000000,-1.00010000,17719 17725 17739 17760 17761 17762 17763 17764 17768 17769
2521,40.00000000,-1.00010000,17735 17740 17741 17742 17743 17746 17752 17754
2522,44.00000000,-1.00010000,17744 17745 17747 17748 17749 36859 36860 36861 36862 36863
2523,48.00000000,-1.00010000,23179 23182 23200 23201 23202 23203 23204 23206 23208 23209 36855
2524,52.00000000,-1.00010000,23175 23180 23181 23183 23184 23186 23187 23192 23193 23194
2525,56.00000000,-1.00010000,23095 23099 23100 23101 23102 23103 23144 23146 23185 23188 23189
2526,60.00000000,-1.00010000,23115 23116 23118 23119 23136 23137 23138 23139 23140 23142
2527,64.00000000,-1.00010000,23111 23117 23120 23121 23122 23123 23128 23129
2528,68.00000000,-1.00010000,22775 22779 22780 22781 22782 22783 22946 22952 22954 23124
2529,72.00000000,-1.00010000,22923 22924 22925 22926 22927 22944 22945 22947 22948 22949 22950
2530,76.00000000,-1.00010000,22843 22919 22928 22929 22930 22931 22932 22934 22936 22937
2531,80.00000000,-1.00010000,22839 22844 22845 22846 22847 22880 22882 22883 22888 22889 22890
2532,84.00000000,-1.00010000,22855 22859 22860 22861 22862 22863 22872 22881 22884 22885
2533,88.00000000,-1.00010000,21499 21500 21502 21503 22864 22865 22866 22867 22868 22870
2534,92.00000000,-1.00010000,21495 21501 22176 22177 22178 22179 22184 22185
2535,96.00000000,-1.00010000,22151 22155 22156 22157 22158 22159 22162 22168 22170 22180
2536,100.00000000,-1.00010000,22075 22076 22077 22078 22079 22160 22161 22163 22164 22165 22166
2537,104.00000000,-1.00010000,22071 22091 22112 22113 22114 22115 22116 22118 22120 22121
2538,108.00000000,-1.00010000,22087 22092 22093 22094 22095 22096 22098 22099 22104 22105 22106
2539,112.00000000,-1.00010000,21751 21755 21756 21757 21758 21759 21928 22097 22100 22101
2540,116.00000000,-1.00010000,21899 21902 21920 21921 21922 21923 21924 21926
2541,120.00000000,-1.00010000,21895 21900 21901 21903 21904 21905 21906 21907 21912 21913
2542,124.00000000,-1.00010000,21815 21819 21820 21821 21822 21823 21858 21864 21866 21908 21909
2543,128.00000000,-1.00010000,21835 21836 21838 21839 21856 21857 21859 21860 21861 21862
2544,132.00000000,-1.00010000,21831 21837 21840 21841 21842 21843 21844 21846 21848 21849 40955
2545,136.00000000,-1.00010000,27296 27298 27299 27304 27306 40951 40956 40957 40958 40959
2546,140.00000000,-1.00010000,27275 27276 27277 27278 27279 27297 27300 27301
2547,144.00000000,-1.00010000,27195 27198 27271 27280 27281 27282 27283 27284 27286 27288
2548,148.00000000,-1.00010000,27191 27196 27197 27199 27232 27233 27234 27235 27240 27241
2549,152.00000000,-1.00010000,27207 27211 27212 27213 27214 27215 27218 27224 27226 27236 27237
2550,156.00000000,-1.00010000,26875 26876 26878 26879 27216 27217 27219 27220 27221 27222
2551,160.00000000,-1.00010000,26871 26877 27019 27040 27041 27042 27043 27044 27048 27049
2552,164.00000000,-1.00010000,27015 27020 27021 27022 27023 27024 27026 27027 27032 27034
2553,168.00000000,-1.00010000,26939 26940 26941 26942 26943 27025 27028 27029
2554,172.00000000,-1.00010000,26935 26955 26958 26976 26977 26978 26979 26980 26982 26984
2555,176.00000000,-1.00010000,26951 26956 26957 26959 26960 26961 26962 26963 26968 26969 26970
2556,180.00000000,-1.00010000,25591 25595 25596 25597 25598 25599 26280 26282 26964 26965
2557,184.00000000,-1.00010000,26251 26252 26254 26255 26272 26273 26274 26275 26276 26277 26278
2558,188.00000000,-1.00010000,26171 26247 26253 26256 26257 26258 26259 26260 26264 26265
2559,192.00000000,-1.00010000,26167 26172 26173 26174 26175 26210 26216 26218
2560,196.00000000,-1.00010000,26187 26188 26189 26190 26191 26208 26209 26211 26212 26213
2561,200.00000000,-1.00010000,25851 25854 26183 26192 26193 26194 26195 26196 26198 26200
2562,204.00000000,-1.00010000,25847 25852 25853 25855 26016 26018 26019 26024 26025 26026
2563,208.00000000,-1.00010000,25991 25995 25996 25997 25998 25999 26008 26010 26017 26020 26021
2564,212.00000000,-1.00010000,25915 25916 25918 25919 26000 26001 26002 26003 26004 26006
2565,216.00000000,-1.00010000,25911 25917 25931 25952 25953 25954 25955 25956 25960 25961
2566,220.00000000,-1.00010000,25927 25932 25933 25934 25935 25938 25944 25946
2567,224.00000000,-1.00010000,25936 25937 25939 25940 25941 45051 45052 45053 45054 45055
2568,228.00000000,-1.00010000,31371 31374 31392 31393 31394 31395 31396 31398 31400 31401 45047
2569,232.00000000,-1.00010000,31367 31372 31373 31375 31376 31378 31379 31384 31385 31386
2570,236.00000000,-1.00010000,31287 31291 31292 31293 31294 31295 31336 31338 31377 31380 31381
2571,240.00000000,-1.00010000,31307 31308 31310 31311 31328 31329 31330 31331 31332 31334
2572,244.00000000,-1.00010000,31303 31309 31312 31313 31314 31315 31320 31321
2573,248.00000000,-1.00010000,30967 30971 30972 30973 30974 30975 31138 31144 31146 31316
2574,252.00000000,-1.00010000,31115 31116 31117 31118 31119 31136 31137 31139 31140 31141 31142
2575,256.00000000,-1.00010000,31035 31111 31120 31121 31122 31123 31124 31126 31128 31129
2576,260.00000000,-1.00010000,31031 31036 31037 31038 31039 31072 31074 31075 31080 31081 31082
2577,264.00000000,-1.00010000,31047 31051 31052 31053 31054 31055 31064 31073 31076 31077
2578,268.00000000,-1.00010000,29691 29692 29694 29695 31056 31057 31058 31059 31060 31062
2579,272.00000000,-1.00010000,29687 29693 30368 30369 30370 30371 30376 30377
2580,276.00000000,-1.00010000,30343 30347 30348 30349 30350 30351 30354 30360 30362 30372
2581,280.00000000,-1.00010000,30267 30268 30269 30270 30271 30352 30353 30355 30356 30357 30358
2582,284.00000000,-1.00010000,30263 30283 30304 30305 30306 30307 30308 30310 30312 30313
2583,288.00000000,-1.00010000,30279 30284 30285 30286 30287 30288 30290 30291 30296 30297 30298
2584,292.00000000,-1.00010000,29943 29947 29948 29949 29950 29951 30120 30289 30292 30293
2585,296.00000000,-1.00010000,30091 30094 30112 30113 30114 30115 30116 30118
2586,300.00000000,-1.00010000,30087 30092 30093 30095 30096 30097 30098 30099 30104 30105
2587,304.00000000,-1.00010000,30007 30011 30012 30013 30014 30015 30050 30056 30058 30100 30101
2588,308.00000000,-1.00010000,30027 30028 30030 30031 30048 30049 30051 30052 30053 30054
2589,312.00000000,-1.00010000,30023 30029 30032 30033 30034 30035 30036 30038 30040 30041 49147
2590,316.00000000,-1.00010000,19104 19106 19107 19112 19114 49143 49148 49149 49150 49151
2591,320.00000000,-1.00010000,19083 19084 19085 19086 19087 19105 19108 19109
2592,324.00000000,-1.00010000,19003 19006 19079 19088 19089 19090 19091 19092 19094 19096
2593,328.00000000,-1.00010000,18999 19004 19005 19007 19040 19041 19042 19043 19048 19049
2594,332.00000000,-1.00010000,19015 19019 19020 19021 19022 19023 19026 19032 19034 19044 19045
2595,336.00000000,-1.00010000,18683 18684 18686 18687 19024 19025 19027 19028 19029 19030
2596,340.00000000,-1.00010000,18679 18685 18827 18848 18849 18850 18851 18852 18856 18857
2597,344.00000000,-1.00010000,18823 18828 18829 18830 18831 18832 18834 18835 18840 18842
2598,348.00000000,-1.00010000,18747 18748 18749 18750 18751 18833 18836 18837
2599,352.00000000,-1.00010000,18743 18763 18766 18784 18785 18786 18787 18788 18790 18792
2600,356.00000000,-1.00010000,18759 18764 18765 18767 18768 18769 18770 18771 18776 18777 18778
2601,2.00030460,0.99990000,18089 18091 18092 18093 18094 18095 19457 19460
2602,6.00030460,0.99990000,18074 18075 18078 18087 18096 18097 18098 18099 18100 18104
2603,10.00030460,0.99990000,18069 18070 18071 18076 18077 18079 18112 18113 18114 18115 18120
2604,14.00030460,0.99990000,18022 18023 18025 18027 18028 18029 18030 18031 18040 18116
2605,18.00030460,0.99990000,18009 18010 18011 18012 18014 18015 18032 18033 18034 18035 18036
2606,22.00030460,0.99990000,17835 18005 18007 18013 18176 18177 18178 18179 18180 18184
2607,26.00030460,0.99990000,17830 17831 17836 17837 17838 17839 17842 17848
2608,30.00030460,0.99990000,17817 17819 17820 17821 17822 17823 17840 17841 17843 17844
2609,34.00030460,0.99990000,17770 17771 17774 17813 17815 17856 17857 17858 17859 17860 17864
2610,38.00030460,0.99990000,17765 17766 17767 17772 17773 17775 17776 17778 17779 17784
2611,42.00030460,0.99990000,8 17750 17751 17753 17755 17756 17757 17758 17759 17777 17780
2612,46.00030460,0.99990000,0 1 2 3 4 23210 23211 23212 23214 23215
2613,50.00030460,0.99990000,23205 23207 23213 23216 23217 23218 23219 23224
2614,54.00030460,0.99990000,23190 23191 23195 23196 23197 23198 23199 23220 23234 23240
2615,58.00030460,0.99990000,23145 23147 23148 23149 23150 23151 23232 23233 23235 23236
2616,62.00030460,0.99990000,23130 23131 23134 23141 23143 23152 23153 23154 23155 23156 23160
2617,66.00030460,0.99990000,23125 23126 23127 23132 23133 23135 23296 23298 23299 23304
2618,70.00030460,0.99990000,22951 22953 22955 22956 22957 22958 22959 22968 23297 23300
2619,74.00030460,0.99990000,22938 22939 22940 22942 22943 22960 22961 22962 22963 22964
2620,78.00030460,0.99990000,22933 22935 22941 22976 22977 22978 22979 22984
2621,82.00030460,0.99990000,22886 22887 22891 22892 22893 22894 22895 22898 22904 22980
2622,86.00030460,0.99990000,22873 22874 22875 22876 22877 22878 22879 22896 22897 22899 22900
2623,90.00030460,0.99990000,22186 22187 22869 22871 23552 23553 23554 23555 23556 23560
2624,94.00030460,0.99990000,22181 22182 22183 22188 22189 22190 22191 22192 22194 22195 22200
2625,98.00030460,0.99990000,22167 22169 22171 22172 22173 22174 22175 22193 22196 22216
2626,102.00030460,0.99990000,22122 22123 22126 22208 22209 22210 22211 22212
2627,106.00030460,0.99990000,22117 22119 22124 22125 22127 22128 22129 22130 22131 22136
2628,110.00030460,0.99990000,22102 22103 22107 22108 22109 22110 22111 22132 22274 22280
2629,114.00030460,0.99990000,21929 21930 21931 21932 21934 21935 22272 22273 22275 22276
2630,118.00030460,0.99990000,21914 21915 21925 21927 21933 21936 21937 21938 21939 21940 21944
2631,122.00030460,0.99990000,21910 21911 21916 21917 21918 21919 21952 21954 21955 21960
2632,126.00030460,0.99990000,21863 21865 21867 21868 21869 21870 21871 21880 21953 21956
2633,130.00030460,0.99990000,21850 21851 21854 21872 21873 21874 21875 21876
2634,134.00030460,0.99990000,4096 4097 4098 4099 4104 21845 21847 21852 21853 21855
2635,138.00030460,0.99990000,4100 27302 27303 27305 27307 27308 27309 27310 27311 27314 27320
2636,142.00030460,0.99990000,27289 27290 27291 27292 27294 27295 27312 27313 27315 27316
2637,146.00030460,0.99990000,27242 27243 27285 27287 27293 27328 27329 27330 27331 27332 27336
2638,150.00030460,0.99990000,27238 27239 27244 27245 27246 27247 27248 27250 27251 27256
2639,154.00030460,0.99990000,27225 27227 27228 27229 27230 27231 27249 27252
2640,158.00030460,0.99990000,27050 27051 27054 27223 27392 27393 27394 27395 27396 27400
2641,162.00030460,0.99990000,27045 27046 27047 27052 27053 27055 27056 27057 27058 27059 27064
2642,166.00030460,0.99990000,27030 27031 27033 27035 27036 27037 27038 27039 27060 27080
2643,170.00030460,0.99990000,26985 26986 26987 26988 26990 26991 27072 27073 27074 27075 27076
2644,174.00030460,0.99990000,26971 26981 26983 26989 26992 26993 26994 26995 26996 27000
2645,178.00030460,0.99990000,26966 26967 26972 26973 26974 26975 27648 27650 27651 27656
2646,182.00030460,0.99990000,26281 26283 26284 26285 26286 26287 27649 27652
2647,186.00030460,0.99990000,26266 26267 26270 26279 26288 26289 26290 26291 26292 26296
2648,190.00030460,0.99990000,26261 26262 26263 26268 26269 26271 26304 26305 26306 26307 26312
2649,194.00030460,0.99990000,26214 26215 26217 26219 26220 26221 26222 26223 26232 26308
2650,198.00030460,0.99990000,26201 26202 26203 26204 26206 26207 26224 26225 26226 26227 26228
2651,202.00030460,0.99990000,26027 26197 26199 26205 26368 26369 26370 26371 26372 26376
2652,206.00030460,0.99990000,26022 26023 26028 26029 26030 26031 26034 26040
2653,210.00030460,0.99990000,26009 26011 26012 26013 26014 26015 26032 26033 26035 26036
2654,214.00030460,0.99990000,25962 25963 25966 26005 26007 26048 26049 26050 26051 26052 26056
2655,218.00030460,0.99990000,25957 25958 25959 25964 25965 25967 25968 25970 25971 25976
2656,222.00030460,0.99990000,8200 25942 25943 25945 25947 25948 25949 25950 25951 25969 25972
2657,226.00030460,0.99990000,8192 8193 8194 8195 8196 31402 31403 31404 31406 31407
2658,230.00030460,0.99990000,31397 31399 31405 31408 31409 31410 31411 31416
2659,234.00030460,0.99990000,31382 31383 31387 31388 31389 31390 31391 31412 31426 31432
2660,238.00030460,0.99990000,31337 31339 31340 31341 31342 31343 31424 31425 31427 31428
2661,242.00030460,0.99990000,31322 31323 31326 31333 31335 31344 31345 31346 31347 31348 31352
2662,246.00030460,0.99990000,31317 31318 31319 31324 31325 31327 31488 31490 31491 31496
2663,250.00030460,0.99990000,31143 31145 31147 31148 31149 31150 31151 31160 31489 31492
2664,254.00030460,0.99990000,31130 31131 31132 31134 31135 31152 31153 31154 31155 31156
2665,258.00030460,0.99990000,31125 31127 31133 31168 31169 31170 31171 31176
2666,262.00030460,0.99990000,31078 31079 31083 31084 31085 31086 31087 31090 31096 31172
2667,266.00030460,0.99990000,31065 31066 31067 31068 31069 31070 31071 31088 31089 31091 31092
2668,270.00030460,0.99990000,30378 30379 31061 31063 31744 31745 31746 31747 31748 31752
2669,274.00030460,0.99990000,30373 30374 30375 30380 30381 30382 30383 30384 30386 30387 30392
2670,278.00030460,0.99990000,30359 30361 30363 30364 30365 30366 30367 30385 30388 30408
2671,282.00030460,0.99990000,30314 30315 30318 30400 30401 30402 30403 30404
2672,286.00030460,0.99990000,30309 30311 30316 30317 30319 30320 30321 30322 30323 30328
2673,290.00030460,0.99990000,30294 30295 30299 30300 30301 30302 30303 30324 30466 30472
2674,294.00030460,0.99990000,30121 30122 30123 30124 30126 30127 30464 30465 30467 30468
2675,298.00030460,0.99990000,30106 30107 30117 30119 30125 30128 30129 30130 30131 30132 30136
2676,302.00030460,0.99990000,30102 30103 30108 30109 30110 30111 30144 30146 30147 30152
2677,306.00030460,0.99990000,30055 30057 30059 30060 30061 30062 30063 30072 30145 30148
2678,310.00030460,0.99990000,30042 30043 30046 30064 30065 30066 30067 30068
2679,314.00030460,0.99990000,12288 12289 12290 12291 12296 30037 30039 30044 30045 30047
2680,318.00030460,0.99990000,12292 19110 19111 19113 19115 19116 19117 19118 19119 19122 19128
2681,322.00030460,0.99990000,19097 19098 19099 19100 19102 19103 19120 19121 19123 19124
2682,326.00030460,0.99990000,19050 19051 19093 19095 19101 19136 19137 19138 19139 19140 19144
2683,330.00030460,0.99990000,19046 19047 19052 19053 19054 19055 19056 19058 19059 19064
2684,334.00030460,0.99990000,19033 19035 19036 19037 19038 19039 19057 19060
2685,338.00030460,0.99990000,18858 18859 18862 19031 19200 19201 19202 19203 19204 19208
2686,342.00030460,0.99990000,18853 18854 18855 18860 18861 18863 18864 18865 18866 18867 18872
2687,346.00030460,0.99990000,18838 18839 18841 18843 18844 18845 18846 18847 18868 18888
2688,350.00030460,0.99990000,18793 18794 18795 18796 18798 18799 18880 18881 18882 18883 18884
2689,354.00030460,0.99990000,18779 18789 18791 18797 18800 18801 18802 18803 18804 18808
2690,358.00030460,0.99990000,18774 18775 18780 18781 18782 18783 19456 19458 19459 19464
2691,0.00000000,2.99990000,19462 19463 19465 19467 19468 19469 19470
2692,4.00000000,2.99990000,18105 18106 18107 18108 18110 19461 19472 19473 19474
2693,8.00000000,2.99990000,18101 18102 18103 18109 18122 18123 18144 18145 18146
2694,12.00000000,2.99990000,18117 18118 18119 18121 18124 18125 18126 18130
2695,16.00000000,2.99990000,18038 18041 18042 18043 18044 18045 18046 18128 18129
2696,20.00000000,2.99990000,18037 18039 18185 18186 18187 18190 18208 18209 18210
2697,24.00000000,2.99990000,18181 18182 18183 18188 18189 18192 18194
2698,28.00000000,2.99990000,17846 17847 17849 17850 17851 17852 17853 17854 18193
2699,32.00000000,2.99990000,17845 17865 17866 17867 17868 17870 17888 17889 17890
2700,36.00000000,2.99990000,17786 17787 17861 17862 17863 17869 17872 17873 17874
2701,40.00000000,2.99990000,34 17781 17782 17783 17785 17788 17789 17790
2702,44.00000000,2.99990000,6 9 10 11 12 13 14 32 33
2703,48.00000000,2.99990000,5 7 16 17 18 23225 23226 23227 23230
2704,52.00000000,2.99990000,23221 23222 23223 23228 23229 23264 23266
2705,56.00000000,2.99990000,23238 23239 23241 23242 23243 23244 23245 23246 23265
2706,60.00000000,2.99990000,23161 23162 23163 23164 23166 23237 23248 23249 23250
2707,64.00000000,2.99990000,23157 23158 23159 23165 23306 23328 23329 23330
2708,68.00000000,2.99990000,23301 23302 23303 23305 23307 23308 23309 23310 23314
2709,72.00000000,2.99990000,22966 22969 22970 22971 22972 22973 22974 23312 23313
2710,76.00000000,2.99990000,22965 22967 22986 22987 23008 23009 23010
2711,80.00000000,2.99990000,22981 22982 22983 22985 22988 22989 22990 22992 22994
2712,84.00000000,2.99990000,22902 22903 22905 22906 22907 22908 22909 22910 22993
2713,88.00000000,2.99990000,22901 23561 23562 23563 23564 23566 23584 23585 23586
2714,92.00000000,2.99990000,22202 23557 23558 23559 23565 23568 23569 23570
2715,96.00000000,2.99990000,22197 22198 22199 22201 22203 22204 22205 22206 22242
2716,100.00000000,2.99990000,22214 22217 22218 22219 22220 22221 22222 22240 22241
2717,104.00000000,2.99990000,22138 22139 22213 22215 22224 22225 22226
2718,108.00000000,2.99990000,22133 22134 22135 22137 22140 22141 22142 22304 22306
2719,112.00000000,2.99990000,22278 22279 22281 22282 22283 22284 22285 22286 22305
2720,116.00000000,2.99990000,21945 21946 21947 21950 22277 22288 22289 22290
2721,120.00000000,2.99990000,21941 21942 21943 21948 21949 21962 21984 21985 21986
2722,124.00000000,2.99990000,21957 21958 21959 21961 21963 21964 21965 21966 21970
2723,128.00000000,2.99990000,21881 21882 21883 21884 21886 21968 21969
2724,132.00000000,2.99990000,4106 4107 4128 4129 4130 21877 21878 21879 21885
2725,136.00000000,2.99990000,4101 4102 4103 4105 4108 4109 4110 4112 4114
2726,140.00000000,2.99990000,4113 27318 27321 27322 27323 27324 27325 27326
2727,144.00000000,2.99990000,27317 27319 27337 27338 27339 27342 27360 27361 27362
2728,148.00000000,2.99990000,27258 27333 27334 27335 27340 27341 27344 27345 27346
2729,152.00000000,2.99990000,27253 27254 27255 27257 27259 27260 27261 27262 27426
2730,156.00000000,2.99990000,27401 27402 27403 27404 27406 27424 27425
2731,160.00000000,2.99990000,27066 27067 27397 27398 27399 27405 27408 27409 27410
2732,164.00000000,2.99990000,27061 27062 27063 27065 27068 27069 27070 27104 27106
2733,168.00000000,2.99990000,27078 27081 27082 27083 27084 27085 27086 27105
2734,172.00000000,2.99990000,27001 27002 27003 27006 27077 27079 27088 27089 27090
2735,176.00000000,2.99990000,26997 26998 26999 27004 27005 27658 27680 27681 27682
2736,180.00000000,2.99990000,27654 27655 27657 27659 27660 27661 27662
2737,184.00000000,2.99990000,26297 26298 26299 26300 26302 27653 27664 27665 27666
2738,188.00000000,2.99990000,26293 26294 26295 26301 26314 26315 26336 26337 26338
2739,192.00000000,2.99990000,26309 26310 26311 26313 26316 26317 26318 26322
2740,196.00000000,2.99990000,26230 26233 26234 26235 26236 26237 26238 26320 26321
2741,200.00000000,2.99990000,26229 26231 26377 26378 26379 26382 26400 26401 26402
2742,204.00000000,2.99990000,26373 26374 26375 26380 26381 26384 26386
2743,208.00000000,2.99990000,26038 26039 26041 26042 26043 26044 26045 26046 26385
2744,212.00000000,2.99990000,26037 26057 26058 26059 26060 26062 26080 26081 26082
2745,216.00000000,2.99990000,25978 25979 26053 26054 26055 26061 26064 26065 26066
2746,220.00000000,2.99990000,8226 25973 25974 25975 25977 25980 25981 25982
2747,224.00000000,2.99990000,8198 8201 8202 8203 8204 8205 8206 8224 8225
2748,228.00000000,2.99990000,8197 8199 8208 8209 8210 31417 31418 31419 31422
2749,232.00000000,2.99990000,31413 31414 31415 31420 31421 31456 31458
2750,236.00000000,2.99990000,31430 31431 31433 31434 31435 31436 31437 31438 31457
2751,240.00000000,2.99990000,31353 31354 31355 31356 31358 31429 31440 31441 31442
2752,244.00000000,2.99990000,31349 31350 31351 31357 31498 31520 31521 31522
2753,248.00000000,2.99990000,31493 31494 31495 31497 31499 31500 31501 31502 31506
2754,252.00000000,2.99990000,31158 31161 31162 31163 31164 31165 31166 31504 31505
2755,256.00000000,2.99990000,31157 31159 31178 31179 31200 31201 31202
2756,260.00000000,2.99990000,31173 31174 31175 31177 31180 31181 31182 31184 31186
2757,264.00000000,2.99990000,31094 31095 31097 31098 31099 31100 31101 31102 31185
2758,268.00000000,2.99990000,31093 31753 31754 31755 31756 31758 31776 31777 31778
2759,272.00000000,2.99990000,30394 31749 31750 31751 31757 31760 31761 31762
2760,276.00000000,2.99990000,30389 30390 30391 30393 30395 30396 30397 30398 30434
2761,280.00000000,2.99990000,30406 30409 30410 30411 30412 30413 30414 30432 30433
2762,284.00000000,2.99990000,30330 30331 30405 30407 30416 30417 30418
2763,288.00000000,2.99990000,30325 30326 30327 30329 30332 30333 30334 30496 30498
2764,292.00000000,2.99990000,30470 30471 30473 30474 30475 30476 30477 30478 30497
2765,296.00000000,2.99990000,30137 30138 30139 30142 30469 30480 30481 30482
2766,300.00000000,2.99990000,30133 30134 30135 30140 30141 30154 30176 30177 30178
2767,304.00000000,2.99990000,30149 30150 30151 30153 30155 30156 30157 30158 30162
2768,308.00000000,2.99990000,30073 30074 30075 30076 30078 30160 30161
2769,312.00000000,2.99990000,12298 12299 12320 12321 12322 30069 30070 30071 30077
2770,316.00000000,2.99990000,12293 12294 12295 12297 12300 12301 12302 12304 12306
2771,320.00000000,2.99990000,12305 19126 19129 19130 19131 19132 19133 19134
2772,324.00000000,2.99990000,19125 19127 19145 19146 19147 19150 19168 19169 19170
2773,328.00000000,2.99990000,19066 19141 19142 19143 19148 19149 19152 19153 19154
2774,332.00000000,2.99990000,19061 19062 19063 19065 19067 19068 19069 19070 19234
2775,336.00000000,2.99990000,19209 19210 19211 19212 19214 19232 19233
2776,340.00000000,2.99990000,18874 18875 19205 19206 19207 19213 19216 19217 19218
2777,344.00000000,2.99990000,18869 18870 18871 18873 18876 18877 18878 18912 18914
2778,348.00000000,2.99990000,18886 18889 18890 18891 18892 18893 18894 18913
2779,352.00000000,2.99990000,18809 18810 18811 18814 18885 18887 18896 18897 18898
2780,356.00000000,2.99990000,18805 18806 18807 18812 18813 19466 19488 19489 19490
2781,2.00763937,4.99990000,19475 19478 19480 19481 19482 19483 19484 19485 19486 19505
2782,6.00763937,4.99990000,18111 18152 18153 18154 18155 18158 19476 19477 19479 19520 19521 19522
2783,10.00763937,4.99990000,18127 18138 18147 18148 18149 18150 18151 18156 18157 18160 18161 18162
2784,14.00763937,4.99990000,18131 18132 18134 18135 18136 18137 18139 18140 18141 18142
2785,18.00763937,4.99990000,18047 18133 18211 18216 18217 18218 18219 18220 18222 18304 18305 18306
2786,22.00763937,4.99990000,18191 18200 18202 18203 18212 18213 18214 18215 18221 18224 18225 18226
2787,26.00763937,4.99990000,18195 18196 18197 18198 18199 18201 18204 18205 18206 18242
2788,30.00763937,4.99990000,17855 17891 17894 17896 17897 17898 17899 17900 17901 17902 18240 18241
2789,34.00763937,4.99990000,17871 17880 17881 17882 17883 17886 17892 17893 17895 17904 17905 17906
2790,38.00763937,4.99990000,128 130 17791 17875 17876 17877 17878 17879 17884 17885
2791,42.00763937,4.99990000,35 36 38 39 40 41 42 43 44 45 46 129
2792,46.00763937,4.99990000,15 19 24 25 26 27 28 30 37 48 49 50
2793,50.00763937,4.99990000,20 21 22 23 29 64 65 66 23231 23274
2794,54.00763937,4.99990000,23267 23268 23269 23270 23271 23272 23273 23275 23276 23277 23278 23282
2795,58.00763937,4.99990000,23247 23251 23254 23256 23257 23258 23259 23260 23261 23262 23280 23281
2796,62.00763937,4.99990000,23167 23252 23253 23255 23336 23337 23338 23339 23342 23424 23425 23426
2797,66.00763937,4.99990000,23311 23331 23332 23333 23334 23335 23340 23341 23344 23346
2798,70.00763937,4.99990000,23315 23316 23318 23319 23320 23321 23322 23323 23324 23325 23326 23345
2799,74.00763937,4.99990000,22975 23011 23016 23017 23018 23019 23020 23022 23317 23360 23361 23362
2800,78.00763937,4.99990000,22991 23002 23012 23013 23014 23015 23021 23024 23025 23026
2801,82.00763937,4.99990000,22995 22996 22997 22998 22999 23000 23001 23003 23004 23005 23006 23682
2802,86.00763937,4.99990000,22911 23587 23590 23592 23593 23594 23595 23596 23597 23598 23680 23681
2803,90.00763937,4.99990000,23567 23576 23578 23579 23588 23589 23591 23600 23601 23602
2804,94.00763937,4.99990000,22207 23571 23572 23573 23574 23575 23577 23580 23581 23582 23616 23618
2805,98.00763937,4.99990000,22243 22244 22246 22247 22248 22249 22250 22251 22252 22253 22254 23617
2806,102.00763937,4.99990000,22223 22232 22233 22234 22235 22238 22245 22256 22257 22258
2807,106.00763937,4.99990000,22143 22227 22228 22229 22230 22231 22236 22237 22314 22400 22401 22402
2808,110.00763937,4.99990000,22307 22308 22309 22310 22311 22312 22313 22315 22316 22317 22318 22322
2809,114.00763937,4.99990000,22287 22291 22296 22297 22298 22299 22300 22302 22320 22321
2810,118.00763937,4.99990000,21951 21992 21994 21995 22292 22293 22294 22295 22301 22336 22337 22338
2811,122.00763937,4.99990000,21967 21987 21988 21989 21990 21991 21993 21996 21997 21998 22000 22002
2812,126.00763937,4.99990000,21971 21972 21974 21975 21976 21977 21978 21979 21980 21981 21982 22001
2813,130.00763937,4.99990000,4136 4137 4138 4139 4142 4224 4225 4226 21887 21973
2814,134.00763937,4.99990000,4111 4122 4131 4132 4133 4134 4135 4140 4141 4144 4145 4146
2815,138.00763937,4.99990000,4115 4116 4117 4118 4119 4120 4121 4123 4124 4125 4126 4162
2816,142.00763937,4.99990000,4160 4161 27327 27363 27368 27369 27370 27371 27372 27374
2817,146.00763937,4.99990000,27343 27352 27354 27355 27364 27365 27366 27367 27373 27376 27377 27378
2818,150.00763937,4.99990000,27263 27347 27348 27349 27350 27351 27353 27356 27357 27358 27520 27522
2819,154.00763937,4.99990000,27427 27430 27432 27433 27434 27435 27436 27437 27438 27521
2820,158.00763937,4.99990000,27407 27416 27417 27418 27419 27422 27428 27429 27431 27440 27441 27442
2821,162.00763937,4.99990000,27071 27114 27411 27412 27413 27414 27415 27420 27421 27456 27457 27458
2822,166.00763937,4.99990000,27107 27108 27110 27111 27112 27113 27115 27116 27117 27118
2823,170.00763937,4.99990000,27087 27091 27096 27097 27098 27099 27100 27102 27109 27120 27121 27122
2824,174.00763937,4.99990000,27007 27092 27093 27094 27095 27101 27688 27690 27691 27776 27777 27778
2825,178.00763937,4.99990000,27663 27683 27684 27685 27686 27687 27689 27692 27693 27694 27696 27698
2826,182.00763937,4.99990000,27667 27670 27672 27673 27674 27675 27676 27677 27678 27697
2827,186.00763937,4.99990000,26303 26344 26345 26346 26347 26350 27668 27669 27671 27712 27713 27714
2828,190.00763937,4.99990000,26319 26330 26339 26340 26341 26342 26343 26348 26349 26352 26353 26354
2829,194.00763937,4.99990000,26323 26324 26326 26327 26328 26329 26331 26332 26333 26334
2830,198.00763937,4.99990000,26239 26325 26403 26408 26409 26410 26411 26412 26414 26496 26497 26498
2831,202.00763937,4.99990000,26383 26392 26394 26395 26404 26405 26406 26407 26413 26416 26417 26418
2832,206.00763937,4.99990000,26387 26388 26389 26390 26391 26393 26396 26397 26398 26434
2833,210.00763937,4.99990000,26047 26083 26086 26088 26089 26090 26091 26092 26093 26094 26432 26433
2834,214.00763937,4.99990000,26063 26072 26073 26074 26075 26078 26084 26085 26087 26096 26097 26098
2835,218.00763937,4.99990000,8320 8322 25983 26067 26068 26069 26070 26071 26076 26077
2836,222.00763937,4.99990000,8227 8228 8230 8231 8232 8233 8234 8235 8236 8237 8238 8321
2837,226.00763937,4.99990000,8207 8211 8216 8217 8218 8219 8220 8222 8229 8240 8241 8242
2838,230.00763937,4.99990000,8212 8213 8214 8215 8221 8256 8257 8258 31423 31466
2839,234.00763937,4.99990000,31459 31460 31461 31462 31463 31464 31465 31467 31468 31469 31470 31474
2840,238.00763937,4.99990000,31439 31443 31446 31448 31449 31450 31451 31452 31453 31454 31472 31473
2841,242.00763937,4.99990000,31359 31444 31445 31447 31528 31529 31530 31531 31534 31616 31617 31618
2842,246.00763937,4.99990000,31503 31523 31524 31525 31526 31527 31532 31533 31536 31538
2843,250.00763937,4.99990000,31507 31508 31510 31511 31512 31513 31514 31515 31516 31517 31518 31537
2844,254.00763937,4.99990000,31167 31203 31208 31209 31210 31211 31212 31214 31509 31552 31553 31554
2845,258.00763937,4.99990000,31183 31194 31204 31205 31206 31207 31213 31216 31217 31218
2846,262.00763937,4.99990000,31187 31188 31189 31190 31191 31192 31193 31195 31196 31197 31198 31874
2847,266.00763937,4.99990000,31103 31779 31782 31784 31785 31786 31787 31788 31789 31790 31872 31873
2848,270.00763937,4.99990000,31759 31768 31770 31771 31780 31781 31783 31792 31793 31794
2849,274.00763937,4.99990000,30399 31763 31764 31765 31766 31767 31769 31772 31773 31774 31808 31810
2850,278.00763937,4.99990000,30435 30436 30438 30439 30440 30441 30442 30443 30444 30445 30446 31809
2851,282.00763937,4.99990000,30415 30424 30425 30426 30427 30430 30437 30448 30449 30450
2852,286.00763937,4.99990000,30335 30419 30420 30421 30422 30423 30428 30429 30506 30592 30593 30594
2853,290.00763937,4.99990000,30499 30500 30501 30502 30503 30504 30505 30507 30508 30509 30510 30514
2854,294.00763937,4.99990000,30479 30483 30488 30489 30490 30491 30492 30494 30512 30513
2855,298.00763937,4.99990000,30143 30184 30186 30187 30484 30485 30486 30487 30493 30528 30529 30530
2856,302.00763937,4.99990000,30159 30179 30180 30181 30182 30183 30185 30188 30189 30190 30192 30194
2857,306.00763937,4.99990000,30163 30164 30166 30167 30168 30169 30170 30171 30172 30173 30174 30193
2858,310.00763937,4.99990000,12328 12329 12330 12331 12334 12416 12417 12418 30079 30165
2859,314.00763937,4.99990000,12303 12314 12323 12324 12325 12326 12327 12332 12333 12336 12337 12338
2860,318.00763937,4.99990000,12307 12308 12309 12310 12311 12312 12313 12315 12316 12317 12318 12354
2861,322.00763937,4.99990000,12352 12353 19135 19171 19176 19177 19178 19179 19180 19182
2862,326.00763937,4.99990000,19151 19160 19162 19163 19172 19173 19174 19175 19181 19184 19185 19186
2863,330.00763937,4.99990000,19071 19155 19156 19157 19158 19159 19161 19164 19165 19166 19328 19330
2864,334.00763937,4.99990000,19235 19238 19240 19241 19242 19243 19244 19245 19246 19329
2865,338.00763937,4.99990000,19215 19224 19225 19226 19227 19230 19236 19237 19239 19248 19249 19250
2866,342.00763937,4.99990000,18879 18922 19219 19220 19221 19222 19223 19228 19229 19264 19265 19266
2867,346.00763937,4.99990000,18915 18916 18918 18919 18920 18921 18923 18924 18925 18926
2868,350.00763937,4.99990000,18895 18899 18904 18905 18906 18907 18908 18910 18917 18928 18929 18930
2869,354.00763937,4.99990000,18815 18900 18901 18902 18903 18909 19496 19498 19499 19584 19585 19586
2870,358.00763937,4.99990000,19471 19491 19492 19493 19494 19495 19497 19500 19501 19502 19504 19506
2871,0.00000000,6.99990000,19507 19508 19510 19511 19512 19513 19515 19516
2872,4.00000000,6.99990000,19487 19509 19523 19528 19529 19530 19531 19532 19552
2873,8.00000000,6.99990000,18159 18168 18170 18171 19524 19525 19526 19527 19536
2874,12.00000000,6.99990000,18163 18164 18165 18166 18167 18169 18172
2875,16.00000000,6.99990000,18143 18307 18310 18312 18313 18314 18315 18316 18336
2876,20.00000000,6.99990000,18223 18232 18233 18234 18235 18308 18309 18311 18320
2877,24.00000000,6.99990000,18207 18227 18228 18229 18230 18231 18236 18272
2878,28.00000000,6.99990000,18243 18244 18246 18247 18248 18249 18250 18251 18252
2879,32.00000000,6.99990000,17903 17907 17912 17913 17914 17915 17916 18245 18256
2880,36.00000000,6.99990000,136 138 139 160 17887 17908 17909 17910 17911
2881,40.00000000,6.99990000,131 132 133 134 135 137 140
2882,44.00000000,6.99990000,47 51 54 56 57 58 59 60 144
2883,48.00000000,6.99990000,31 52 53 55 72 73 74 75 96
2884,52.00000000,6.99990000,67 68 69 70 71 76 80 23279
2885,56.00000000,6.99990000,23283 23284 23286 23287 23288 23289 23290 23291 23292
2886,60.00000000,6.99990000,23263 23285 23427 23432 23433 23434 23435 23436 23456
2887,64.00000000,6.99990000,23343 23354 23428 23429 23430 23431 23440
2888,68.00000000,6.99990000,23347 23348 23349 23350 23351 23352 23353 23355 23356
2889,72.00000000,6.99990000,23327 23363 23366 23368 23369 23370 23371 23372 23392
2890,76.00000000,6.99990000,23023 23032 23034 23035 23364 23365 23367 23376
2891,80.00000000,6.99990000,23007 23027 23028 23029 23030 23031 23033 23036 23712
2892,84.00000000,6.99990000,23683 23684 23686 23687 23688 23689 23690 23691 23692
2893,88.00000000,6.99990000,23599 23603 23608 23609 23610 23611 23612 23685 23696
2894,92.00000000,6.99990000,23583 23604 23605 23606 23607 23626 23648
2895,96.00000000,6.99990000,23619 23620 23621 23622 23623 23624 23625 23627 23628
2896,100.00000000,6.99990000,22255 22259 22262 22264 22265 22266 22267 22268 23632
2897,104.00000000,6.99990000,22239 22260 22261 22263 22408 22410 22411 22432
2898,108.00000000,6.99990000,22319 22403 22404 22405 22406 22407 22409 22412 22416
2899,112.00000000,6.99990000,22323 22324 22326 22327 22328 22329 22330 22331 22332
2900,116.00000000,6.99990000,22303 22325 22344 22345 22346 22347 22368
2901,120.00000000,6.99990000,21999 22010 22339 22340 22341 22342 22343 22348 22352
2902,124.00000000,6.99990000,22003 22004 22005 22006 22007 22008 22009 22011 22012
2903,128.00000000,6.99990000,4227 4232 4233 4234 4235 4236 4256 21983
2904,132.00000000,6.99990000,4143 4152 4154 4155 4228 4229 4230 4231 4240
2905,136.00000000,6.99990000,4127 4147 4148 4149 4150 4151 4153 4156 4192
2906,140.00000000,6.99990000,4163 4166 4168 4169 4170 4171 4172
2907,144.00000000,6.99990000,4164 4165 4167 4176 27375 27384 27385 27386 27387
2908,148.00000000,6.99990000,27359 27379 27380 27381 27382 27383 27388 27530 27552
2909,152.00000000,6.99990000,27523 27524 27525 27526 27527 27528 27529 27531 27532
2910,156.00000000,6.99990000,27439 27443 27448 27449 27450 27451 27452 27536
2911,160.00000000,6.99990000,27423 27444 27445 27446 27447 27464 27466 27467 27488
2912,164.00000000,6.99990000,27119 27459 27460 27461 27462 27463 27465 27468 27472
2913,168.00000000,6.99990000,27123 27126 27128 27129 27130 27131 27132
2914,172.00000000,6.99990000,27103 27124 27125 27127 27784 27785 27786 27787 27808
2915,176.00000000,6.99990000,27695 27706 27779 27780 27781 27782 27783 27788 27792
2916,180.00000000,6.99990000,27699 27700 27702 27703 27704 27705 27707 27708
2917,184.00000000,6.99990000,27679 27701 27715 27720 27721 27722 27723 27724 27744
2918,188.00000000,6.99990000,26351 26360 26362 26363 27716 27717 27718 27719 27728
2919,192.00000000,6.99990000,26355 26356 26357 26358 26359 26361 26364
2920,196.00000000,6.99990000,26335 26499 26502 26504 26505 26506 26507 26508 26528
2921,200.00000000,6.99990000,26415 26424 26425 26426 26427 26500 26501 26503 26512
2922,204.00000000,6.99990000,26399 26419 26420 26421 26422 26423 26428 26464
2923,208.00000000,6.99990000,26435 26436 26438 26439 26440 26441 26442 26443 26444
2924,212.00000000,6.99990000,26095 26099 26104 26105 26106 26107 26108 26437 26448
2925,216.00000000,6.99990000,8328 8330 8331 8352 26079 26100 26101 26102 26103
2926,220.00000000,6.99990000,8323 8324 8325 8326 8327 8329 8332
2927,224.00000000,6.99990000,8239 8243 8246 8248 8249 8250 8251 8252 8336
2928,228.00000000,6.99990000,8223 8244 8245 8247 8264 8265 8266 8267 8288
2929,232.00000000,6.99990000,8259 8260 8261 8262 8263 8268 8272 31471
2930,236.00000000,6.99990000,31475 31476 31478 31479 31480 31481 31482 31483 31484
2931,240.00000000,6.99990000,31455 31477 31619 31624 31625 31626 31627 31628 31648
2932,244.00000000,6.99990000,31535 31546 31620 31621 31622 31623 31632
2933,248.00000000,6.99990000,31539 31540 31541 31542 31543 31544 31545 31547 31548
2934,252.00000000,6.99990000,31519 31555 31558 31560 31561 31562 31563 31564 31584
2935,256.00000000,6.99990000,31215 31224 31226 31227 31556 31557 31559 31568
2936,260.00000000,6.99990000,31199 31219 31220 31221 31222 31223 31225 31228 31904
2937,264.00000000,6.99990000,31875 31876 31878 31879 31880 31881 31882 31883 31884
2938,268.00000000,6.99990000,31791 31795 31800 31801 31802 31803 31804 31877 31888
2939,272.00000000,6.99990000,31775 31796 31797 31798 31799 31818 31840
2940,276.00000000,6.99990000,31811 31812 31813 31814 31815 31816 31817 31819 31820
2941,280.00000000,6.99990000,30447 30451 30454 30456 30457 30458 30459 30460 31824
2942,284.00000000,6.99990000,30431 30452 30453 30455 30600 30602 30603 30624
2943,288.00000000,6.99990000,30511 30595 30596 30597 30598 30599 30601 30604 30608
2944,292.00000000,6.99990000,30515 30516 30518 30519 30520 30521 30522 30523 30524
2945,296.00000000,6.99990000,30495 30517 30536 30537 30538 30539 30560
2946,300.00000000,6.99990000,30191 30202 30531 30532 30533 30534 30535 30540 30544
2947,304.00000000,6.99990000,30195 30196 30197 30198 30199 30200 30201 30203 30204
2948,308.00000000,6.99990000,12419 12424 12425 12426 12427 12428 12448 30175
2949,312.00000000,6.99990000,12335 12344 12346 12347 12420 12421 12422 12423 12432
2950,316.00000000,6.99990000,12319 12339 12340 12341 12342 12343 12345 12348 12384
2951,320.00000000,6.99990000,12355 12358 12360 12361 12362 12363 12364
2952,324.00000000,6.99990000,12356 12357 12359 12368 19183 19192 19193 19194 19195
2953,328.00000000,6.99990000,19167 19187 19188 19189 19190 19191 19196 19338 19360
2954,332.00000000,6.99990000,19331 19332 19333 19334 19335 19336 19337 19339 19340
2955,336.00000000,6.99990000,19247 19251 19256 19257 19258 19259 19260 19344
2956,340.00000000,6.99990000,19231 19252 19253 19254 19255 19272 19274 19275 19296
2957,344.00000000,6.99990000,18927 19267 19268 19269 19270 19271 19273 19276 19280
2958,348.00000000,6.99990000,18931 18934 18936 18937 18938 18939 18940
2959,352.00000000,6.99990000,18911 18932 18933 18935 19592 19593 19594 19595 19616
2960,356.00000000,6.99990000,19503 19514 19587 19588 19589 19590 19591 19596 19600
2961,2.02492969,8.99990000,19517 19553 19554 19555 19558 19560 19561 19562
2962,6.06987351,8.99990000,19533 19534 19535 19538 19544 19545 19546 19556 19557
2963,10.11481733,8.99990000,18173 18174 18175 18346 19537 19539 19540 19541 19542
2964,14.15976115,8.99990000,18318 18337 18338 18339 18340 18341 18342 18344 18345
2965,18.20470497,8.99990000,18317 18319 18322 18323 18328 18329 18330
2966,22.24964879,8.99990000,18237 18238 18239 18280 18282 18321 18324 18325 18326
2967,26.29459261,8.99990000,18254 18255 18273 18274 18275 18276 18277 18278 18281
2968,30.33953643,8.99990000,18253 18257 18258 18259 18260 18262 18264 18265 18266
2969,34.38448025,8.99990000,162 168 169 170 17917 17918 17919 18261
2970,38.42942407,8.99990000,141 142 143 154 161 163 164 165 166
2971,42.47436789,8.99990000,62 145 146 147 148 149 150 152 153
2972,46.51931171,8.99990000,61 63 97 98 99 102 104 105 106
2973,50.56425553,8.99990000,77 78 79 88 90 100 101
2974,54.60919935,8.99990000,81 82 83 84 85 86 89 23294 23295
2975,58.65414317,8.99990000,23293 23457 23458 23459 23460 23462 23464 23465 23466
2976,62.69908700,8.99990000,23437 23438 23439 23442 23443 23448 23449 23450 23461
2977,66.74403082,8.99990000,23357 23358 23359 23402 23441 23444 23445 23446
2978,70.78897464,8.99990000,23374 23393 23394 23395 23396 23397 23398 23400 23401
2979,74.83391846,8.99990000,23373 23375 23377 23378 23379 23382 23384 23385 23386
2980,78.87886228,8.99990000,23037 23038 23039 23380 23381 23714 23720 23721 23722
2981,82.92380610,8.99990000,23694 23695 23713 23715 23716 23717 23718
2982,86.96874992,8.99990000,23693 23697 23698 23699 23700 23702 23704 23705 23706
2983,91.01369374,8.99990000,23613 23614 23615 23650 23651 23656 23657 23658 23701
2984,95.05863756,8.99990000,23629 23630 23631 23640 23642 23649 23652 23653 23654
2985,99.10358138,8.99990000,22270 23633 23634 23635 23636 23637 23638 23641
2986,103.14852520,8.99990000,22269 22271 22433 22434 22435 22438 22440 22441 22442
2987,107.19346902,8.99990000,22413 22414 22415 22418 22424 22425 22426 22436 22437
2988,111.23841284,8.99990000,22333 22334 22335 22378 22417 22419 22420 22421 22422
2989,115.28335666,8.99990000,22369 22370 22371 22372 22374 22376 22377
2990,119.32830048,8.99990000,22349 22350 22351 22354 22355 22360 22361 22362 22373
2991,123.37324430,8.99990000,4264 4266 22013 22014 22015 22353 22356 22357 22358
2992,127.41818812,8.99990000,4238 4239 4257 4258 4259 4260 4261 4262 4265
2993,131.46313194,8.99990000,4237 4241 4242 4243 4246 4248 4249 4250
2994,135.50807576,8.99990000,4157 4158 4159 4194 4200 4201 4202 4244 4245
2995,139.55301958,8.99990000,4173 4174 4175 4186 4193 4195 4196 4197 4198
2996,143.59796340,8.99990000,4177 4178 4179 4180 4181 4182 4184 4185 27390
2997,147.64290722,8.99990000,27389 27391 27554 27555 27560 27561 27562
2998,151.68785104,8.99990000,27533 27534 27535 27544 27546 27553 27556 27557 27558
2999,155.73279486,8.99990000,27454 27455 27537 27538 27539 27540 27541 27542 27545
3000,159.77773868,8.99990000,27453 27489 27490 27491 27492 27494 27496 27497 27498
3001,163.82268250,8.99990000,27469 27470 27471 27474 27480 27481 27482 27493
3002,167.86762632,8.99990000,27133 27134 27135 27473 27475 27476 27477 27478 27818
3003,171.91257014,8.99990000,27790 27809 27810 27811 27812 27813 27814 27816 27817
3004,175.95751396,8.99990000,27789 27791 27793 27794 27795 27798 27800 27801 27802
3005,180.00245778,8.99990000,27709 27710 27711 27752 27754 27796 27797
3006,184.04740160,8.99990000,27726 27727 27745 27746 27747 27748 27749 27750 27753
3007,188.09234542,8.99990000,27725 27729 27730 27731 27732 27734 27736 27737 27738
3008,192.13728924,8.99990000,26365 26366 26367 26530 26531 26536 26537 26538 27733
3009,196.18223306,8.99990000,26509 26510 26511 26522 26529 26532 26533 26534
3010,200.22717688,8.99990000,26430 26513 26514 26515 26516 26517 26518 26520 26521
3011,204.27212070,8.99990000,26429 26431 26465 26466 26467 26470 26472 26473 26474
3012,208.31706452,8.99990000,26445 26446 26447 26450 26456 26457 26458 26468 26469
3013,212.36200834,8.99990000,26110 26111 26449 26451 26452 26453 26454
3014,216.40695216,8.99990000,8353 8354 8355 8356 8358 8360 8361 8362 26109
3015,220.45189598,8.99990000,8333 8334 8335 8338 8339 8344 8345 8346 8357
3016,224.49683980,8.99990000,8253 8254 8255 8296 8298 8337 8340 8341 8342
3017,228.54178362,8.99990000,8270 8289 8290 8291 8292 8293 8294 8297
3018,232.58672744,8.99990000,8269 8271 8273 8274 8275 8278 8280 8281 8282
3019,236.63167126,8.99990000,8276 8277 31485 31486 31487 31650 31656 31657 31658
3020,240.67661509,8.99990000,31629 31630 31631 31642 31649 31651 31652 31653 31654
3021,244.72155891,8.99990000,31633 31634 31635 31636 31638 31640 31641
3022,248.76650273,8.99990000,31549 31550 31551 31586 31587 31592 31593 31594 31637
3023,252.81144655,8.99990000,31565 31566 31567 31576 31578 31585 31588 31589 31590
3024,256.85639037,8.99990000,31230 31231 31569 31570 31571 31572 31573 31574 31577
3025,260.90133419,8.99990000,31229 31905 31906 31907 31910 31912 31913 31914
3026,264.94627801,8.99990000,31885 31886 31887 31890 31896 31897 31898 31908 31909
3027,268.99122183,8.99990000,31805 31806 31807 31850 31889 31891 31892 31893 31894
3028,273.03616565,8.99990000,31822 31841 31842 31843 31844 31845 31846 31848 31849
3029,277.08110947,8.99990000,31821 31823 31826 31827 31832 31833 31834
3030,281.12605329,8.99990000,30461 30462 30463 30632 30634 31825 31828 31829 31830
3031,285.17099711,8.99990000,30606 30607 30625 30626 30627 30628 30629 30630 30633
3032,289.21594093,8.99990000,30605 30609 30610 30611 30612 30614 30616 30617 30618
3033,293.26088475,8.99990000,30525 30526 30527 30562 30568 30569 30570 30613
3034,297.30582857,8.99990000,30541 30542 30543 30554 30561 30563 30564 30565 30566
3035,301.35077239,8.99990000,30206 30545 30546 30547 30548 30549 30550 30552 30553
3036,305.39571621,8.99990000,12449 12450 12451 12454 12456 12457 12458 30205 30207
3037,309.44066003,8.99990000,12429 12430 12431 12440 12442 12452 12453
3038,313.48560385,8.99990000,12350 12351 12433 12434 12435 12436 12437 12438 12441
3039,317.53054767,8.99990000,12349 12385 12386 12387 12388 12390 12392 12393 12394
3040,321.57549149,8.99990000,12365 12366 12367 12370 12371 12376 12377 12378 12389
3041,325.62043531,8.99990000,12369 12372 12373 12374 19197 19198 19199 19370
3042,329.66537913,8.99990000,19342 19361 19362 19363 19364 19365 19366 19368 19369
3043,333.71032295,8.99990000,19341 19343 19345 19346 19347 19350 19352 19353 19354
3044,337.75526677,8.99990000,19261 19262 19263 19298 19304 19305 19306 19348 19349
3045,341.80021059,8.99990000,19278 19279 19297 19299 19300 19301 19302
3046,345.84515441,8.99990000,19277 19281 19282 19283 19284 19286 19288 19289 19290
3047,349.89009823,8.99990000,18941 18942 18943 19285 19618 19619 19624 19625 19626
3048,353.93504205,8.99990000,19597 19598 19599 19608 19610 19617 19620 19621 19622
3049,357.97998587,8.99990000,19518 19519 19601 19602 19603 19604 19605 19606 19609
3050,0.00000000,10.99990000,19563 19607 19648 19649 19650 19651 19652 19656
3051,4.04494382,10.99990000,19559 19564 19565 19566 19567 19568 19570 19571 19576
3052,8.08988764,10.99990000,19543 19547 19548 19549 19550 19551 19569 19572 19720
3053,12.13483146,10.99990000,18347 18348 18350 18351 19712 19713 19714 19715 19716
3054,16.17977528,10.99990000,18343 18349 18352 18353 18354 18355 18360
3055,20.22471910,10.99990000,18327 18331 18332 18333 18334 18335 18356 18370 18376
3056,24.26966292,10.99990000,18283 18284 18285 18286 18287 18368 18369 18371 18372
3057,28.31460674,10.99990000,18267 18270 18279 18288 18289 18290 18291 18292 18296
3058,32.35955056,10.99990000,512 514 515 520 18263 18268 18269 18271
3059,36.40449438,10.99990000,167 171 172 173 174 175 184 513 516
3060,40.44943820,10.99990000,155 156 158 159 176 177 178 179 180
3061,44.49438202,10.99990000,107 151 157 192 193 194 195 196 200
3062,48.53932584,10.99990000,103 108 109 110 111 114 120
3063,52.58426966,10.99990000,91 92 93 94 95 112 113 115 116
3064,56.62921348,10.99990000,87 256 257 258 259 260 264 23467 23470
3065,60.67415730,10.99990000,23463 23468 23469 23471 23472 23473 23474 23475 23480
3066,64.71910112,10.99990000,23447 23451 23452 23453 23454 23455 23476 23496
3067,68.76404494,10.99990000,23403 23404 23406 23407 23488 23489 23490 23491 23492
3068,72.80898876,10.99990000,23387 23399 23405 23408 23409 23410 23411 23412 23416
3069,76.85393258,10.99990000,23383 23388 23389 23390 23391 24064 24066 24067 24072
3070,80.89887640,10.99990000,23723 23724 23725 23726 23727 24065 24068
3071,84.94382022,10.99990000,23707 23710 23719 23728 23729 23730 23731 23732 23736
3072,88.98876404,10.99990000,23703 23708 23709 23711 23744 23745 23746 23747 23752
3073,93.03370787,10.99990000,23655 23659 23660 23661 23662 23663 23666 23672 23748
3074,97.07865169,10.99990000,23643 23644 23646 23647 23664 23665 23667 23668
3075,101.12359551,10.99990000,22443 23639 23645 23808 23809 23810 23811 23812 23816
3076,105.16853933,10.99990000,22439 22444 22445 22446 22447 22448 22450 22451 22456
3077,109.21348315,10.99990000,22423 22427 22428 22429 22430 22431 22449 22452 22472
3078,113.25842697,10.99990000,22379 22382 22464 22465 22466 22467 22468
3079,117.30337079,10.99990000,22375 22380 22381 22383 22384 22385 22386 22387 22392
3080,121.34831461,10.99990000,4610 4616 22359 22363 22364 22365 22366 22367 22388
3081,125.39325843,10.99990000,4267 4268 4269 4270 4271 4608 4609 4611 4612
3082,129.43820225,10.99990000,4251 4263 4272 4273 4274 4275 4276 4280
3083,133.48314607,10.99990000,4247 4252 4253 4254 4255 4288 4290 4291 4296
3084,137.52808989,10.99990000,4199 4203 4204 4205 4206 4207 4216 4289 4292
3085,141.57303371,10.99990000,4187 4188 4190 4191 4208 4209 4210 4211 4212
3086,145.61797753,10.99990000,4183 4189 4352 4353 4354 4355 4360
3087,149.66292135,10.99990000,4356 27559 27563 27564 27565 27566 27567 27570 27576
3088,153.70786517,10.99990000,27547 27548 27549 27550 27551 27568 27569 27571 27572
3089,157.75280899,10.99990000,27499 27502 27543 27584 27585 27586 27587 27588 27592
3090,161.79775281,10.99990000,27495 27500 27501 27503 27504 27506 27507 27512
3091,165.84269663,10.99990000,27479 27483 27484 27485 27486 27487 27505 27508 28168
3092,169.88764045,10.99990000,27819 27820 27822 27823 28160 28161 28162 28163 28164
3093,173.93258427,10.99990000,27803 27815 27821 27824 27825 27826 27827 27828 27832
3094,177.97752809,10.99990000,27799 27804 27805 27806 27807 27840 27842 27843 27848
3095,182.02247191,10.99990000,27755 27756 27757 27758 27759 27841 27844
3096,186.06741573,10.99990000,27739 27742 27751 27760 27761 27762 27763 27764 27768
3097,190.11235955,10.99990000,27735 27740 27741 27743 27904 27905 27906 27907 27912
3098,194.15730337,10.99990000,26535 26539 26540 26541 26542 26543 26546 26552 27908
3099,198.20224719,10.99990000,26523 26524 26526 26527 26544 26545 26547 26548
3100,202.24719101,10.99990000,26475 26519 26525 26560 26561 26562 26563 26564 26568
3101,206.29213483,10.99990000,26471 26476 26477 26478 26479 26480 26482 26483 26488
3102,210.33707865,10.99990000,8712 26455 26459 26460 26461 26462 26463 26481 26484
3103,214.38202247,10.99990000,8363 8366 8704 8705 8706 8707 8708
3104,218.42696629,10.99990000,8359 8364 8365 8367 8368 8369 8370 8371 8376
3105,222.47191011,10.99990000,8343 8347 8348 8349 8350 8351 8372 8386 8392
3106,226.51685393,10.99990000,8299 8300 8301 8302 8303 8384 8385 8387 8388
3107,230.56179775,10.99990000,8283 8295 8304 8305 8306 8307 8308 8312
3108,234.60674157,10.99990000,8279 8284 8285 8286 8287 8448 8450 8451 8456
3109,238.65168539,10.99990000,8449 8452 31655 31659 31660 31661 31662 31663 31672
3110,242.69662921,10.99990000,31643 31644 31646 31647 31664 31665 31666 31667 31668
3111,246.74157303,10.99990000,31639 31645 31680 31681 31682 31683 31688
3112,250.78651685,10.99990000,31591 31595 31596 31597 31598 31599 31602 31608 31684
3113,254.83146067,10.99990000,31579 31580 31581 31582 31583 31600 31601 31603 31604
3114,258.87640449,10.99990000,31575 31915 31918 32256 32257 32258 32259 32260 32264
3115,262.92134831,10.99990000,31911 31916 31917 31919 31920 31922 31923 31928
3116,266.96629213,10.99990000,31895 31899 31900 31901 31902 31903 31921 31924 31944
3117,271.01123596,10.99990000,31851 31852 31854 31855 31936 31937 31938 31939 31940
3118,275.05617978,10.99990000,31835 31847 31853 31856 31857 31858 31859 31860 31864
3119,279.10112360,10.99990000,31831 31836 31837 31838 31839 32002 32008
3120,283.14606742,10.99990000,30635 30636 30637 30638 30639 32000 32001 32003 32004
3121,287.19101124,10.99990000,30619 30622 30631 30640 30641 30642 30643 30644 30648
3122,291.23595506,10.99990000,30615 30620 30621 30623 30656 30657 30658 30659 30664
3123,295.28089888,10.99990000,30567 30571 30572 30573 30574 30575 30584 30660
3124,299.32584270,10.99990000,30555 30556 30558 30559 30576 30577 30578 30579 30580
3125,303.37078652,10.99990000,12459 12800 12801 12802 12803 12804 12808 30551 30557
3126,307.41573034,10.99990000,12455 12460 12461 12462 12463 12464 12466 12467 12472
3127,311.46067416,10.99990000,12443 12444 12445 12446 12447 12465 12468
3128,315.50561798,10.99990000,12395 12398 12439 12480 12481 12482 12483 12484 12488
3129,319.55056180,10.99990000,12391 12396 12397 12399 12400 12401 12402 12403 12408
3130,323.59550562,10.99990000,12375 12379 12380 12381 12382 12383 12404 12546 12552
3131,327.64044944,10.99990000,12544 12545 12547 12548 19371 19372 19374 19375
3132,331.68539326,10.99990000,19355 19367 19373 19376 19377 19378 19379 19380 19384
3133,335.73033708,10.99990000,19351 19356 19357 19358 19359 19392 19394 19395 19400
3134,339.77528090,10.99990000,19303 19307 19308 19309 19310 19311 19320 19393 19396
3135,343.82022472,10.99990000,19291 19294 19312 19313 19314 19315 19316
3136,347.86516854,10.99990000,19287 19292 19293 19295 19968 19969 19970 19971 19976
3137,351.91011236,10.99990000,19623 19627 19628 19629 19630 19631 19634 19640 19972
3138,355.95505618,10.99990000,19611 19612 19613 19614 19615 19632 19633 19635 19636
3139,2.05260739,12.99990000,19578 19653 19654 19655 19661 19664 19665 19666 19667 19672
3140,6.14351648,12.99990000,19573 19574 19575 19577 19579 19580 19581 19582 19583 19668 19746 19752
3141,10.23442557,12.99990000,19718 19721 19722 19723 19724 19725 19726 19727 19744 19745 19747 19748
3142,14.32533466,12.99990000,18361 18362 18363 18366 19717 19719 19728 19729 19730 19731 19732 19736
3143,18.41624375,12.99990000,18357 18358 18359 18364 18365 18367 18378 18400 18401 18402 18403 18408
3144,22.50715284,12.99990000,18374 18375 18377 18379 18380 18381 18382 18383 18392 18404
3145,26.59806193,12.99990000,18297 18298 18299 18300 18302 18303 18373 18384 18385 18386 18387 18388
3146,30.68897102,12.99990000,522 523 544 545 546 547 548 552 18293 18294 18295 18301
3147,34.77988012,12.99990000,517 518 519 521 524 525 526 527 528 530 531 536
3148,38.87078921,12.99990000,182 183 185 186 187 188 189 190 191 232 529 532
3149,42.96169830,12.99990000,181 201 202 203 204 206 207 224 225 226 227 228
3150,47.05260739,12.99990000,122 197 198 199 205 208 209 210 211 216
3151,51.14351648,12.99990000,117 118 119 121 123 124 125 126 127 212 290 296
3152,55.23442557,12.99990000,262 265 266 267 268 269 270 271 288 289 291 292
3153,59.32533466,12.99990000,261 263 272 273 274 275 276 280 23481 23482 23483 23486
3154,63.41624375,12.99990000,23477 23478 23479 23484 23485 23487 23498 23520 23521 23522 23523 23528
3155,67.50715284,12.99990000,23494 23495 23497 23499 23500 23501 23502 23503 23512 23524
3156,71.59806193,12.99990000,23417 23418 23419 23420 23422 23423 23493 23504 23505 23506 23507 23508
3157,75.68897102,12.99990000,23413 23414 23415 23421 24074 24075 24096 24097 24098 24099 24100 24104
3158,79.77988012,12.99990000,24069 24070 24071 24073 24076 24077 24078 24079 24080 24082 24083 24088
3159,83.87078921,12.99990000,23734 23735 23737 23738 23739 23740 23741 23742 23743 23784 24081 24084
3160,87.96169830,12.99990000,23733 23753 23754 23755 23756 23758 23759 23776 23777 23778 23779 23780
3161,92.05260739,12.99990000,23674 23749 23750 23751 23757 23760 23761 23762 23763 23768
3162,96.14351648,12.99990000,23669 23670 23671 23673 23675 23676 23677 23678 23679 23764 23842 23848
3163,100.23442557,12.99990000,23814 23817 23818 23819 23820 23821 23822 23823 23840 23841 23843 23844
3164,104.32533466,12.99990000,22457 22458 22459 22462 23813 23815 23824 23825 23826 23827 23828 23832
3165,108.41624375,12.99990000,22453 22454 22455 22460 22461 22463 22474 22496 22497 22498 22499 22504
3166,112.50715284,12.99990000,22470 22471 22473 22475 22476 22477 22478 22479 22488 22500
3167,116.59806193,12.99990000,22393 22394 22395 22396 22398 22399 22469 22480 22481 22482 22483 22484
3168,120.68897102,12.99990000,4618 4619 4640 4641 4642 4643 4644 4648 22389 22390 22391 22397
3169,124.77988012,12.99990000,4613 4614 4615 4617 4620 4621 4622 4623 4624 4626 4627 4632
3170,128.87078921,12.99990000,4278 4279 4281 4282 4283 4284 4285 4286 4287 4328 4625 4628
3171,132.96169830,12.99990000,4277 4297 4298 4299 4300 4302 4303 4320 4321 4322 4323 4324
3172,137.05260739,12.99990000,4218 4293 4294 4295 4301 4304 4305 4306 4307 4312
3173,141.14351648,12.99990000,4213 4214 4215 4217 4219 4220 4221 4222 4223 4308 4386 4392
3174,145.23442557,12.99990000,4358 4361 4362 4363 4364 4365 4366 4367 4384 4385 4387 4388
3175,149.32533466,12.99990000,4357 4359 4368 4369 4370 4371 4372 4376 27577 27578 27579 27582
3176,153.41624375,12.99990000,27573 27574 27575 27580 27581 27583 27594 27616 27617 27618 27619 27624
3177,157.50715284,12.99990000,27590 27591 27593 27595 27596 27597 27598 27599 27608 27620
3178,161.59806193,12.99990000,27513 27514 27515 27516 27518 27519 27589 27600 27601 27602 27603 27604
3179,165.68897102,12.99990000,27509 27510 27511 27517 28170 28171 28192 28193 28194 28195 28196 28200
3180,169.77988012,12.99990000,28165 28166 28167 28169 28172 28173 28174 28175 28176 28178 28179 28184
3181,173.87078921,12.99990000,27830 27831 27833 27834 27835 27836 27837 27838 27839 27880 28177 28180
3182,177.96169830,12.99990000,27829 27849 27850 27851 27852 27854 27855 27872 27873 27874 27875 27876
3183,182.05260739,12.99990000,27770 27845 27846 27847 27853 27856 27857 27858 27859 27864
3184,186.14351648,12.99990000,27765 27766 27767 27769 27771 27772 27773 27774 27775 27860 27938 27944
3185,190.23442557,12.99990000,27910 27913 27914 27915 27916 27917 27918 27919 27936 27937 27939 27940
3186,194.32533466,12.99990000,26553 26554 26555 26558 27909 27911 27920 27921 27922 27923 27924 27928
3187,198.41624375,12.99990000,26549 26550 26551 26556 26557 26559 26570 26592 26593 26594 26595 26600
3188,202.50715284,12.99990000,26566 26567 26569 26571 26572 26573 26574 26575 26584 26596
3189,206.59806193,12.99990000,26489 26490 26491 26492 26494 26495 26565 26576 26577 26578 26579 26580
3190,210.68897102,12.99990000,8714 8715 8736 8737 8738 8739 8740 8744 26485 26486 26487 26493
3191,214.77988012,12.99990000,8709 8710 8711 8713 8716 8717 8718 8719 8720 8722 8723 8728
3192,218.87078921,12.99990000,8374 8375 8377 8378 8379 8380 8381 8382 8383 8424 8721 8724
3193,222.96169830,12.99990000,8373 8393 8394 8395 8396 8398 8399 8416 8417 8418 8419 8420
3194,227.05260739,12.99990000,8314 8389 8390 8391 8397 8400 8401 8402 8403 8408
3195,231.14351648,12.99990000,8309 8310 8311 8313 8315 8316 8317 8318 8319 8404 8482 8488
3196,235.23442557,12.99990000,8454 8457 8458 8459 8460 8461 8462 8463 8480 8481 8483 8484
3197,239.32533466,12.99990000,8453 8455 8464 8465 8466 8467 8468 8472 31673 31674 31675 31678
3198,243.41624375,12.99990000,31669 31670 31671 31676 31677 31679 31690 31712 31713 31714 31715 31720
3199,247.50715284,12.99990000,31686 31687 31689 31691 31692 31693 31694 31695 31704 31716
3200,251.59806193,12.99990000,31609 31610 31611 31612 31614 31615 31685 31696 31697 31698 31699 31700
3201,255.68897102,12.99990000,31605 31606 31607 31613 32266 32267 32288 32289 32290 32291 32292 32296
3202,259.77988012,12.99990000,32261 32262 32263 32265 32268 32269 32270 32271 32272 32274 32275 32280
3203,263.87078921,12.99990000,31926 31927 31929 31930 31931 31932 31933 31934 31935 31976 32273 32276
3204,267.96169830,12.99990000,31925 31945 31946 31947 31948 31950 31951 31968 31969 31970 31971 31972
3205,272.05260739,12.99990000,31866 31941 31942 31943 31949 31952 31953 31954 31955 31960
3206,276.14351648,12.99990000,31861 31862 31863 31865 31867 31868 31869 31870 31871 31956 32034 32040
3207,280.23442557,12.99990000,32006 32009 32010 32011 32012 32013 32014 32015 32032 32033 32035 32036
3208,284.32533466,12.99990000,30649 30650 30651 30654 32005 32007 32016 32017 32018 32019 32020 32024
3209,288.41624375,12.99990000,30645 30646 30647 30652 30653 30655 30666 30688 30689 30690 30691 30696
3210,292.50715284,12.99990000,30662 30663 30665 30667 30668 30669 30670 30671 30680 30692
3211,296.59806193,12.99990000,30585 30586 30587 30588 30590 30591 30661 30672 30673 30674 30675 30676
3212,300.68897102,12.99990000,12810 12811 12832 12833 12834 12835 12836 12840 30581 30582 30583 30589
3213,304.77988012,12.99990000,12805 12806 12807 12809 12812 12813 12814 12815 12816 12818 12819 12824
3214,308.87078921,12.99990000,12470 12471 12473 12474 12475 12476 12477 12478 12479 12520 12817 12820
3215,312.96169830,12.99990000,12469 12489 12490 12491 12492 12494 12495 12512 12513 12514 12515 12516
3216,317.05260739,12.99990000,12410 12485 12486 12487 12493 12496 12497 12498 12499 12504
3217,321.14351648,12.99990000,12405 12406 12407 12409 12411 12412 12413 12414 12415 12500 12578 12584
3218,325.23442557,12.99990000,12550 12553 12554 12555 12556 12557 12558 12559 12576 12577 12579 12580
3219,329.32533466,12.99990000,12549 12551 12560 12561 12562 12563 12564 12568 19385 19386 19387 19390
3220,333.41624375,12.99990000,19381 19382 19383 19388 19389 19391 19402 19424 19425 19426 19427 19432
3221,337.50715284,12.99990000,19398 19399 19401 19403 19404 19405 19406 19407 19416 19428
3222,341.59806193,12.99990000,19321 19322 19323 19324 19326 19327 19397 19408 19409 19410 19411 19412
3223,345.68897102,12.99990000,19317 19318 19319 19325 19978 19979 20000 20001 20002 20003 20004 20008
3224,349.77988012,12.99990000,19973 19974 19975 19977 19980 19981 19982 19983 19984 19986 19987 19992
3225,353.87078921,12.99990000,19638 19639 19641 19642 19643 19644 19645 19646 19647 19688 19985 19988
3226,357.96169830,12.99990000,19637 19657 19658 19659 19660 19662 19663 19680 19681 19682 19683 19684
3227,0.00000000,14.99990000,19674 19675 19685 19687 19696 19697 19698
3228,4.13793103,14.99990000,19669 19670 19671 19673 19676 19677 19678 19840 19842
3229,8.27586207,14.99990000,19750 19751 19753 19754 19755 19756 19757 19758 19841
3230,12.41379310,14.99990000,19737 19738 19739 19740 19742 19749 19760 19761 19762
3231,16.55172414,14.99990000,18410 18411 19733 19734 19735 19741 19776 19777 19778
3232,20.68965517,14.99990000,18405 18406 18407 18409 18412 18413 18414 18416 18418
3233,24.82758621,14.99990000,18390 18391 18393 18394 18395 18396 18397 18398 18417
3234,28.96551724,14.99990000,553 554 555 556 558 640 641 642 18389
3235,33.10344828,14.99990000,538 539 549 550 551 557 560 561 562
3236,37.24137931,14.99990000,533 534 535 537 540 541 542 578
3237,41.37931034,14.99990000,230 233 234 235 236 237 238 576 577
3238,45.51724138,14.99990000,217 218 219 222 229 231 240 241 242
3239,49.65517241,14.99990000,213 214 215 220 221 298 384 385 386
3240,53.79310345,14.99990000,293 294 295 297 299 300 301 302 306
3241,57.93103448,14.99990000,278 281 282 283 284 285 286 304 305
3242,62.06896552,14.99990000,277 279 320 321 322 23529 23530 23531 23534
3243,66.20689655,14.99990000,23514 23525 23526 23527 23532 23533 23536 23537 23538
3244,70.34482759,14.99990000,23510 23511 23513 23515 23516 23517 23518
3245,74.48275862,14.99990000,23509 24105 24106 24107 24108 24110 24192 24193 24194
3246,78.62068966,14.99990000,24090 24091 24101 24102 24103 24109 24112 24113 24114
3247,82.75862069,14.99990000,24085 24086 24087 24089 24092 24093 24094 24128 24130
3248,86.89655172,14.99990000,23782 23783 23785 23786 23787 23788 23789 23790 24129
3249,91.03448276,14.99990000,23769 23770 23771 23772 23774 23781 23792 23793 23794
3250,95.17241379,14.99990000,23765 23766 23767 23773 23850 23851 23936 23937 23938
3251,99.31034483,14.99990000,23845 23846 23847 23849 23852 23853 23854 23856 23858
3252,103.44827586,14.99990000,23830 23831 23833 23834 23835 23836 23837 23838 23857
3253,107.58620690,14.99990000,22505 22506 22507 22510 23829 23872 23873 23874
3254,111.72413793,14.99990000,22490 22501 22502 22503 22508 22509 22512 22513 22514
3255,115.86206897,14.99990000,4738 22485 22486 22487 22489 22491 22492 22493 22494
3256,120.00000000,14.99990000,4646 4649 4650 4651 4652 4653 4654 4736 4737
3257,124.13793103,14.99990000,4633 4634 4635 4638 4645 4647 4656 4657 4658
3258,128.27586207,14.99990000,4330 4629 4630 4631 4636 4637 4672 4673 4674
3259,132.41379310,14.99990000,4325 4326 4327 4329 4331 4332 4333 4334 4338
3260,136.55172414,14.99990000,4310 4313 4314 4315 4316 4317 4318 4336 4337
3261,140.68965517,14.99990000,4309 4311 4393 4394 4395 4398 4480 4481 4482
3262,144.82758621,14.99990000,4389 4390 4391 4396 4397 4400 4402
3263,148.96551724,14.99990000,4374 4375 4377 4378 4379 4380 4381 4382 4401
3264,153.10344828,14.99990000,4373 4416 4417 4418 27625 27626 27627 27628 27630
3265,157.24137931,14.99990000,27610 27611 27621 27622 27623 27629 27632 27633 27634
3266,161.37931034,14.99990000,27605 27606 27607 27609 27612 27613 27614 28288 28290
3267,165.51724138,14.99990000,28198 28199 28201 28202 28203 28204 28205 28206 28289
3268,169.65517241,14.99990000,28185 28186 28187 28188 28190 28197 28208 28209 28210
3269,173.79310345,14.99990000,27882 27883 28181 28182 28183 28189 28224 28225 28226
3270,177.93103448,14.99990000,27877 27878 27879 27881 27884 27885 27886 27888 27890
3271,182.06896552,14.99990000,27862 27865 27866 27867 27868 27869 27870 27889
3272,186.20689655,14.99990000,27861 27863 27945 27946 27947 27950 28032 28033 28034
3273,190.34482759,14.99990000,27930 27941 27942 27943 27948 27949 27952 27953 27954
3274,194.48275862,14.99990000,27925 27926 27927 27929 27931 27932 27933 27934 27970
3275,198.62068966,14.99990000,26598 26601 26602 26603 26604 26605 26606 27968 27969
3276,202.75862069,14.99990000,26585 26586 26587 26590 26597 26599 26608 26609 26610
3277,206.89655172,14.99990000,8746 8832 8833 8834 26581 26582 26583 26588 26589
3278,211.03448276,14.99990000,8741 8742 8743 8745 8747 8748 8749 8750 8754
3279,215.17241379,14.99990000,8729 8730 8731 8732 8734 8752 8753
3280,219.31034483,14.99990000,8426 8427 8725 8726 8727 8733 8768 8769 8770
3281,223.44827586,14.99990000,8421 8422 8423 8425 8428 8429 8430 8432 8434
3282,227.58620690,14.99990000,8406 8407 8409 8410 8411 8412 8413 8414 8433
3283,231.72413793,14.99990000,8405 8489 8490 8491 8492 8494 8576 8577 8578
3284,235.86206897,14.99990000,8474 8475 8485 8486 8487 8493 8496 8497 8498
3285,240.00000000,14.99990000,8469 8470 8471 8473 8476 8477 8478 8512 8514
3286,244.13793103,14.99990000,8513 31718 31719 31721 31722 31723 31724 31725 31726
3287,248.27586207,14.99990000,31705 31706 31707 31708 31710 31717 31728 31729 31730
3288,252.41379310,14.99990000,31701 31702 31703 31709 32298 32384 32385 32386
3289,256.55172414,14.99990000,32293 32294 32295 32297 32299 32300 32301 32302 32306
3290,260.68965517,14.99990000,32278 32281 32282 32283 32284 32285 32286 32304 32305
3291,264.82758621,14.99990000,31977 31978 31979 31982 32277 32279 32320 32321 32322
3292,268.96551724,14.99990000,31962 31973 31974 31975 31980 31981 31984 31985 31986
3293,273.10344828,14.99990000,31957 31958 31959 31961 31963 31964 31965 31966 32130
3294,277.24137931,14.99990000,32038 32041 32042 32043 32044 32045 32046 32128 32129
3295,281.37931034,14.99990000,32025 32026 32027 32030 32037 32039 32048 32049 32050
3296,285.51724138,14.99990000,30698 32021 32022 32023 32028 32029 32064 32065 32066
3297,289.65517241,14.99990000,30694 30695 30697 30699 30700 30701 30702
3298,293.79310345,14.99990000,30681 30682 30683 30684 30686 30693 30704 30705 30706
3299,297.93103448,14.99990000,12842 12843 12928 12929 12930 30677 30678 30679 30685
3300,302.06896552,14.99990000,12837 12838 12839 12841 12844 12845 12846 12848 12850
3301,306.20689655,14.99990000,12822 12823 12825 12826 12827 12828 12829 12830 12849
3302,310.34482759,14.99990000,12521 12522 12523 12524 12526 12821 12864 12865 12866
3303,314.48275862,14.99990000,12506 12507 12517 12518 12519 12525 12528 12529 12530
3304,318.62068966,14.99990000,12501 12502 12503 12505 12508 12509 12510 12672 12674
3305,322.75862069,14.99990000,12582 12585 12586 12587 12588 12589 12590 12673
3306,326.89655172,14.99990000,12569 12570 12571 12574 12581 12583 12592 12593 12594
3307,331.03448276,14.99990000,12565 12566 12567 12572 12573 12608 12609 12610 19434
3308,335.17241379,14.99990000,19429 19430 19431 19433 19435 19436 19437 19438 19442
3309,339.31034483,14.99990000,19414 19417 19418 19419 19420 19421 19422 19440 19441
3310,343.44827586,14.99990000,19413 19415 20009 20010 20011 20014 20096 20097 20098
3311,347.58620690,14.99990000,19994 20005 20006 20007 20012 20013 20016 20017 20018
3312,351.72413793,14.99990000,19989 19990 19991 19993 19995 19996 19997 19998 20034
3313,355.86206897,14.99990000,19686 19689 19690 19691 19692 19693 19694 20032 20033
3314,2.09138240,16.99990000,19679 19700 19701 19702 19703 19850 19872
3315,6.22931343,16.99990000,19843 19844 19845 19846 19847 19848 19849 19851 19852
3316,10.36724447,16.99990000,19759 19763 19766 19768 19769 19770 19771 19772 19856
3317,14.50517550,16.99990000,19743 19764 19765 19767 19784 19785 19786 19787 19808
3318,18.64310653,16.99990000,18415 18426 19779 19780 19781 19782 19783 19788 19792
3319,22.78103757,16.99990000,18419 18420 18421 18422 18423 18424 18425 18427 18428
3320,26.91896860,16.99990000,643 646 648 649 650 651 652 672 18399
3321,31.05689964,16.99990000,559 568 569 570 571 644 645 647 656
3322,35.19483067,16.99990000,543 563 564 565 566 567 572 608
3323,39.33276171,16.99990000,579 580 582 583 584 585 586 587 588
3324,43.47069274,16.99990000,239 243 248 249 250 251 252 581 592
3325,47.60862378,16.99990000,223 244 245 246 247 392 394 395 416
3326,51.74655481,16.99990000,303 387 388 389 390 391 393 396 400
3327,55.88448585,16.99990000,307 308 310 311 312 313 314 315 316
3328,60.02241688,16.99990000,287 309 323 328 329 330 331 332 352
3329,64.16034791,16.99990000,324 325 326 327 336 23535 23544 23546 23547
3330,68.29827895,16.99990000,23519 23539 23540 23541 23542 23543 23545 23548 24224
3331,72.43620998,16.99990000,24195 24198 24200 24201 24202 24203 24204
3332,76.57414102,16.99990000,24111 24120 24121 24122 24123 24196 24197 24199 24208
3333,80.71207205,16.99990000,24095 24115 24116 24117 24118 24119 24124 24138 24160
3334,84.85000309,16.99990000,24131 24132 24133 24134 24135 24136 24137 24139 24140
3335,88.98793412,16.99990000,23791 23795 23798 23800 23801 23802 23803 23804 24144
3336,93.12586516,16.99990000,23775 23796 23797 23799 23944 23945 23946 23947 23968
3337,97.26379619,16.99990000,23855 23866 23939 23940 23941 23942 23943 23948 23952
3338,101.40172722,16.99990000,23859 23860 23861 23862 23863 23864 23865 23867 23868
3339,105.53965826,16.99990000,23839 23875 23878 23880 23881 23882 23883 23884 23904
3340,109.67758929,16.99990000,22511 22520 22522 22523 23876 23877 23879 23888
3341,113.81552033,16.99990000,4768 22495 22515 22516 22517 22518 22519 22521 22524
3342,117.95345136,16.99990000,4739 4740 4742 4743 4744 4745 4746 4747 4748
3343,122.09138240,16.99990000,4655 4659 4664 4665 4666 4667 4668 4741 4752
3344,126.22931343,16.99990000,4639 4660 4661 4662 4663 4680 4682 4683 4704
3345,130.36724447,16.99990000,4335 4675 4676 4677 4678 4679 4681 4684 4688
3346,134.50517550,16.99990000,4339 4340 4342 4343 4344 4345 4346 4347 4348
3347,138.64310653,16.99990000,4319 4341 4483 4488 4489 4490 4491 4492 4512
3348,142.78103757,16.99990000,4399 4408 4410 4411 4484 4485 4486 4487 4496
3349,146.91896860,16.99990000,4403 4404 4405 4406 4407 4409 4412
3350,151.05689964,16.99990000,4383 4419 4422 4424 4425 4426 4427 4428 4448
3351,155.19483067,16.99990000,4420 4421 4423 4432 27631 27640 27641 27642 27643
3352,159.33276171,16.99990000,27615 27635 27636 27637 27638 27639 27644 28298 28320
3353,163.47069274,16.99990000,28291 28292 28293 28294 28295 28296 28297 28299 28300
3354,167.60862378,16.99990000,28207 28211 28214 28216 28217 28218 28219 28220 28304
3355,171.74655481,16.99990000,28191 28212 28213 28215 28232 28233 28234 28235 28256
3356,175.88448585,16.99990000,27887 27898 28227 28228 28229 28230 28231 28236 28240
3357,180.02241688,16.99990000,27891 27892 27894 27895 27896 27897 27899 27900
3358,184.16034791,16.99990000,27871 27893 28035 28040 28041 28042 28043 28044 28064
3359,188.29827895,16.99990000,27951 27960 27962 27963 28036 28037 28038 28039 28048
3360,192.43620998,16.99990000,27935 27955 27956 27957 27958 27959 27961 27964 28000
3361,196.57414102,16.99990000,27971 27972 27974 27975 27976 27977 27978 27979 27980
3362,200.71207205,16.99990000,26607 26611 26616 26617 26618 26619 26620 27973 27984
3363,204.85000309,16.99990000,8840 8842 8843 8864 26591 26612 26613 26614 26615
3364,208.98793412,16.99990000,8751 8835 8836 8837 8838 8839 8841 8844 8848
3365,213.12586516,16.99990000,8755 8756 8758 8759 8760 8761 8762 8763 8764
3366,217.26379619,16.99990000,8735 8757 8776 8777 8778 8779 8800
3367,221.40172722,16.99990000,8431 8442 8771 8772 8773 8774 8775 8780 8784
3368,225.53965826,16.99990000,8435 8436 8437 8438 8439 8440 8441 8443 8444
3369,229.67758929,16.99990000,8415 8579 8582 8584 8585 8586 8587 8588 8608
3370,233.81552033,16.99990000,8495 8504 8505 8506 8507 8580 8581 8583 8592
3371,237.95345136,16.99990000,8479 8499 8500 8501 8502 8503 8508 8522 8544
3372,242.09138240,16.99990000,8515 8516 8517 8518 8519 8520 8521 8523 8524
3373,246.22931343,16.99990000,8528 31727 31731 31734 31736 31737 31738 31739 31740
3374,250.36724447,16.99990000,31711 31732 31733 31735 32392 32393 32394 32395 32416
3375,254.50517550,16.99990000,32303 32387 32388 32389 32390 32391 32396 32400
3376,258.64310653,16.99990000,32307 32308 32310 32311 32312 32313 32314 32315 32316
3377,262.78103757,16.99990000,32287 32309 32323 32328 32329 32330 32331 32332 32352
3378,266.91896860,16.99990000,31983 31992 31994 31995 32324 32325 32326 32327 32336
3379,271.05689964,16.99990000,31967 31987 31988 31989 31990 31991 31993 31996 32160
3380,275.19483067,16.99990000,32131 32132 32134 32135 32136 32137 32138 32139 32140
3381,279.33276171,16.99990000,32047 32051 32056 32057 32058 32059 32060 32133 32144
3382,283.47069274,16.99990000,32031 32052 32053 32054 32055 32072 32074 32075 32096
3383,287.60862378,16.99990000,32067 32068 32069 32070 32071 32073 32076
3384,291.74655481,16.99990000,30703 30707 30710 30712 30713 30714 30715 30716 32080
3385,295.88448585,16.99990000,12936 12937 12938 12939 12960 30687 30708 30709 30711
3386,300.02241688,16.99990000,12847 12858 12931 12932 12933 12934 12935 12940 12944
3387,304.16034791,16.99990000,12851 12852 12853 12854 12855 12856 12857 12859 12860
3388,308.29827895,16.99990000,12831 12867 12870 12872 12873 12874 12875 12876 12896
3389,312.43620998,16.99990000,12527 12536 12537 12538 12539 12868 12869 12871 12880
3390,316.57414102,16.99990000,12511 12531 12532 12533 12534 12535 12540 12682 12704
3391,320.71207205,16.99990000,12675 12676 12677 12678 12679 12680 12681 12683 12684
3392,324.85000309,16.99990000,12591 12595 12600 12601 12602 12603 12604 12688
3393,328.98793412,16.99990000,12575 12596 12597 12598 12599 12616 12618 12619 12640
3394,333.12586516,16.99990000,12611 12612 12613 12614 12615 12617 12620 12624 19439
3395,337.26379619,16.99990000,19443 19444 19446 19447 19448 19449 19450 19451 19452
3396,341.40172722,16.99990000,19423 19445 20099 20104 20105 20106 20107 20108 20128
3397,345.53965826,16.99990000,20015 20024 20026 20027 20100 20101 20102 20103 20112
3398,349.67758929,16.99990000,19999 20019 20020 20021 20022 20023 20025 20028 20064
3399,353.81552033,16.99990000,20035 20036 20038 20039 20040 20041 20042 20043 20044
3400,357.95345136,16.99990000,19695 19699 19704 19705 19706 19707 19708 20037 20048
3401,0.00000000,18.99990000,19709 19710 19711 19880 19882 20052 20053
3402,4.18604651,18.99990000,19854 19855 19873 19874 19875 19876 19877 19878 19881
3403,8.37209302,18.99990000,19853 19857 19858 19859 19860 19862 19864 19865 19866
3404,12.55813953,18.99990000,19773 19774 19775 19810 19811 19816 19817 19818 19861
3405,16.74418605,18.99990000,19789 19790 19791 19800 19802 19809 19812 19813 19814
3406,20.93023256,18.99990000,18430 18431 19793 19794 19795 19796 19797 19798 19801
3407,25.11627907,18.99990000,673 674 675 676 678 680 681 682 18429
3408,29.30232558,18.99990000,653 654 655 658 659 664 665 666 677
3409,33.48837209,18.99990000,573 574 575 616 618 657 660 661 662
3410,37.67441860,18.99990000,590 591 609 610 611 612 613 614 617
3411,41.86046512,18.99990000,589 593 594 595 596 598 600 601 602
3412,46.04651163,18.99990000,253 254 255 418 419 424 425 426 597
3413,50.23255814,18.99990000,397 398 399 408 410 417 420 421 422
3414,54.41860465,18.99990000,318 319 401 402 403 404 405 406 409
3415,58.60465116,18.99990000,317 353 354 355 356 358 360 361 362
3416,62.79069767,18.99990000,333 334 335 338 339 344 345 346 357
3417,66.97674419,18.99990000,337 340 341 342 23549 23550 23551 24232 24234
3418,71.16279070,18.99990000,24206 24207 24225 24226 24227 24228 24229 24230 24233
3419,75.34883721,18.99990000,24205 24209 24210 24211 24212 24214 24216 24217 24218
3420,79.53488372,18.99990000,24125 24126 24127 24162 24163 24168 24169 24170 24213
3421,83.72093023,18.99990000,24141 24142 24143 24152 24154 24161 24164 24165 24166
3422,87.90697674,18.99990000,23806 23807 24145 24146 24147 24148 24149 24150 24153
3423,92.09302326,18.99990000,23805 23969 23970 23971 23974 23976 23977 23978
3424,96.27906977,18.99990000,23949 23950 23951 23954 23960 23961 23962 23972 23973
3425,100.46511628,18.99990000,23869 23870 23871 23914 23953 23955 23956 23957 23958
3426,104.65116279,18.99990000,23886 23905 23906 23907 23908 23909 23910 23912 23913
3427,108.83720930,18.99990000,23885 23887 23889 23890 23891 23894 23896 23897 23898
3428,113.02325581,18.99990000,4770 4776 4777 4778 22525 22526 22527 23892 23893
3429,117.20930233,18.99990000,4749 4750 4751 4762 4769 4771 4772 4773 4774
3430,121.39534884,18.99990000,4670 4753 4754 4755 4756 4757 4758 4760 4761
3431,125.58139535,18.99990000,4669 4671 4705 4706 4707 4710 4712 4713 4714
3432,129.76744186,18.99990000,4685 4686 4687 4690 4696 4697 4698 4708 4709
3433,133.95348837,18.99990000,4349 4350 4351 4522 4689 4691 4692 4693 4694
3434,138.13953488,18.99990000,4494 4513 4514 4515 4516 4517 4518 4520 4521
3435,142.32558140,18.99990000,4493 4495 4497 4498 4499 4502 4504 4505 4506
3436,146.51162791,18.99990000,4413 4414 4415 4450 4456 4457 4458 4500 4501
3437,150.69767442,18.99990000,4429 4430 4431 4442 4449 4451 4452 4453 4454
3438,154.88372093,18.99990000,4433 4434 4435 4436 4437 4438 4440 4441 27646
3439,159.06976744,18.99990000,27645 27647 28321 28322 28323 28326 28328 28329 28330
3440,163.25581395,18.99990000,28301 28302 28303 28306 28312 28313 28314 28324 28325
3441,167.44186047,18.99990000,28221 28222 28223 28266 28305 28307 28308 28309 28310
3442,171.62790698,18.99990000,28238 28257 28258 28259 28260 28261 28262 28264 28265
3443,175.81395349,18.99990000,28237 28239 28241 28242 28243 28246 28248 28249 28250
3444,180.00000000,18.99990000,27901 27902 27903 28072 28074 28244 28245
3445,184.18604651,18.99990000,28046 28047 28065 28066 28067 28068 28069 28070 28073
3446,188.37209302,18.99990000,28045 28049 28050 28051 28052 28054 28056 28057 28058
3447,192.55813953,18.99990000,27965 27966 27967 28002 28003 28008 28009 28010 28053
3448,196.74418605,18.99990000,27981 27982 27983 27992 27994 28001 28004 28005 28006
3449,200.93023256,18.99990000,26622 26623 27985 27986 27987 27988 27989 27990 27993
3450,205.11627907,18.99990000,8865 8866 8867 8868 8870 8872 8873 8874 26621
3451,209.30232558,18.99990000,8845 8846 8847 8850 8851 8856 8857 8858 8869
3452,213.48837209,18.99990000,8765 8766 8767 8808 8810 8849 8852 8853 8854
3453,217.67441860,18.99990000,8782 8783 8801 8802 8803 8804 8805 8806 8809
3454,221.86046512,18.99990000,8781 8785 8786 8787 8788 8790 8792 8793 8794
3455,226.04651163,18.99990000,8445 8446 8447 8610 8611 8616 8617 8618 8789
3456,230.23255814,18.99990000,8589 8590 8591 8600 8602 8609 8612 8613 8614
3457,234.41860465,18.99990000,8510 8511 8593 8594 8595 8596 8597 8598 8601
3458,238.60465116,18.99990000,8509 8545 8546 8547 8548 8550 8552 8553 8554
3459,242.79069767,18.99990000,8525 8526 8527 8530 8531 8536 8537 8538 8549
3460,246.97674419,18.99990000,8529 8532 8533 8534 31741 31742 31743 32424 32426
3461,251.16279070,18.99990000,32398 32399 32417 32418 32419 32420 32421 32422 32425
3462,255.34883721,18.99990000,32397 32401 32402 32403 32404 32406 32408 32409 32410
3463,259.53488372,18.99990000,32317 32318 32319 32354 32355 32360 32361 32362 32405
3464,263.72093023,18.99990000,32333 32334 32335 32344 32346 32353 32356 32357 32358
3465,267.90697674,18.99990000,31998 31999 32337 32338 32339 32340 32341 32342 32345
3466,272.09302326,18.99990000,31997 32161 32162 32163 32166 32168 32169 32170
3467,276.27906977,18.99990000,32141 32142 32143 32146 32152 32153 32154 32164 32165
3468,280.46511628,18.99990000,32061 32062 32063 32106 32145 32147 32148 32149 32150
3469,284.65116279,18.99990000,32078 32097 32098 32099 32100 32101 32102 32104 32105
3470,288.83720930,18.99990000,32077 32079 32081 32082 32083 32086 32088 32089 32090
3471,293.02325581,18.99990000,12962 12968 12969 12970 30717 30718 30719 32084 32085
3472,297.20930233,18.99990000,12941 12942 12943 12954 12961 12963 12964 12965 12966
3473,301.39534884,18.99990000,12862 12945 12946 12947 12948 12949 12950 12952 12953
3474,305.58139535,18.99990000,12861 12863 12897 12898 12899 12902 12904 12905 12906
3475,309.76744186,18.99990000,12877 12878 12879 12882 12888 12889 12890 12900 12901
3476,313.95348837,18.99990000,12541 12542 12543 12714 12881 12883 12884 12885 12886
3477,318.13953488,18.99990000,12686 12705 12706 12707 12708 12709 12710 12712 12713
3478,322.32558140,18.99990000,12685 12687 12689 12690 12691 12694 12696 12697 12698
3479,326.51162791,18.99990000,12605 12606 12607 12642 12648 12649 12650 12692 12693
3480,330.69767442,18.99990000,12621 12622 12623 12634 12641 12643 12644 12645 12646
3481,334.88372093,18.99990000,12625 12626 12627 12628 12629 12630 12632 12633 19454
3482,339.06976744,18.99990000,19453 19455 20129 20130 20131 20134 20136 20137 20138
3483,343.25581395,18.99990000,20109 20110 20111 20114 20120 20121 20122 20132 20133
3484,347.44186047,18.99990000,20029 20030 20031 20074 20113 20115 20116 20117 20118
3485,351.62790698,18.99990000,20046 20065 20066 20067 20068 20069 20070 20072 20073
3486,355.81395349,18.99990000,20045 20047 20049 20050 20051 20054 20056 20057 20058
3487,2.14228855,20.99990000,19879 19883 19884 19885 19886 19887 19896 20225 20228
3488,6.37758267,20.99990000,19867 19868 19870 19871 19888 19889 19890 19891 19892
3489,10.61287679,20.99990000,19819 19863 19869 19904 19905 19906 19907 19908 19912
3490,14.84817090,20.99990000,19815 19820 19821 19822 19823 19824 19826 19827 19832
3491,19.08346502,20.99990000,2056 19799 19803 19804 19805 19806 19807 19825 19828
3492,23.31875914,20.99990000,683 684 686 687 2048 2049 2050 2051 2052
3493,27.55405326,20.99990000,667 679 685 688 689 690 691 692 696
3494,31.78934738,20.99990000,663 668 669 670 671 704 706 707 712
3495,36.02464149,20.99990000,615 619 620 621 622 623 632 705 708
3496,40.25993561,20.99990000,603 604 606 607 624 625 626 627 628
3497,44.49522973,20.99990000,427 599 605 768 769 770 771 772 776
3498,48.73052385,20.99990000,423 428 429 430 431 432 434 435 440
3499,52.96581796,20.99990000,407 411 412 413 414 415 433 436 456
3500,57.20111208,20.99990000,363 364 366 367 448 449 450 451 452
3501,61.43640620,20.99990000,347 359 365 368 369 370 371 372 376
3502,65.67170032,20.99990000,343 348 349 350 351 1024 1026 1027 1032
3503,69.90699443,20.99990000,1025 1028 24231 24235 24236 24237 24238 24239 24248
3504,74.14228855,20.99990000,24219 24220 24222 24223 24240 24241 24242 24243 24244
3505,78.37758267,20.99990000,24171 24215 24221 24256 24257 24258 24259 24260 24264
3506,82.61287679,20.99990000,24167 24172 24173 24174 24175 24176 24178 24179 24184
3507,86.84817090,20.99990000,24151 24155 24156 24157 24158 24159 24177 24180 24328
3508,91.08346502,20.99990000,23979 23980 23982 23983 24320 24321 24322 24323 24324
3509,95.31875914,20.99990000,23963 23975 23981 23984 23985 23986 23987 23988 23992
3510,99.55405326,20.99990000,23959 23964 23965 23966 23967 24000 24002 24003 24008
3511,103.78934738,20.99990000,23911 23915 23916 23917 23918 23919 23928 24001 24004
3512,108.02464149,20.99990000,23899 23900 23902 23903 23920 23921 23922 23923 23924
3513,112.25993561,20.99990000,4779 6144 6145 6146 6147 6148 6152 23895 23901
3514,116.49522973,20.99990000,4775 4780 4781 4782 4783 4784 4786 4787 4792
3515,120.73052385,20.99990000,4759 4763 4764 4765 4766 4767 4785 4788 4808
3516,124.96581796,20.99990000,4715 4716 4718 4719 4800 4801 4802 4803 4804
3517,129.20111208,20.99990000,4699 4711 4717 4720 4721 4722 4723 4724 4728
3518,133.43640620,20.99990000,4695 4700 4701 4702 4703 4864 4866 4867 4872
3519,137.67170032,20.99990000,4519 4523 4524 4525 4526 4527 4536 4865 4868
3520,141.90699443,20.99990000,4507 4508 4510 4511 4528 4529 4530 4531 4532
3521,146.14228855,20.99990000,4459 4503 4509 4544 4545 4546 4547 4548 4552
3522,150.37758267,20.99990000,4455 4460 4461 4462 4463 4464 4466 4467 4472
3523,154.61287679,20.99990000,4439 4443 4444 4445 4446 4447 4465 4468 4469 5128
3524,158.84817090,20.99990000,5120 5121 5122 5123 5124 28331 28332 28334 28335
3525,163.08346502,20.99990000,28315 28327 28333 28336 28337 28338 28339 28340 28344
3526,167.31875914,20.99990000,28311 28316 28317 28318 28319 28352 28354 28355 28360
3527,171.55405326,20.99990000,28263 28267 28268 28269 28270 28271 28280 28353 28356
3528,175.78934738,20.99990000,28251 28252 28253 28254 28255 28272 28273 28274 28275 28276
3529,180.02464149,20.99990000,28075 28078 28247 28416 28417 28418 28419 28420 28424 28428
3530,184.25993561,20.99990000,28071 28076 28077 28079 28080 28081 28082 28083 28088
3531,188.49522973,20.99990000,28055 28059 28060 28061 28062 28063 28084 28098 28104
3532,192.73052385,20.99990000,28011 28012 28013 28014 28015 28096 28097 28099 28100
3533,196.96581796,20.99990000,27995 27998 28007 28016 28017 28018 28019 28020 28024
3534,201.20111208,20.99990000,10240 10241 10242 10243 10248 27991 27996 27997 27999
3535,205.43640620,20.99990000,8871 8875 8876 8877 8878 8879 8882 8888 8890 10244
3536,209.67170032,20.99990000,8859 8860 8861 8862 8863 8880 8881 8883 8884
3537,213.90699443,20.99990000,8811 8814 8855 8896 8897 8898 8899 8900 8904
3538,218.14228855,20.99990000,8807 8812 8813 8815 8816 8817 8818 8819 8824
3539,222.37758267,20.99990000,8791 8795 8796 8797 8798 8799 8820 8962 8968
3540,226.61287679,20.99990000,8619 8620 8621 8622 8623 8960 8961 8963 8964
3541,230.84817090,20.99990000,8603 8606 8615 8624 8625 8626 8627 8628 8632
3542,235.08346502,20.99990000,8599 8604 8605 8607 8640 8641 8642 8643 8648
3543,239.31875914,20.99990000,8551 8555 8556 8557 8558 8559 8562 8568 8644
3544,243.55405326,20.99990000,8539 8540 8541 8542 8543 8560 8561 8563 8564
3545,247.78934738,20.99990000,8535 9216 9217 9218 9219 9220 9224 32427 32430
3546,252.02464149,20.99990000,32423 32428 32429 32431 32432 32433 32434 32435 32440
3547,256.25993561,20.99990000,32407 32411 32412 32413 32414 32415 32436 32450 32456
3548,260.49522973,20.99990000,32363 32364 32365 32366 32367 32448 32449 32451 32452
3549,264.73052385,20.99990000,32347 32350 32359 32368 32369 32370 32371 32372 32376
3550,268.96581796,20.99990000,32343 32348 32349 32351 32512 32513 32514 32515 32520
3551,273.20111208,20.99990000,32167 32171 32172 32173 32174 32175 32178 32184 32516
3552,277.43640620,20.99990000,32155 32156 32157 32158 32159 32176 32177 32179 32180
3553,281.67170032,20.99990000,32107 32110 32151 32192 32193 32194 32195 32196 32200
3554,285.90699443,20.99990000,32103 32108 32109 32111 32112 32113 32114 32115 32120
3555,290.14228855,20.99990000,14338 14344 32087 32091 32092 32093 32094 32095 32116
3556,294.37758267,20.99990000,12971 12972 12973 12974 12975 14336 14337 14339 14340
3557,298.61287679,20.99990000,12955 12958 12967 12976 12977 12978 12979 12980 12984
3558,302.84817090,20.99990000,12951 12956 12957 12959 12992 12993 12994 12995 13000
3559,307.08346502,20.99990000,12903 12907 12908 12909 12910 12911 12914 12920 12996
3560,311.31875914,20.99990000,12891 12892 12893 12894 12895 12912 12913 12915 12916
3561,315.55405326,20.99990000,12715 12718 12887 13056 13057 13058 13059 13060 13064
3562,319.78934738,20.99990000,12711 12716 12717 12719 12720 12721 12722 12723 12728
3563,324.02464149,20.99990000,12695 12699 12700 12701 12702 12703 12724 12738 12744
3564,328.25993561,20.99990000,12651 12652 12653 12654 12655 12736 12737 12739 12740
3565,332.49522973,20.99990000,12635 12638 12647 12656 12657 12658 12659 12660 12664
3566,336.73052385,20.99990000,12631 12636 12637 12639 13312 13313 13314 13315 13320
3567,340.96581796,20.99990000,13316 20135 20139 20140 20141 20142 20143 20146 20152
3568,345.20111208,20.99990000,20123 20124 20125 20126 20127 20144 20145 20147 20148
3569,349.43640620,20.99990000,20075 20078 20119 20160 20161 20162 20163 20164 20168
3570,353.67170032,20.99990000,20059 20071 20076 20077 20079 20080 20081 20082 20083 20084 20088
3571,357.90699443,20.99990000,20055 20060 20061 20062 20063 20224 20226 20227 20232
3572,0.00000000,22.99990000,20229 20230 20231 20233 20234 20235 20236 20237 20238 20239 20242 20248 20257 20260
3573,4.33734940,22.99990000,19894 19897 19898 19899 19900 19901 19902 19903 20240 20241 20243 20244
3574,8.67469880,22.99990000,19893 19895 19913 19914 19915 19918 19936 19937 19938 19939 19940 19944
3575,13.01204819,22.99990000,19834 19909 19910 19911 19916 19917 19919 19920 19921 19922 19923 19928
3576,17.34939759,22.99990000,2082 2088 19829 19830 19831 19833 19835 19836 19837 19838 19839 19924
3577,21.68674699,22.99990000,2054 2057 2058 2059 2060 2061 2062 2063 2080 2081 2083 2084
3578,26.02409639,22.99990000,697 698 699 700 702 703 2053 2055 2064 2065 2066 2067 2068 2072
3579,30.36144578,22.99990000,693 694 695 701 714 715 736 737 738 739 740 744
3580,34.69879518,22.99990000,709 710 711 713 716 717 718 719 720 722 723 728
3581,39.03614458,22.99990000,630 631 633 634 635 636 637 638 639 721 724 808
3582,43.37349398,22.99990000,629 777 778 779 780 782 783 800 801 802 803 804
3583,47.71084337,22.99990000,442 443 773 774 775 781 784 785 786 787 788 792
3584,52.04819277,22.99990000,437 438 439 441 444 445 446 447 458 480 481 482 483 488
3585,56.38554217,22.99990000,453 454 455 457 459 460 461 462 463 466 472 484
3586,60.72289157,22.99990000,374 377 378 379 380 381 382 383 464 465 467 468
3587,65.06024096,22.99990000,373 375 1033 1034 1035 1038 1056 1057 1058 1059 1060 1064
3588,69.39759036,22.99990000,1029 1030 1031 1036 1037 1039 1040 1041 1042 1043 1048 24250
3589,73.73493976,22.99990000,1044 24245 24246 24247 24249 24251 24252 24253 24254 24255 24290 24296
3590,78.07228916,22.99990000,24262 24263 24265 24266 24267 24268 24269 24270 24271 24280 24288 24289 24291 24292
3591,82.40963855,22.99990000,24185 24186 24187 24188 24190 24191 24261 24272 24273 24274 24275 24276
3592,86.74698795,22.99990000,24181 24182 24183 24189 24330 24331 24352 24353 24354 24355 24356 24360
3593,91.08433735,22.99990000,24325 24326 24327 24329 24332 24333 24334 24335 24336 24338 24339 24344
3594,95.42168675,22.99990000,23990 23991 23993 23994 23995 23996 23997 23998 23999 24040 24337 24340
3595,99.75903614,22.99990000,23989 24009 24010 24011 24012 24014 24015 24032 24033 24034 24035 24036
3596,104.09638554,22.99990000,23929 23930 23931 23934 24005 24006 24007 24013 24016 24017 24018 24019 24020 24024
3597,108.43373494,22.99990000,6154 6176 6177 6178 6179 6184 23925 23926 23927 23932 23933 23935
3598,112.77108434,22.99990000,6149 6150 6151 6153 6155 6156 6157 6158 6159 6162 6168 6180
3599,117.10843373,22.99990000,4790 4793 4794 4795 4796 4797 4798 4799 6160 6161 6163 6164
3600,121.44578313,22.99990000,4789 4791 4809 4810 4811 4814 4832 4833 4834 4835 4836 4840
3601,125.78313253,22.99990000,4730 4805 4806 4807 4812 4813 4815 4816 4817 4818 4819 4824
3602,130.12048193,22.99990000,4725 4726 4727 4729 4731 4732 4733 4734 4735 4820 4896 4898 4899 4904
3603,134.45783133,22.99990000,4870 4871 4873 4874 4875 4876 4877 4878 4879 4888 4897 4900
3604,138.79518072,22.99990000,4537 4538 4539 4540 4542 4543 4869 4880 4881 4882 4883 4884
3605,143.13253012,22.99990000,4533 4534 4535 4541 4554 4555 4576 4577 4578 4579 4580 4584
3606,147.46987952,22.99990000,4549 4550 4551 4553 4556 4557 4558 4559 4560 4562 4563 4568
3607,151.80722892,22.99990000,4470 4471 4473 4474 4475 4476 4477 4478 4479 4561 4564 5160
3608,156.14457831,22.99990000,5126 5129 5130 5131 5132 5133 5134 5135 5152 5153 5154 5155 5156
3609,160.48192771,22.99990000,5125 5127 5136 5137 5138 5139 5140 5144 28345 28346 28347 28350
3610,164.81927711,22.99990000,28341 28342 28343 28348 28349 28351 28362 28384 28385 28386 28387 28392
3611,169.15662651,22.99990000,28357 28358 28359 28361 28363 28364 28365 28366 28367 28370 28376 28388
3612,173.49397590,22.99990000,28278 28281 28282 28283 28284 28285 28286 28287 28368 28369 28371 28372
3613,177.83132530,22.99990000,28277 28279 28425 28426 28427 28430 28448 28449 28450 28451 28452 28456
3614,182.16867470,22.99990000,28090 28091 28421 28422 28423 28429 28431 28432 28433 28434 28435 28436 28440
3615,186.50602410,22.99990000,28085 28086 28087 28089 28092 28093 28094 28095 28128 28130 28131 28136
3616,190.84337349,22.99990000,28102 28103 28105 28106 28107 28108 28109 28110 28111 28120 28129 28132
3617,195.18072289,22.99990000,28025 28026 28027 28028 28030 28031 28101 28112 28113 28114 28115 28116
3618,199.51807229,22.99990000,10250 10251 10272 10273 10274 10275 10276 10280 28021 28022 28023 28029
3619,203.85542169,22.99990000,10245 10246 10247 10249 10252 10253 10254 10255 10256 10257 10258 10259 10264
3620,208.19277108,22.99990000,8885 8886 8887 8889 8891 8892 8893 8894 8895 8930 8936 10260
3621,212.53012048,22.99990000,8902 8905 8906 8907 8908 8909 8910 8911 8928 8929 8931 8932
3622,216.86746988,22.99990000,8825 8826 8827 8830 8901 8903 8912 8913 8914 8915 8916 8920
3623,221.20481928,22.99990000,8821 8822 8823 8828 8829 8831 8970 8992 8993 8994 8995 9000
3624,225.54216867,22.99990000,8965 8966 8967 8969 8971 8972 8973 8974 8975 8978 8984 8996
3625,229.87951807,22.99990000,8630 8631 8633 8634 8635 8636 8637 8638 8639 8680 8976 8977 8979 8980
3626,234.21686747,22.99990000,8629 8649 8650 8651 8652 8654 8655 8672 8673 8674 8675 8676
3627,238.55421687,22.99990000,8570 8571 8645 8646 8647 8653 8656 8657 8658 8659 8660 8664
3628,242.89156627,22.99990000,8565 8566 8567 8569 8572 8573 8574 8575 9248 9250 9251 9256
3629,247.22891566,22.99990000,9222 9223 9225 9226 9227 9228 9229 9230 9231 9240 9249 9252
3630,251.56626506,22.99990000,9221 9232 9233 9234 9235 9236 32441 32442 32443 32444 32446 32447
3631,255.90361446,22.99990000,32437 32438 32439 32445 32457 32458 32459 32462 32480 32481 32482 32483 32484 32488
3632,260.24096386,22.99990000,32378 32453 32454 32455 32460 32461 32463 32464 32465 32466 32467 32472
3633,264.57831325,22.99990000,32373 32374 32375 32377 32379 32380 32381 32382 32383 32468 32546 32552
3634,268.91566265,22.99990000,32518 32521 32522 32523 32524 32525 32526 32527 32544 32545 32547 32548
3635,273.25301205,22.99990000,32185 32186 32187 32190 32517 32519 32528 32529 32530 32531 32532 32536
3636,277.59036145,22.99990000,32181 32182 32183 32188 32189 32191 32202 32224 32225 32226 32227 32232
3637,281.92771084,22.99990000,32197 32198 32199 32201 32203 32204 32205 32206 32207 32208 32210 32211 32216 32228
3638,286.26506024,22.99990000,14376 32118 32119 32121 32122 32123 32124 32125 32126 32127 32209 32212
3639,290.60240964,22.99990000,14345 14346 14347 14348 14350 14351 14368 14369 14370 14371 14372 32117
3640,294.93975904,22.99990000,12986 12987 14341 14342 14343 14349 14352 14353 14354 14355 14356 14360
3641,299.27710843,22.99990000,12981 12982 12983 12985 12988 12989 12990 12991 13024 13026 13027 13032
3642,303.61445783,22.99990000,12998 12999 13001 13002 13003 13004 13005 13006 13007 13016 13025 13028
3643,307.95180723,22.99990000,12918 12921 12922 12923 12924 12925 12926 12927 12997 13008 13009 13010 13011 13012
3644,312.28915663,22.99990000,12917 12919 13065 13066 13067 13070 13088 13089 13090 13091 13092 13096
3645,316.62650602,22.99990000,12730 13061 13062 13063 13068 13069 13071 13072 13073 13074 13075 13080
3646,320.96385542,22.99990000,12725 12726 12727 12729 12731 12732 12733 12734 12735 12770 12776 13076
3647,325.30120482,22.99990000,12742 12745 12746 12747 12748 12749 12750 12751 12768 12769 12771 12772
3648,329.63855422,22.99990000,12665 12666 12667 12670 12741 12743 12752 12753 12754 12755 12756 12760
3649,333.97590361,22.99990000,12661 12662 12663 12668 12669 12671 13322 13323 13344 13345 13346 13347 13348 13352
3650,338.31325301,22.99990000,13317 13318 13319 13321 13324 13325 13326 13327 13328 13330 13331 13336
3651,342.65060241,22.99990000,13329 13332 20150 20151 20153 20154 20155 20156 20157 20158 20159 20200
3652,346.98795181,22.99990000,20149 20169 20170 20171 20172 20174 20175 20192 20193 20194 20195 20196
3653,351.32530120,22.99990000,20090 20091 20165 20166 20167 20173 20176 20177 20178 20179 20180 20184
3654,355.66265060,22.99990000,20085 20086 20087 20089 20092 20093 20094 20095 20256 20258 20259 20264
3655,2.20675404,24.99990000,20246 20247 20249 20250 20251 20252 20253 20254 20273
3656,6.59699794,24.99990000,19945 19946 19947 19948 19950 20245 20288 20289 20290
3657,10.98724185,24.99990000,19930 19931 19941 19942 19943 19949 19952 19953 19954
3658,15.37748575,24.99990000,2176 2178 19925 19926 19927 19929 19932 19933 19934
3659,19.76772965,24.99990000,2085 2086 2087 2089 2090 2091 2092 2093 2094 2098 2177
3660,24.15797355,24.99990000,2070 2073 2074 2075 2076 2077 2078 2096 2097
3661,28.54821746,24.99990000,745 746 747 750 2069 2071 2112 2113 2114
3662,32.93846136,24.99990000,730 741 742 743 748 749 752 753 754
3663,37.32870526,24.99990000,725 726 727 729 731 732 733 734 896 898
3664,41.71894916,24.99990000,806 807 809 810 811 812 813 814 897
3665,46.10919307,24.99990000,793 794 795 796 798 805 816 817 818
3666,50.49943697,24.99990000,490 491 789 790 791 797 832 833 834
3667,54.88968087,24.99990000,474 485 486 487 489 492 493 494 496 497 498
3668,59.27992477,24.99990000,469 470 471 473 475 476 477 478 1154
3669,63.67016868,24.99990000,1062 1065 1066 1067 1068 1069 1070 1152 1153
3670,68.06041258,24.99990000,1049 1050 1051 1054 1061 1063 1072 1073 1074
3671,72.45065648,24.99990000,1045 1046 1047 1052 1053 1088 1089 1090 24298 24299
3672,76.84090038,24.99990000,24293 24294 24295 24297 24300 24301 24302 24304 24306
3673,81.23114429,24.99990000,24278 24279 24281 24282 24283 24284 24285 24286 24305
3674,85.62138819,24.99990000,24277 24361 24362 24363 24364 24366 24448 24449 24450
3675,90.01163209,24.99990000,24345 24346 24347 24350 24357 24358 24359 24365 24368 24369 24370
3676,94.40187599,24.99990000,24042 24341 24342 24343 24348 24349 24384 24385 24386
3677,98.79211990,24.99990000,24037 24038 24039 24041 24043 24044 24045 24046 24050
3678,103.18236380,24.99990000,24022 24025 24026 24027 24028 24029 24030 24048 24049
3679,107.57260770,24.99990000,6185 6186 6187 6188 6190 6272 6273 6274 24021 24023
3680,111.96285160,24.99990000,6170 6171 6181 6182 6183 6189 6192 6193 6194
3681,116.35309551,24.99990000,6165 6166 6167 6169 6172 6173 6174 6208 6210
3682,120.74333941,24.99990000,4838 4839 4841 4842 4843 4844 4845 4846 6209
3683,125.13358331,24.99990000,4822 4825 4826 4827 4828 4829 4830 4837 4848 4849 4850
3684,129.52382721,24.99990000,4821 4823 4905 4906 4907 4910 4992 4993 4994
3685,133.91407112,24.99990000,4890 4901 4902 4903 4908 4909 4912 4913 4914
3686,138.30431502,24.99990000,4885 4886 4887 4889 4891 4892 4893 4894 4930
3687,142.69455892,24.99990000,4582 4583 4585 4586 4587 4588 4589 4590 4928 4929
3688,147.08480282,24.99990000,4569 4570 4571 4572 4574 4581 4592 4593 4594
3689,151.47504672,24.99990000,4565 4566 4567 4573 5162 5163 5248 5249 5250
3690,155.86529063,24.99990000,5157 5158 5159 5161 5164 5165 5166 5168 5170
3691,160.25553453,24.99990000,5141 5142 5143 5145 5146 5147 5148 5149 5150 5169 5186
3692,164.64577843,24.99990000,5184 5185 28390 28393 28394 28395 28396 28397 28398
3693,169.03602233,24.99990000,28377 28378 28379 28382 28389 28391 28400 28401 28402
3694,173.42626624,24.99990000,28373 28374 28375 28380 28381 28458 28544 28545 28546
3695,177.81651014,24.99990000,28453 28454 28455 28457 28459 28460 28461 28462 28464 28466
3696,182.20675404,24.99990000,28438 28439 28441 28442 28443 28444 28445 28446 28465
3697,186.59699794,24.99990000,28137 28138 28139 28140 28142 28437 28480 28481 28482
3698,190.98724185,24.99990000,28122 28123 28133 28134 28135 28141 28144 28145 28146
3699,195.37748575,24.99990000,10368 10370 28117 28118 28119 28121 28124 28125 28126
3700,199.76772965,24.99990000,10277 10278 10279 10281 10282 10283 10284 10285 10286 10290 10369
3701,204.15797355,24.99990000,10262 10265 10266 10267 10268 10269 10270 10288 10289
3702,208.54821746,24.99990000,8937 8938 8939 8942 10261 10263 10304 10305 10306
3703,212.93846136,24.99990000,8922 8933 8934 8935 8940 8941 8944 8945 8946
3704,217.32870526,24.99990000,8917 8918 8919 8921 8923 8924 8925 8926 9088 9090
3705,221.71894916,24.99990000,8998 8999 9001 9002 9003 9004 9005 9006 9089
3706,226.10919307,24.99990000,8985 8986 8987 8988 8990 8997 9008 9009 9010
3707,230.49943697,24.99990000,8682 8683 8981 8982 8983 8989 9024 9025 9026
3708,234.88968087,24.99990000,8666 8677 8678 8679 8681 8684 8685 8686 8688 8689 8690
3709,239.27992477,24.99990000,8661 8662 8663 8665 8667 8668 8669 8670 9346
3710,243.67016868,24.99990000,9254 9257 9258 9259 9260 9261 9262 9344 9345
3711,248.06041258,24.99990000,9241 9242 9243 9246 9253 9255 9264 9265 9266
3712,252.45065648,24.99990000,9237 9238 9239 9244 9245 9280 9281 9282 32490 32491
3713,256.84090038,24.99990000,32485 32486 32487 32489 32492 32493 32494 32496 32498
3714,261.23114429,24.99990000,32470 32471 32473 32474 32475 32476 32477 32478 32497
3715,265.62138819,24.99990000,32469 32553 32554 32555 32556 32558 32640 32641 32642
3716,270.01163209,24.99990000,32537 32538 32539 32542 32549 32550 32551 32557 32560 32561 32562
3717,274.40187599,24.99990000,32234 32533 32534 32535 32540 32541 32576 32577 32578
3718,278.79211990,24.99990000,32229 32230 32231 32233 32235 32236 32237 32238 32242
3719,283.18236380,24.99990000,32214 32217 32218 32219 32220 32221 32222 32240 32241
3720,287.57260770,24.99990000,14377 14378 14379 14380 14382 14464 14465 14466 32213 32215
3721,291.96285160,24.99990000,14362 14363 14373 14374 14375 14381 14384 14385 14386
3722,296.35309551,24.99990000,14357 14358 14359 14361 14364 14365 14366 14400 14402
3723,300.74333941,24.99990000,13030 13031 13033 13034 13035 13036 13037 13038 14401
3724,305.13358331,24.99990000,13014 13017 13018 13019 13020 13021 13022 13029 13040 13041 13042
3725,309.52382721,24.99990000,13013 13015 13097 13098 13099 13102 13184 13185 13186
3726,313.91407112,24.99990000,13082 13093 13094 13095 13100 13101 13104 13105 13106
3727,318.30431502,24.99990000,13077 13078 13079 13081 13083 13084 13085 13086 13122
3728,322.69455892,24.99990000,12774 12775 12777 12778 12779 12780 12781 12782 13120 13121
3729,327.08480282,24.99990000,12761 12762 12763 12764 12766 12773 12784 12785 12786
3730,331.47504672,24.99990000,12757 12758 12759 12765 13354 13355 13440 13441 13442
3731,335.86529063,24.99990000,13349 13350 13351 13353 13356 13357 13358 13360 13362
3732,340.25553453,24.99990000,13333 13334 13335 13337 13338 13339 13340 13341 13342 13361 13378
3733,344.64577843,24.99990000,13376 13377 20198 20201 20202 20203 20204 20205 20206
3734,349.03602233,24.99990000,20185 20186 20187 20190 20197 20199 20208 20209 20210
3735,353.42626624,24.99990000,20181 20182 20183 20188 20189 20266 20352 20353 20354
3736,357.81651014,24.99990000,20261 20262 20263 20265 20267 20268 20269 20270 20272 20274
3737,0.00000000,26.99990000,20275 20276 20277 20278 20279 20280 20281 20282 20283 20284
3738,4.44444444,26.99990000,20255 20291 20294 20296 20297 20298 20299 20300 20320
3739,8.88888889,26.99990000,19951 19960 19961 19962 19963 20292 20293 20295 20304
3740,13.33333333,26.99990000,2184 2186 2187 2208 19935 19955 19956 19957 19958 19959 19964
3741,17.77777778,26.99990000,2095 2179 2180 2181 2182 2183 2185 2188 2192
3742,22.22222222,26.99990000,2099 2100 2102 2103 2104 2105 2106 2107 2108
3743,26.66666667,26.99990000,2079 2101 2115 2118 2120 2121 2122 2123 2124 2144
3744,31.11111111,26.99990000,751 760 761 762 763 2116 2117 2119 2128
3745,35.55555556,26.99990000,735 755 756 757 758 759 764 906 928
3746,40.00000000,26.99990000,815 899 900 901 902 903 904 905 907 908 912
3747,44.44444444,26.99990000,819 820 822 823 824 825 826 827 828
3748,48.88888889,26.99990000,799 821 835 840 841 842 843 844 864
3749,53.33333333,26.99990000,495 504 505 506 507 836 837 838 839 848
3750,57.77777778,26.99990000,479 499 500 501 502 503 508 1162 1184
3751,62.22222222,26.99990000,1155 1156 1157 1158 1159 1160 1161 1163 1164
3752,66.66666667,26.99990000,1071 1075 1078 1080 1081 1082 1083 1084 1168
3753,71.11111111,26.99990000,1055 1076 1077 1079 1091 1096 1097 1098 1099 1100 1120
3754,75.55555556,26.99990000,1092 1093 1094 1095 1104 24303 24312 24314 24315
3755,80.00000000,26.99990000,24287 24307 24308 24309 24310 24311 24313 24316 24480
3756,84.44444444,26.99990000,24451 24452 24453 24454 24455 24456 24457 24458 24459 24460
3757,88.88888889,26.99990000,24367 24371 24374 24376 24377 24378 24379 24380 24464
3758,93.33333333,26.99990000,24351 24372 24373 24375 24392 24393 24394 24395 24416
3759,97.77777778,26.99990000,24047 24056 24058 24059 24387 24388 24389 24390 24391 24396 24400
3760,102.22222222,26.99990000,6304 24031 24051 24052 24053 24054 24055 24057 24060
3761,106.66666667,26.99990000,6275 6276 6278 6279 6280 6281 6282 6283 6284
3762,111.11111111,26.99990000,6191 6195 6198 6200 6201 6202 6203 6204 6277 6288
3763,115.55555556,26.99990000,6175 6196 6197 6199 6216 6217 6218 6219 6240
3764,120.00000000,26.99990000,4847 4858 6211 6212 6213 6214 6215 6220 6224
3765,124.44444444,26.99990000,4831 4851 4852 4853 4854 4855 4856 4857 4859 4860 5024
3766,128.88888889,26.99990000,4995 4996 4998 4999 5000 5001 5002 5003 5004
3767,133.33333333,26.99990000,4911 4915 4920 4921 4922 4923 4924 4997 5008
3768,137.77777778,26.99990000,4895 4916 4917 4918 4919 4936 4937 4938 4939 4960
3769,142.22222222,26.99990000,4591 4602 4931 4932 4933 4934 4935 4940 4944
3770,146.66666667,26.99990000,4595 4596 4597 4598 4599 4600 4601 4603 4604
3771,151.11111111,26.99990000,4575 5251 5252 5254 5255 5256 5257 5258 5259 5260 5280
3772,155.55555556,26.99990000,5167 5171 5176 5177 5178 5179 5180 5253 5264
3773,160.00000000,26.99990000,5151 5172 5173 5174 5175 5192 5194 5195 5216
3774,164.44444444,26.99990000,5187 5188 5189 5190 5191 5193 5196 5200 28399 28410
3775,168.88888889,26.99990000,28403 28404 28405 28406 28407 28408 28409 28411 28412
3776,173.33333333,26.99990000,28383 28547 28550 28552 28553 28554 28555 28556 28576
3777,177.77777778,26.99990000,28463 28467 28472 28473 28474 28475 28476 28548 28549 28551 28560
3778,182.22222222,26.99990000,28447 28468 28469 28470 28471 28488 28490 28491 28512
3779,186.66666667,26.99990000,28143 28483 28484 28485 28486 28487 28489 28492 28496
3780,191.11111111,26.99990000,28147 28148 28150 28151 28152 28153 28154 28155 28156
3781,195.55555556,26.99990000,10371 10374 10376 10377 10378 10379 10380 10400 28127 28149
3782,200.00000000,26.99990000,10287 10296 10297 10298 10299 10372 10373 10375 10384
3783,204.44444444,26.99990000,10271 10291 10292 10293 10294 10295 10300 10314 10336
3784,208.88888889,26.99990000,8943 10307 10308 10309 10310 10311 10312 10313 10315 10316 10320
3785,213.33333333,26.99990000,8947 8948 8950 8951 8952 8953 8954 8955 8956
3786,217.77777778,26.99990000,8927 8949 9091 9096 9097 9098 9099 9100 9120
3787,222.22222222,26.99990000,9007 9016 9017 9018 9019 9092 9093 9094 9095 9104
3788,226.66666667,26.99990000,8991 9011 9012 9013 9014 9015 9020 9034 9056
3789,231.11111111,26.99990000,9027 9028 9029 9030 9031 9032 9033 9035 9036
3790,235.55555556,26.99990000,8687 8691 8692 8694 8695 8696 8697 8698 8699 8700 9040
3791,240.00000000,26.99990000,8671 8693 9347 9352 9353 9354 9355 9356 9376
3792,244.44444444,26.99990000,9263 9272 9274 9275 9348 9349 9350 9351 9360
3793,248.88888889,26.99990000,9247 9267 9268 9269 9270 9271 9273 9276 9290 9312
3794,253.33333333,26.99990000,9283 9284 9285 9286 9287 9288 9289 9291 9292
3795,257.77777778,26.99990000,9296 32495 32499 32502 32504 32505 32506 32507 32508
3796,262.22222222,26.99990000,32479 32500 32501 32503 32643 32648 32649 32650 32651 32652 32672
3797,266.66666667,26.99990000,32559 32568 32570 32571 32644 32645 32646 32647 32656
3798,271.11111111,26.99990000,32543 32563 32564 32565 32566 32567 32569 32572 32608
3799,275.55555556,26.99990000,32579 32580 32581 32582 32583 32584 32585 32586 32587 32588
3800,280.00000000,26.99990000,32239 32243 32246 32248 32249 32250 32251 32252 32592
3801,284.44444444,26.99990000,14472 14473 14474 14475 14496 32223 32244 32245 32247
3802,288.88888889,26.99990000,14383 14392 14394 14395 14467 14468 14469 14470 14471 14476 14480
3803,293.33333333,26.99990000,14367 14387 14388 14389 14390 14391 14393 14396 14432
3804,297.77777778,26.99990000,14403 14404 14406 14407 14408 14409 14410 14411 14412
3805,302.22222222,26.99990000,13039 13043 13048 13049 13050 13051 13052 14405 14416
3806,306.66666667,26.99990000,13023 13044 13045 13046 13047 13192 13193 13194 13195 13216
3807,311.11111111,26.99990000,13103 13114 13187 13188 13189 13190 13191 13196 13200
3808,315.55555556,26.99990000,13107 13108 13109 13110 13111 13112 13113 13115 13116
3809,320.00000000,26.99990000,13087 13123 13124 13126 13127 13128 13129 13130 13131 13132 13152
3810,324.44444444,26.99990000,12783 12787 12792 12793 12794 12795 12796 13125 13136
3811,328.88888889,26.99990000,12767 12788 12789 12790 12791 13448 13450 13451 13472
3812,333.33333333,26.99990000,13359 13370 13443 13444 13445 13446 13447 13449 13452 13456
3813,337.77777778,26.99990000,13363 13364 13365 13366 13367 13368 13369 13371 13372
3814,342.22222222,26.99990000,13343 13379 13382 13384 13385 13386 13387 13388 13408
3815,346.66666667,26.99990000,13380 13381 13383 13392 20207 20211 20216 20217 20218 20219 20220
3816,351.11111111,26.99990000,20191 20212 20213 20214 20215 20360 20362 20363 20384
3817,355.55555556,26.99990000,20271 20355 20356 20357 20358 20359 20361 20364 20368
3818,2.28670592,28.99990000,20285 20321 20322 20323 20324 20328 20329
3819,6.84366795,28.99990000,20301 20302 20303 20306 20307 20312
3820,11.40062997,28.99990000,2210 2216 19965 19966 19967 20305 20308
3821,15.95759200,28.99990000,2189 2190 2191 2209 2211 2212 2213
3822,20.51455402,28.99990000,2110 2111 2193 2194 2195 2196 2198 2200
3823,25.07151605,28.99990000,2109 2145 2146 2147 2148 2152
3824,29.62847808,28.99990000,2125 2126 2127 2129 2130 2131 2136
3825,34.18544010,28.99990000,765 766 767 930 936 938 2132
3826,38.74240213,28.99990000,909 910 911 920 929 931 932 933
3827,43.29936415,28.99990000,830 831 913 914 915 916
3828,47.85632618,28.99990000,829 846 865 866 867 868 872
3829,52.41328820,28.99990000,845 847 849 850 851 856 857
3830,56.97025023,28.99990000,509 510 511 852 1186 1187 1192 1194
3831,61.52721225,28.99990000,1165 1166 1167 1176 1185 1188 1189
3832,66.08417428,28.99990000,1085 1086 1087 1169 1170 1171 1172
3833,70.64113630,28.99990000,1102 1121 1122 1123 1124 1128
3834,75.19809833,28.99990000,1101 1103 1105 1106 1107 1108 1112 1113
3835,79.75506035,28.99990000,24317 24318 24319 24482 24483 24488 24490
3836,84.31202238,28.99990000,24461 24462 24463 24466 24472 24481 24484
3837,88.86898440,28.99990000,24381 24382 24383 24465 24467 24468
3838,93.42594643,28.99990000,24398 24399 24417 24418 24419 24420 24422 24424
3839,97.98290846,28.99990000,24397 24401 24402 24403 24404 24408 24409
3840,102.53987048,28.99990000,6305 6306 6307 6312 24061 24062 24063
3841,107.09683251,28.99990000,6285 6286 6287 6290 6296 6308
3842,111.65379453,28.99990000,6205 6206 6207 6248 6289 6291 6292 6293
3843,116.21075656,28.99990000,6222 6223 6241 6242 6243 6244 6246
3844,120.76771858,28.99990000,6221 6225 6226 6227 6228 6232
3845,125.32468061,28.99990000,4861 4862 4863 5025 5026 5027 5032
3846,129.88164263,28.99990000,5005 5006 5007 5010 5016 5018 5028
3847,134.43860466,28.99990000,4925 4926 4927 4968 5009 5011 5012 5013
3848,138.99556668,28.99990000,4942 4943 4961 4962 4963 4964
3849,143.55252871,28.99990000,4606 4941 4945 4946 4947 4948 4952
3850,148.10949073,28.99990000,4605 4607 5281 5282 5283 5288 5289
3851,152.66645276,28.99990000,5261 5262 5263 5266 5267 5272 5274 5284
3852,157.22341478,28.99990000,5181 5182 5183 5224 5265 5268
3853,161.78037681,28.99990000,5197 5198 5199 5217 5218 5219 5220
3854,166.33733883,28.99990000,5201 5202 5203 5204 5206 5208 28414
3855,170.89430086,28.99990000,28413 28415 28577 28578 28579 28580 28584 28585
3856,175.45126289,28.99990000,28557 28558 28559 28562 28563 28568
3857,180.00822491,28.99990000,28477 28478 28479 28514 28520 28561 28564
3858,184.56518694,28.99990000,28493 28494 28495 28513 28515 28516
3859,189.12214896,28.99990000,28158 28159 28497 28498 28499 28500 28502 28504
3860,193.67911099,28.99990000,10401 10402 10403 10404 10408 10409 28157
3861,198.23607301,28.99990000,10381 10382 10383 10385 10386 10387 10392
3862,202.79303504,28.99990000,10301 10302 10303 10338 10344 10388
3863,207.34999706,28.99990000,10317 10318 10319 10328 10337 10339 10340 10341
3864,211.90695909,28.99990000,8958 8959 10321 10322 10323 10324 10326
3865,216.46392111,28.99990000,8957 9102 9121 9122 9123 9124 9128
3866,221.02088314,28.99990000,9101 9103 9105 9106 9107 9112
3867,225.57784516,28.99990000,9021 9022 9023 9058 9059 9064 9066 9108
3868,230.13480719,28.99990000,9037 9038 9039 9048 9057 9060 9061
3869,234.69176921,28.99990000,8701 8702 8703 9041 9042 9043 9044
3870,239.24873124,28.99990000,9358 9377 9378 9379 9380 9384
3871,243.80569327,28.99990000,9357 9359 9361 9362 9363 9368 9369
3872,248.36265529,28.99990000,9277 9278 9279 9314 9315 9320 9322 9364
3873,252.91961732,28.99990000,9293 9294 9295 9304 9313 9316
3874,257.47657934,28.99990000,9297 9298 9299 9300 32509 32510 32511
3875,262.03354137,28.99990000,32654 32673 32674 32675 32676 32678 32680
3876,266.59050339,28.99990000,32653 32655 32657 32658 32659 32660 32664 32665
3877,271.14746542,28.99990000,32573 32574 32575 32610 32611 32616
3878,275.70442744,28.99990000,32589 32590 32591 32594 32600 32609 32612
3879,280.26138947,28.99990000,32253 32254 32255 32593 32595 32596 32597
3880,284.81835149,28.99990000,14478 14479 14497 14498 14499 14500 14502 14504
3881,289.37531352,28.99990000,14477 14481 14482 14483 14484 14488
3882,293.93227554,28.99990000,14397 14398 14399 14433 14434 14435 14440
3883,298.48923757,28.99990000,14413 14414 14415 14418 14424 14426 14436
3884,303.04619959,28.99990000,13053 13054 13055 13224 14417 14419 14420 14421
3885,307.60316162,28.99990000,13198 13199 13217 13218 13219 13220 13222
3886,312.16012364,28.99990000,13118 13197 13201 13202 13203 13204 13208
3887,316.71708567,28.99990000,13117 13119 13153 13154 13155 13160
3888,321.27404770,28.99990000,13133 13134 13135 13138 13139 13144 13146 13156
3889,325.83100972,28.99990000,12797 12798 12799 13137 13140 13141 13480
3890,330.38797175,28.99990000,13453 13454 13455 13473 13474 13475 13476
3891,334.94493377,28.99990000,13374 13457 13458 13459 13460 13464
3892,339.50189580,28.99990000,13373 13375 13409 13410 13411 13412 13416 13417
3893,344.05885782,28.99990000,13389 13390 13391 13394 13395 13400 13402
3894,348.61581985,28.99990000,13393 13396 20221 20222 20223 20386 20392
3895,353.17278187,28.99990000,20365 20366 20367 20385 20387 20388
3896,357.72974390,28.99990000,20286 20287 20369 20370 20371 20372 20374 20376
3897,0.00000000,30.99990000,20330 20331 20334 20373 20375 20381 20416 20417 20418
3898,4.61538462,30.99990000,20314 20325 20326 20327 20332 20333 20336 20337 20338
3899,9.23076923,30.99990000,2560 2562 20309 20310 20311 20313 20315 20316 20317 20318
3900,13.84615385,30.99990000,2214 2215 2217 2218 2219 2220 2221 2222 2561
3901,18.46153846,30.99990000,2201 2202 2203 2204 2205 2206 2224 2225 2226
3902,23.07692308,30.99990000,2153 2154 2155 2156 2158 2197 2199 2240 2241 2242
3903,27.69230769,30.99990000,2138 2139 2149 2150 2151 2157 2160 2161 2162
3904,32.30769231,30.99990000,2133 2134 2135 2137 2140 2141 2142 2304 2305 2306
3905,36.92307692,30.99990000,934 935 937 939 940 941 942 946
3906,41.53846154,30.99990000,918 919 921 922 923 924 925 926 944 945
3907,46.15384615,30.99990000,873 874 875 876 878 917 960 961 962
3908,50.76923077,30.99990000,858 859 862 869 870 871 877 880 881 882
3909,55.38461538,30.99990000,853 854 855 860 861 1195 1536 1537 1538
3910,60.00000000,30.99990000,1190 1191 1193 1196 1197 1198 1200 1202
3911,64.61538462,30.99990000,1173 1174 1175 1177 1178 1179 1180 1181 1182 1201 1218
3912,69.23076923,30.99990000,1126 1129 1130 1131 1132 1133 1134 1216 1217
3913,73.84615385,30.99990000,1114 1115 1116 1118 1125 1127 1136 1137 1138
3914,78.46153846,30.99990000,1109 1110 1111 1117 1280 1281 1282 24491
3915,83.07692308,30.99990000,24474 24485 24486 24487 24489 24492 24493 24494 24496 24497 24498
3916,87.69230769,30.99990000,24469 24470 24471 24473 24475 24476 24477 24478 24514
3917,92.30769231,30.99990000,24423 24425 24426 24427 24428 24429 24430 24512 24513
3918,96.92307692,30.99990000,24406 24410 24411 24412 24413 24414 24421 24432 24433 24434
3919,101.53846154,30.99990000,6313 6314 6315 6318 6656 6657 6658 24405 24407
3920,106.15384615,30.99990000,6298 6299 6309 6310 6311 6316 6317 6320 6321 6322
3921,110.76923077,30.99990000,6294 6295 6297 6300 6301 6302 6336 6338
3922,115.38461538,30.99990000,6245 6247 6249 6250 6251 6252 6253 6254 6258 6337
3923,120.00000000,30.99990000,6230 6233 6234 6235 6236 6237 6238 6256 6257
3924,124.61538462,30.99990000,5033 5034 5035 5036 5038 6229 6231 6400 6401 6402
3925,129.23076923,30.99990000,5017 5019 5022 5029 5030 5031 5037 5040 5041 5042
3926,133.84615385,30.99990000,4970 5014 5015 5020 5021 5056 5057 5058
3927,138.46153846,30.99990000,4965 4966 4967 4969 4971 4972 4973 4974 4976 4978
3928,143.07692308,30.99990000,4950 4951 4953 4954 4955 4956 4957 4958 4977
3929,147.69230769,30.99990000,4949 5286 5290 5291 5292 5293 5294 5632 5633 5634
3930,152.30769231,30.99990000,5273 5275 5278 5285 5287 5296 5297 5298
3931,156.92307692,30.99990000,5226 5227 5269 5270 5271 5276 5277 5312 5313 5314
3932,161.53846154,30.99990000,5210 5221 5222 5223 5225 5228 5229 5230 5232 5233 5234
3933,166.15384615,30.99990000,5205 5207 5209 5211 5212 5213 5214 5378
3934,170.76923077,30.99990000,5376 5377 28582 28583 28586 28587 28588 28589 28590
3935,175.38461538,30.99990000,28569 28570 28571 28572 28574 28581 28592 28593 28594
3936,180.00000000,30.99990000,28521 28522 28523 28526 28565 28566 28567 28573 28608 28609 28610
3937,184.61538462,30.99990000,28506 28517 28518 28519 28524 28525 28528 28529 28530
3938,189.23076923,30.99990000,10752 10754 28501 28503 28505 28507 28508 28509 28510
3939,193.84615385,30.99990000,10406 10407 10410 10411 10412 10413 10414 10753
3940,198.46153846,30.99990000,10390 10393 10394 10395 10396 10397 10398 10405 10416 10417 10418
3941,203.07692308,30.99990000,10345 10346 10347 10348 10350 10389 10391 10432 10433 10434
3942,207.69230769,30.99990000,10330 10331 10342 10343 10349 10352 10353 10354
3943,212.30769231,30.99990000,9130 10325 10327 10329 10332 10333 10334 10496 10497 10498
3944,216.92307692,30.99990000,9125 9126 9127 9129 9131 9132 9133 9134 9138
3945,221.53846154,30.99990000,9110 9111 9113 9114 9115 9116 9117 9118 9136 9137
3946,226.15384615,30.99990000,9065 9067 9068 9070 9109 9152 9153 9154
3947,230.76923077,30.99990000,9049 9050 9051 9054 9062 9063 9069 9072 9073 9074
3948,235.38461538,30.99990000,9045 9046 9047 9052 9053 9386 9387 9728 9729 9730
3949,240.00000000,30.99990000,9381 9382 9383 9385 9388 9389 9390 9392 9394
3950,244.61538462,30.99990000,9365 9366 9367 9370 9371 9372 9373 9374 9393 9410
3951,249.23076923,30.99990000,9318 9321 9323 9324 9325 9326 9408 9409
3952,253.84615385,30.99990000,9305 9306 9307 9308 9310 9317 9319 9328 9329 9330
3953,258.46153846,30.99990000,9301 9302 9303 9309 9472 9473 9474 32682 32683
3954,263.07692308,30.99990000,32666 32677 32679 32681 32684 32685 32686 32688 32689 32690
3955,267.69230769,30.99990000,32661 32662 32663 32667 32668 32669 32670 32706
3956,272.30769231,30.99990000,32614 32615 32617 32618 32619 32620 32621 32622 32704 32705
3957,276.92307692,30.99990000,32598 32601 32602 32603 32604 32605 32606 32613 32624 32625 32626
3958,281.53846154,30.99990000,14505 14506 14507 14510 14848 14849 14850 32599
3959,286.15384615,30.99990000,14490 14491 14501 14503 14508 14509 14512 14513 14514
3960,290.76923077,30.99990000,14485 14486 14487 14489 14492 14493 14494 14528 14530
3961,295.38461538,30.99990000,14437 14438 14439 14441 14442 14443 14444 14445 14446 14450 14529
3962,300.00000000,30.99990000,14422 14425 14427 14428 14429 14430 14448 14449
3963,304.61538462,30.99990000,13225 13226 13227 13228 13230 14423 14592 14593 14594
3964,309.23076923,30.99990000,13209 13210 13211 13214 13221 13223 13229 13232 13233 13234
3965,313.84615385,30.99990000,13162 13205 13206 13207 13212 13213 13248 13249 13250
3966,318.46153846,30.99990000,13157 13158 13159 13161 13163 13164 13165 13166 13168 13170
3967,323.07692308,30.99990000,13142 13143 13145 13147 13148 13149 13150 13169
3968,327.69230769,30.99990000,13478 13481 13482 13483 13484 13485 13486 13824 13825 13826
3969,332.30769231,30.99990000,13465 13466 13467 13470 13477 13479 13488 13489 13490
3970,336.92307692,30.99990000,13418 13419 13461 13462 13463 13468 13469 13504 13505 13506
3971,341.53846154,30.99990000,13413 13414 13415 13420 13421 13422 13424 13425 13426
3972,346.15384615,30.99990000,13397 13398 13399 13401 13403 13404 13405 13406 13570
3973,350.76923077,30.99990000,13568 13569 20390 20391 20393 20394 20395 20396 20397 20398
3974,355.38461538,30.99990000,20377 20378 20379 20380 20382 20389 20400 20401 20402
3975,2.38472388,32.99990000,20335 20344 20346 20347 20420 20421 20422 20423 20432
3976,7.12156599,32.99990000,2570 2592 20319 20339 20340 20341 20342 20343 20345 20348
3977,11.85840809,32.99990000,2223 2563 2564 2565 2566 2567 2568 2569 2571 2572 2576
3978,16.59525020,32.99990000,2227 2228 2230 2231 2232 2233 2234 2235 2236
3979,21.33209230,32.99990000,2207 2229 2243 2246 2248 2249 2250 2251 2252 2272
3980,26.06893441,32.99990000,2159 2163 2168 2169 2170 2171 2172 2244 2245 2247 2256
3981,30.80577651,32.99990000,2143 2164 2165 2166 2167 2312 2313 2314 2315 2336
3982,35.54261862,32.99990000,943 954 2307 2308 2309 2310 2311 2316 2320
3983,40.27946072,32.99990000,927 947 948 949 950 951 952 953 955 956 992
3984,45.01630283,32.99990000,963 964 965 966 967 968 969 970 971 972
3985,49.75314494,32.99990000,879 883 884 886 887 888 889 890 891 892 976
3986,54.48998704,32.99990000,863 885 1539 1544 1545 1546 1547 1548 1568
3987,59.22682915,32.99990000,1199 1208 1209 1210 1211 1540 1541 1542 1543 1552
3988,63.96367125,32.99990000,1183 1203 1204 1205 1206 1207 1212 1224 1226 1227 1248
3989,68.70051336,32.99990000,1135 1146 1219 1220 1221 1222 1223 1225 1228 1232
3990,73.43735546,32.99990000,1139 1140 1141 1142 1143 1144 1145 1147 1148
3991,78.17419757,32.99990000,1119 1283 1284 1286 1287 1288 1289 1290 1291 1292 1312
3992,82.91103967,32.99990000,1285 1296 24495 24499 24502 24504 24505 24506 24507 24508
3993,87.64788178,32.99990000,24479 24500 24501 24503 24515 24520 24521 24522 24523 24524 24544
3994,92.38472388,32.99990000,24431 24440 24442 24443 24516 24517 24518 24519 24528
3995,97.12156599,32.99990000,6666 6688 24415 24435 24436 24437 24438 24439 24441 24444
3996,101.85840809,32.99990000,6319 6659 6660 6661 6662 6663 6664 6665 6667 6668 6672
3997,106.59525020,32.99990000,6323 6324 6326 6327 6328 6329 6330 6331 6332
3998,111.33209230,32.99990000,6303 6325 6339 6342 6344 6345 6346 6347 6348 6368
3999,116.06893441,32.99990000,6255 6259 6264 6265 6266 6267 6268 6340 6341 6343 6352
4000,120.80577651,32.99990000,6239 6260 6261 6262 6263 6408 6409 6410 6411 6432
4001,125.54261862,32.99990000,5039 5050 6403 6404 6405 6406 6407 6412 6416
4002,130.27946072,32.99990000,5023 5043 5044 5045 5046 5047 5048 5049 5051 5052 5088
4003,135.01630283,32.99990000,5059 5060 5061 5062 5063 5064 5065 5066 5067 5068
4004,139.75314494,32.99990000,4975 4979 4980 4982 4983 4984 4985 4986 4987 4988 5072
4005,144.48998704,32.99990000,4959 4981 5635 5640 5641 5642 5643 5644 5664
4006,149.22682915,32.99990000,5295 5304 5305 5306 5307 5636 5637 5638 5639 5648
4007,153.96367125,32.99990000,5279 5299 5300 5301 5302 5303 5308 5320 5322 5323 5344
4008,158.70051336,32.99990000,5231 5242 5315 5316 5317 5318 5319 5321 5324 5328
4009,163.43735546,32.99990000,5235 5236 5237 5238 5239 5240 5241 5243 5244
4010,168.17419757,32.99990000,5215 5379 5380 5382 5383 5384 5385 5386 5387 5388 5408
4011,172.91103967,32.99990000,5381 5392 28591 28595 28598 28600 28601 28602 28603 28604
4012,177.64788178,32.99990000,28575 28596 28597 28599 28611 28616 28617 28618 28619 28620 28640
4013,182.38472388,32.99990000,28527 28536 28538 28539 28612 28613 28614 28615 28624
4014,187.12156599,32.99990000,10762 10784 28511 28531 28532 28533 28534 28535 28537 28540
4015,191.85840809,32.99990000,10415 10755 10756 10757 10758 10759 10760 10761 10763 10764 10768
4016,196.59525020,32.99990000,10419 10420 10422 10423 10424 10425 10426 10427 10428
4017,201.33209230,32.99990000,10399 10421 10435 10438 10440 10441 10442 10443 10444 10464
4018,206.06893441,32.99990000,10351 10355 10360 10361 10362 10363 10364 10436 10437 10439 10448
4019,210.80577651,32.99990000,10335 10356 10357 10358 10359 10504 10505 10506 10507 10528
4020,215.54261862,32.99990000,9135 9146 10499 10500 10501 10502 10503 10508 10512
4021,220.27946072,32.99990000,9119 9139 9140 9141 9142 9143 9144 9145 9147 9148 9184
4022,225.01630283,32.99990000,9155 9156 9157 9158 9159 9160 9161 9162 9163 9164
4023,229.75314494,32.99990000,9071 9075 9076 9078 9079 9080 9081 9082 9083 9084 9168
4024,234.48998704,32.99990000,9055 9077 9731 9736 9737 9738 9739 9740 9760
4025,239.22682915,32.99990000,9391 9400 9401 9402 9403 9732 9733 9734 9735 9744
4026,243.96367125,32.99990000,9375 9395 9396 9397 9398 9399 9404 9416 9418 9419 9440
4027,248.70051336,32.99990000,9327 9338 9411 9412 9413 9414 9415 9417 9420 9424
4028,253.43735546,32.99990000,9331 9332 9333 9334 9335 9336 9337 9339 9340
4029,258.17419757,32.99990000,9311 9475 9476 9478 9479 9480 9481 9482 9483 9484 9504
4030,262.91103967,32.99990000,9477 9488 32687 32691 32694 32696 32697 32698 32699 32700
4031,267.64788178,32.99990000,32671 32692 32693 32695 32707 32712 32713 32714 32715 32716 32736
4032,272.38472388,32.99990000,32623 32632 32634 32635 32708 32709 32710 32711 32720
4033,277.12156599,32.99990000,14858 14880 32607 32627 32628 32629 32630 32631 32633 32636
4034,281.85840809,32.99990000,14511 14851 14852 14853 14854 14855 14856 14857 14859 14860 14864
4035,286.59525020,32.99990000,14515 14516 14518 14519 14520 14521 14522 14523 14524
4036,291.33209230,32.99990000,14495 14517 14531 14534 14536 14537 14538 14539 14540 14560
4037,296.06893441,32.99990000,14447 14451 14456 14457 14458 14459 14460 14532 14533 14535 14544
4038,300.80577651,32.99990000,14431 14452 14453 14454 14455 14600 14601 14602 14603 14624
4039,305.54261862,32.99990000,13231 13242 14595 14596 14597 14598 14599 14604 14608
4040,310.27946072,32.99990000,13215 13235 13236 13237 13238 13239 13240 13241 13243 13244 13280
4041,315.01630283,32.99990000,13251 13252 13253 13254 13255 13256 13257 13258 13259 13260
4042,319.75314494,32.99990000,13167 13171 13172 13174 13175 13176 13177 13178 13179 13180 13264
4043,324.48998704,32.99990000,13151 13173 13827 13832 13833 13834 13835 13836 13856
4044,329.22682915,32.99990000,13487 13496 13497 13498 13499 13828 13829 13830 13831 13840
4045,333.96367125,32.99990000,13471 13491 13492 13493 13494 13495 13500 13512 13514 13515 13536
4046,338.70051336,32.99990000,13423 13434 13507 13508 13509 13510 13511 13513 13516 13520
4047,343.43735546,32.99990000,13427 13428 13429 13430 13431 13432 13433 13435 13436
4048,348.17419757,32.99990000,13407 13571 13572 13574 13575 13576 13577 13578 13579 13580 13600
4049,352.91103967,32.99990000,13573 13584 20399 20403 20406 20408 20409 20410 20411 20412
4050,357.64788178,32.99990000,20383 20404 20405 20407 20419 20424 20425 20426 20427 20428 20448
4051,0.00000000,34.99990000,20429 20430 20431 20434 20440 20441 20442 20449 20452 20453 20454 20464
4052,4.86486486,34.99990000,2600 2602 20349 20350 20351 20433 20435 20436 20437 20438
4053,9.72972973,34.99990000,2573 2574 2575 2586 2593 2594 2595 2596 2597 2598 2601
4054,14.59459459,34.99990000,2238 2239 2577 2578 2579 2580 2581 2582 2584 2585
4055,19.45945946,34.99990000,2237 2254 2273 2274 2275 2276 2277 2278 2280 2281 2282
4056,24.32432432,34.99990000,2253 2255 2257 2258 2259 2260 2262 2264 2265 2266
4057,29.18918919,34.99990000,2173 2174 2175 2261 2338 2339 2344 2345 2346
4058,34.05405405,34.99990000,2317 2318 2319 2322 2328 2329 2330 2337 2340 2341 2342
4059,38.91891892,34.99990000,957 958 959 1000 1002 2321 2323 2324 2325 2326
4060,43.78378378,34.99990000,973 974 975 986 993 994 995 996 997 998 1001 1008
4061,48.64864865,34.99990000,894 895 977 978 979 980 981 982 984 985
4062,53.51351351,34.99990000,893 1550 1569 1570 1571 1572 1573 1574 1576 1577 1578
4063,58.37837838,34.99990000,1549 1551 1553 1554 1555 1556 1558 1560 1561 1562
4064,63.24324324,34.99990000,1213 1214 1215 1249 1250 1251 1254 1256 1257 1258 1557
4065,68.10810811,34.99990000,1229 1230 1231 1234 1235 1240 1241 1242 1252 1253
4066,72.97297297,34.99990000,1149 1150 1151 1233 1236 1237 1238 1314 1320 1321 1322
4067,77.83783784,34.99990000,1293 1294 1295 1304 1306 1313 1315 1316 1317 1318
4068,82.70270270,34.99990000,1297 1298 1299 1300 1301 1302 1305 24509 24510 24511 24554
4069,87.56756757,34.99990000,24526 24527 24545 24546 24547 24548 24549 24550 24552 24553
4070,92.43243243,34.99990000,24525 24529 24530 24531 24532 24534 24536 24537 24538
4071,97.29729730,34.99990000,6689 6690 6691 6694 6696 6697 6698 24445 24446 24447 24533
4072,102.16216216,34.99990000,6669 6670 6671 6674 6675 6680 6681 6682 6692 6693
4073,107.02702703,34.99990000,6333 6334 6335 6370 6376 6377 6378 6673 6676 6677 6678
4074,111.89189189,34.99990000,6349 6350 6351 6360 6362 6369 6371 6372 6373 6374
4075,116.75675676,34.99990000,6269 6270 6271 6353 6354 6355 6356 6357 6358 6361 6442
4076,121.62162162,34.99990000,6414 6415 6433 6434 6435 6436 6437 6438 6440 6441
4077,126.48648649,34.99990000,5054 6413 6417 6418 6419 6420 6421 6422 6424 6425 6426
4078,131.35135135,34.99990000,5053 5055 5089 5090 5091 5092 5094 5096 5097 5098
4079,136.21621622,34.99990000,5069 5070 5071 5073 5074 5075 5078 5080 5081 5082 5093 5104
4080,141.08108108,34.99990000,4989 4990 4991 5076 5077 5666 5667 5672 5673 5674
4081,145.94594595,34.99990000,5645 5646 5647 5650 5656 5657 5658 5665 5668 5669 5670
4082,150.81081081,34.99990000,5309 5310 5311 5354 5649 5651 5652 5653 5654
4083,155.67567568,34.99990000,5326 5327 5345 5346 5347 5348 5349 5350 5352 5353
4084,160.54054054,34.99990000,5246 5325 5329 5330 5331 5332 5333 5334 5336 5337 5338
4085,165.40540541,34.99990000,5245 5247 5409 5410 5411 5412 5414 5416 5417 5418
4086,170.27027027,34.99990000,5389 5390 5391 5393 5394 5395 5398 5400 5401 5402 5413
4087,175.13513514,34.99990000,5396 5397 28605 28606 28607 28642 28643 28648 28649 28650
4088,180.00000000,34.99990000,28621 28622 28623 28626 28632 28633 28634 28641 28644 28645 28646 28656
4089,184.86486486,34.99990000,10792 10794 28541 28542 28543 28625 28627 28628 28629 28630
4090,189.72972973,34.99990000,10765 10766 10767 10778 10785 10786 10787 10788 10789 10790 10793
4091,194.59459459,34.99990000,10430 10431 10769 10770 10771 10772 10773 10774 10776 10777
4092,199.45945946,34.99990000,10429 10446 10465 10466 10467 10468 10469 10470 10472 10473 10474
4093,204.32432432,34.99990000,10445 10447 10449 10450 10451 10452 10454 10456 10457 10458
4094,209.18918919,34.99990000,10365 10366 10367 10453 10530 10531 10536 10537 10538
4095,214.05405405,34.99990000,10509 10510 10511 10514 10520 10521 10522 10529 10532 10533 10534
4096,218.91891892,34.99990000,9149 9150 9151 9192 9194 10513 10515 10516 10517 10518
4097,223.78378378,34.99990000,9165 9166 9167 9178 9185 9186 9187 9188 9189 9190 9193 9200
4098,228.64864865,34.99990000,9086 9087 9169 9170 9171 9172 9173 9174 9176 9177
4099,233.51351351,34.99990000,9085 9742 9761 9762 9763 9764 9765 9766 9768 9769 9770
4100,238.37837838,34.99990000,9741 9743 9745 9746 9747 9748 9750 9752 9753 9754
4101,243.24324324,34.99990000,9405 9406 9407 9441 9442 9443 9446 9448 9449 9450 9749
4102,248.10810811,34.99990000,9421 9422 9423 9426 9427 9432 9433 9434 9444 9445
4103,252.97297297,34.99990000,9341 9342 9343 9425 9428 9429 9430 9506 9512 9513 9514
4104,257.83783784,34.99990000,9485 9486 9487 9496 9498 9505 9507 9508 9509 9510
4105,262.70270270,34.99990000,9489 9490 9491 9492 9493 9494 9497 32701 32702 32703 32746
4106,267.56756757,34.99990000,32718 32719 32737 32738 32739 32740 32741 32742 32744 32745
4107,272.43243243,34.99990000,32717 32721 32722 32723 32724 32726 32728 32729 32730
4108,277.29729730,34.99990000,14881 14882 14883 14886 14888 14889 14890 32637 32638 32639 32725
4109,282.16216216,34.99990000,14861 14862 14863 14866 14867 14872 14873 14874 14884 14885
4110,287.02702703,34.99990000,14525 14526 14527 14562 14568 14569 14570 14865 14868 14869 14870
4111,291.89189189,34.99990000,14541 14542 14543 14552 14554 14561 14563 14564 14565 14566
4112,296.75675676,34.99990000,14461 14462 14463 14545 14546 14547 14548 14549 14550 14553 14634
4113,301.62162162,34.99990000,14606 14607 14625 14626 14627 14628 14629 14630 14632 14633
4114,306.48648649,34.99990000,13246 14605 14609 14610 14611 14612 14613 14614 14616 14617 14618
4115,311.35135135,34.99990000,13245 13247 13281 13282 13283 13284 13286 13288 13289 13290
4116,316.21621622,34.99990000,13261 13262 13263 13265 13266 13267 13270 13272 13273 13274 13285 13296
4117,321.08108108,34.99990000,13181 13182 13183 13268 13269 13858 13859 13864 13865 13866
4118,325.94594595,34.99990000,13837 13838 13839 13842 13848 13849 13850 13857 13860 13861 13862
4119,330.81081081,34.99990000,13501 13502 13503 13546 13841 13843 13844 13845 13846
4120,335.67567568,34.99990000,13518 13519 13537 13538 13539 13540 13541 13542 13544 13545
4121,340.54054054,34.99990000,13438 13517 13521 13522 13523 13524 13525 13526 13528 13529 13530
4122,345.40540541,34.99990000,13437 13439 13601 13602 13603 13604 13606 13608 13609 13610
4123,350.27027027,34.99990000,13581 13582 13583 13585 13586 13587 13590 13592 13593 13594 13605
4124,355.13513514,34.99990000,13588 13589 20413 20414 20415 20450 20451 20456 20457 20458
4125,2.50426802,36.99990000,2690 2696 20439 20443 20444 20445 20446 20447 20465 20468
4126,7.50426802,36.99990000,2599 2603 2604 2605 2606 2607 2616 2688 2689 2691 2692
4127,12.50426802,36.99990000,2587 2588 2589 2590 2591 2608 2609 2610 2611 2612
4128,17.50426802,36.99990000,2283 2284 2286 2287 2583 2624 2625 2626 2627 2628 2632
4129,22.50426802,36.99990000,2267 2270 2279 2285 2288 2289 2290 2291 2292 2296
4130,27.50426802,36.99990000,2263 2268 2269 2271 2347 2432 2433 2434 2435 2436 2440
4131,32.50426802,36.99990000,2343 2348 2349 2350 2351 2352 2353 2354 2355 2360
4132,37.50426802,36.99990000,2327 2331 2332 2333 2334 2335 2356 2368 2370 2371 2376
4133,42.50426802,36.99990000,999 1003 1004 1005 1006 1007 1010 1011 1016 2369 2372
4134,47.50426802,36.99990000,983 987 988 989 990 991 1009 1012 1666 1672
4135,52.50426802,36.99990000,1575 1579 1580 1581 1582 1583 1592 1664 1665 1667 1668
4136,57.50426802,36.99990000,1563 1564 1565 1566 1567 1584 1585 1586 1587 1588
4137,62.50426802,36.99990000,1259 1260 1262 1263 1559 1600 1601 1602 1603 1604 1608
4138,67.50426802,36.99990000,1243 1246 1255 1261 1264 1265 1266 1267 1268 1272
4139,72.50426802,36.99990000,1239 1244 1245 1247 1323 1408 1409 1410 1411 1412 1416
4140,77.50426802,36.99990000,1319 1324 1325 1326 1327 1328 1329 1330 1331 1336
4141,82.50426802,36.99990000,1303 1307 1308 1309 1310 1311 1332 1344 1346 1347 1352
4142,87.50426802,36.99990000,1345 1348 24551 24555 24556 24557 24558 24559 24560 24562 24563 24568
4143,92.50426802,36.99990000,6786 6792 24535 24539 24540 24541 24542 24543 24561 24564
4144,97.50426802,36.99990000,6695 6699 6700 6701 6702 6703 6712 6784 6785 6787 6788
4145,102.50426802,36.99990000,6683 6684 6685 6686 6687 6704 6705 6706 6707 6708
4146,107.50426802,36.99990000,6379 6380 6382 6383 6679 6720 6721 6722 6723 6724 6728
4147,112.50426802,36.99990000,6363 6366 6375 6381 6384 6385 6386 6387 6388 6392
4148,117.50426802,36.99990000,6359 6364 6365 6367 6443 6528 6529 6530 6531 6532 6536
4149,122.50426802,36.99990000,6439 6444 6445 6446 6447 6448 6449 6450 6451 6456
4150,127.50426802,36.99990000,6423 6427 6428 6429 6430 6431 6452 6464 6466 6467 6472
4151,132.50426802,36.99990000,5095 5099 5100 5101 5102 5103 5106 5107 5112 6465 6468
4152,137.50426802,36.99990000,5079 5083 5084 5085 5086 5087 5105 5108 5762 5768
4153,142.50426802,36.99990000,5671 5675 5676 5677 5678 5679 5688 5760 5761 5763 5764
4154,147.50426802,36.99990000,5659 5660 5661 5662 5663 5680 5681 5682 5683 5684
4155,152.50426802,36.99990000,5355 5356 5358 5359 5655 5696 5697 5698 5699 5700 5704
4156,157.50426802,36.99990000,5339 5342 5351 5357 5360 5361 5362 5363 5364 5368
4157,162.50426802,36.99990000,5335 5340 5341 5343 5419 5504 5505 5506 5507 5508 5512
4158,167.50426802,36.99990000,5415 5420 5421 5422 5423 5424 5425 5426 5427 5432
4159,172.50426802,36.99990000,5399 5403 5404 5405 5406 5407 5428 5440 5442 5443 5448
4160,177.50426802,36.99990000,5441 5444 28647 28651 28652 28653 28654 28655 28658 28659 28664
4161,182.50426802,36.99990000,10882 10888 28631 28635 28636 28637 28638 28639 28657 28660
4162,187.50426802,36.99990000,10791 10795 10796 10797 10798 10799 10808 10880 10881 10883 10884
4163,192.50426802,36.99990000,10779 10780 10781 10782 10783 10800 10801 10802 10803 10804
4164,197.50426802,36.99990000,10475 10476 10478 10479 10775 10816 10817 10818 10819 10820 10824
4165,202.50426802,36.99990000,10459 10462 10471 10477 10480 10481 10482 10483 10484 10488
4166,207.50426802,36.99990000,10455 10460 10461 10463 10539 10624 10625 10626 10627 10628 10632
4167,212.50426802,36.99990000,10535 10540 10541 10542 10543 10544 10545 10546 10547 10552
4168,217.50426802,36.99990000,10519 10523 10524 10525 10526 10527 10548 10560 10562 10563 10568
4169,222.50426802,36.99990000,9191 9195 9196 9197 9198 9199 9202 9203 9208 10561 10564
4170,227.50426802,36.99990000,9175 9179 9180 9181 9182 9183 9201 9204 9858 9864
4171,232.50426802,36.99990000,9767 9771 9772 9773 9774 9775 9784 9856 9857 9859 9860
4172,237.50426802,36.99990000,9755 9756 9757 9758 9759 9776 9777 9778 9779 9780
4173,242.50426802,36.99990000,9451 9452 9454 9455 9751 9792 9793 9794 9795 9796 9800
4174,247.50426802,36.99990000,9435 9438 9447 9453 9456 9457 9458 9459 9460 9464
4175,252.50426802,36.99990000,9431 9436 9437 9439 9515 9600 9601 9602 9603 9604 9608
4176,257.50426802,36.99990000,9511 9516 9517 9518 9519 9520 9521 9522 9523 9528
4177,262.50426802,36.99990000,9495 9499 9500 9501 9502 9503 9524 9536 9538 9539 9544
4178,267.50426802,36.99990000,9537 9540 32743 32747 32748 32749 32750 32751 32752 32754 32755 32760
4179,272.50426802,36.99990000,14978 14984 32727 32731 32732 32733 32734 32735 32753 32756
4180,277.50426802,36.99990000,14887 14891 14892 14893 14894 14895 14904 14976 14977 14979 14980
4181,282.50426802,36.99990000,14875 14876 14877 14878 14879 14896 14897 14898 14899 14900
4182,287.50426802,36.99990000,14571 14572 14574 14575 14871 14912 14913 14914 14915 14916 14920
4183,292.50426802,36.99990000,14555 14558 14567 14573 14576 14577 14578 14579 14580 14584
4184,297.50426802,36.99990000,14551 14556 14557 14559 14635 14720 14721 14722 14723 14724 14728
4185,302.50426802,36.99990000,14631 14636 14637 14638 14639 14640 14641 14642 14643 14648
4186,307.50426802,36.99990000,14615 14619 14620 14621 14622 14623 14644 14656 14658 14659 14664
4187,312.50426802,36.99990000,13287 13291 13292 13293 13294 13295 13298 13299 13304 14657 14660
4188,317.50426802,36.99990000,13271 13275 13276 13277 13278 13279 13297 13300 13954 13960
4189,322.50426802,36.99990000,13863 13867 13868 13869 13870 13871 13880 13952 13953 13955 13956
4190,327.50426802,36.99990000,13851 13852 13853 13854 13855 13872 13873 13874 13875 13876
4191,332.50426802,36.99990000,13547 13548 13550 13551 13847 13888 13889 13890 13891 13892 13896
4192,337.50426802,36.99990000,13531 13534 13543 13549 13552 13553 13554 13555 13556 13560
4193,342.50426802,36.99990000,13527 13532 13533 13535 13611 13696 13697 13698 13699 13700 13704
4194,347.50426802,36.99990000,13607 13612 13613 13614 13615 13616 13617 13618 13619 13624
4195,352.50426802,36.99990000,13591 13595 13596 13597 13598 13599 13620 13632 13634 13635 13640
4196,357.50426802,36.99990000,13633 13636 20455 20459 20460 20461 20462 20463 20466 20467 20472
4197,0.00000000,38.99990000,20469 20470 20471 20473 20474 20475 20476
4198,5.14285714,38.99990000,2694 2695 2697 2698 2699 2700 2720
4199,10.28571429,38.99990000,2614 2615 2617 2618 2619 2620 2693 2704
4200,15.42857143,38.99990000,2613 2630 2633 2634 2635 2636 2656
4201,20.57142857,38.99990000,2297 2298 2299 2300 2629 2631 2640
4202,25.71428571,38.99990000,2293 2294 2295 2441 2442 2443 2444 2464
4203,30.85714286,38.99990000,2361 2362 2363 2437 2438 2439 2448
4204,36.00000000,38.99990000,2357 2358 2359 2364 2378 2379 2400
4205,41.14285714,38.99990000,1018 1019 2373 2374 2375 2377 2380 2384
4206,46.28571429,38.99990000,1013 1014 1015 1017 1020 1674 1696
4207,51.42857143,38.99990000,1669 1670 1671 1673 1675 1676 1680
4208,56.57142857,38.99990000,1589 1590 1591 1593 1594 1595 1596 1632
4209,61.71428571,38.99990000,1605 1606 1607 1609 1610 1611 1612
4210,66.85714286,38.99990000,1270 1271 1273 1274 1275 1276 1616
4211,72.00000000,38.99990000,1269 1414 1415 1417 1418 1419 1420 1440
4212,77.14285714,38.99990000,1334 1337 1338 1339 1340 1413 1424
4213,82.28571429,38.99990000,1333 1335 1353 1354 1355 1356 1376
4214,87.42857143,38.99990000,1349 1350 1351 1360 24569 24570 24571 24572
4215,92.57142857,38.99990000,6793 6794 6795 6816 24565 24566 24567
4216,97.71428571,38.99990000,6714 6715 6789 6790 6791 6796 6800
4217,102.85714286,38.99990000,6709 6710 6711 6713 6716 6730 6752
4218,108.00000000,38.99990000,6394 6725 6726 6727 6729 6731 6732 6736
4219,113.14285714,38.99990000,6389 6390 6391 6393 6395 6396 6560
4220,118.28571429,38.99990000,6533 6534 6535 6537 6538 6539 6540
4221,123.42857143,38.99990000,6453 6454 6455 6457 6458 6459 6460 6544
4222,128.57142857,38.99990000,6470 6471 6473 6474 6475 6476 6496
4223,133.71428571,38.99990000,5110 5113 5114 5115 5116 6469 6480
4224,138.85714286,38.99990000,5109 5111 5766 5769 5770 5771 5772 5792
4225,144.00000000,38.99990000,5689 5690 5691 5692 5765 5767 5776
4226,149.14285714,38.99990000,5685 5686 5687 5705 5706 5707 5728
4227,154.28571429,38.99990000,5369 5370 5371 5701 5702 5703 5708 5712
4228,159.42857143,38.99990000,5365 5366 5367 5372 5514 5515 5536
4229,164.57142857,38.99990000,5434 5509 5510 5511 5513 5516 5520
4230,169.71428571,38.99990000,5429 5430 5431 5433 5435 5436 5450 5472
4231,174.85714286,38.99990000,5445 5446 5447 5449 5451 5452 5456
4232,180.00000000,38.99990000,28661 28662 28663 28665 28666 28667 28668
4233,185.14285714,38.99990000,10886 10887 10889 10890 10891 10892 10912
4234,190.28571429,38.99990000,10806 10807 10809 10810 10811 10812 10885 10896
4235,195.42857143,38.99990000,10805 10822 10825 10826 10827 10828 10848
4236,200.57142857,38.99990000,10489 10490 10491 10492 10821 10823 10832
4237,205.71428571,38.99990000,10485 10486 10487 10633 10634 10635 10636 10656
4238,210.85714286,38.99990000,10553 10554 10555 10629 10630 10631 10640
4239,216.00000000,38.99990000,10549 10550 10551 10556 10570 10571 10592
4240,221.14285714,38.99990000,9210 9211 10565 10566 10567 10569 10572 10576
4241,226.28571429,38.99990000,9205 9206 9207 9209 9212 9866 9888
4242,231.42857143,38.99990000,9861 9862 9863 9865 9867 9868 9872
4243,236.57142857,38.99990000,9781 9782 9783 9785 9786 9787 9788 9824
4244,241.71428571,38.99990000,9797 9798 9799 9801 9802 9803 9804
4245,246.85714286,38.99990000,9462 9463 9465 9466 9467 9468 9808
4246,252.00000000,38.99990000,9461 9606 9607 9609 9610 9611 9612 9632
4247,257.14285714,38.99990000,9526 9529 9530 9531 9532 9605 9616
4248,262.28571429,38.99990000,9525 9527 9545 9546 9547 9548 9568
4249,267.42857143,38.99990000,9541 9542 9543 9552 32761 32762 32763 32764
4250,272.57142857,38.99990000,14985 14986 14987 15008 32757 32758 32759
4251,277.71428571,38.99990000,14906 14907 14981 14982 14983 14988 14992
4252,282.85714286,38.99990000,14901 14902 14903 14905 14908 14922 14944
4253,288.00000000,38.99990000,14586 14917 14918 14919 14921 14923 14924 14928
4254,293.14285714,38.99990000,14581 14582 14583 14585 14587 14588 14752
4255,298.28571429,38.99990000,14725 14726 14727 14729 14730 14731 14732
4256,303.42857143,38.99990000,14645 14646 14647 14649 14650 14651 14652 14736
4257,308.57142857,38.99990000,14662 14663 14665 14666 14667 14668 14688
4258,313.71428571,38.99990000,13302 13305 13306 13307 13308 14661 14672
4259,318.85714286,38.99990000,13301 13303 13958 13961 13962 13963 13964 13984
4260,324.00000000,38.99990000,13881 13882 13883 13884 13957 13959 13968
4261,329.14285714,38.99990000,13877 13878 13879 13897 13898 13899 13920
4262,334.28571429,38.99990000,13561 13562 13563 13893 13894 13895 13900 13904
4263,339.42857143,38.99990000,13557 13558 13559 13564 13706 13707 13728
4264,344.57142857,38.99990000,13626 13701 13702 13703 13705 13708 13712
4265,349.71428571,38.99990000,13621 13622 13623 13625 13627 13628 13642 13664
4266,354.85714286,38.99990000,13637 13638 13639 13641 13643 13644 13648
4267,2.65002197,40.99990000,2702 2721 2722 2723 2724 2725 2726 2728 2729 2730 20477
4268,7.94413961,40.99990000,2622 2701 2703 2705 2706 2707 2708 2709 2710 2712 2713 2714
4269,13.23825726,40.99990000,2621 2623 2657 2658 2659 2660 2662 2664 2665 2666
4270,18.53237491,40.99990000,2637 2638 2639 2641 2642 2643 2644 2646 2648 2649 2650 2661
4271,23.82649255,40.99990000,2301 2302 2303 2465 2466 2467 2470 2472 2473 2474 2645
4272,29.12061020,40.99990000,2445 2446 2447 2449 2450 2451 2454 2456 2457 2458 2468 2469
4273,34.41472785,40.99990000,2365 2366 2367 2402 2403 2408 2409 2410 2452 2453
4274,39.70884550,40.99990000,2381 2382 2383 2386 2387 2392 2393 2394 2401 2404 2405 2406
4275,45.00296314,40.99990000,1021 1022 1023 1698 1704 1705 1706 2385 2388 2389 2390
4276,50.29708079,40.99990000,1677 1678 1679 1682 1688 1689 1690 1697 1699 1700 1701 1702
4277,55.59119844,40.99990000,1597 1598 1599 1640 1642 1681 1683 1684 1685 1686
4278,60.88531608,40.99990000,1613 1614 1615 1624 1626 1633 1634 1635 1636 1637 1638 1641
4279,66.17943373,40.99990000,1277 1278 1279 1450 1617 1618 1619 1620 1621 1622 1625
4280,71.47355138,40.99990000,1421 1422 1423 1434 1441 1442 1443 1444 1445 1446 1448 1449
4281,76.76766902,40.99990000,1342 1343 1425 1426 1427 1428 1429 1430 1432 1433
4282,82.06178667,40.99990000,1341 1358 1359 1377 1378 1379 1380 1381 1382 1384 1385 1386
4283,87.35590432,40.99990000,1357 1361 1362 1363 1364 1365 1366 1368 1369 1370 24574 24575
4284,92.65002197,40.99990000,6798 6817 6818 6819 6820 6821 6822 6824 6825 6826 24573
4285,97.94413961,40.99990000,6718 6797 6799 6801 6802 6803 6804 6805 6806 6808 6809 6810
4286,103.23825726,40.99990000,6717 6719 6753 6754 6755 6756 6758 6760 6761 6762
4287,108.53237491,40.99990000,6733 6734 6735 6737 6738 6739 6740 6742 6744 6745 6746 6757
4288,113.82649255,40.99990000,6397 6398 6399 6561 6562 6563 6566 6568 6569 6570 6741
4289,119.12061020,40.99990000,6541 6542 6543 6545 6546 6547 6550 6552 6553 6554 6564 6565
4290,124.41472785,40.99990000,6461 6462 6463 6498 6499 6504 6505 6506 6548 6549
4291,129.70884550,40.99990000,6477 6478 6479 6482 6483 6488 6489 6490 6497 6500 6501 6502
4292,135.00296314,40.99990000,5117 5118 5119 5794 5800 5801 5802 6481 6484 6485 6486
4293,140.29708079,40.99990000,5773 5774 5775 5778 5784 5785 5786 5793 5795 5796 5797 5798
4294,145.59119844,40.99990000,5693 5694 5695 5736 5738 5777 5779 5780 5781 5782
4295,150.88531608,40.99990000,5709 5710 5711 5720 5722 5729 5730 5731 5732 5733 5734 5737
4296,156.17943373,40.99990000,5373 5374 5375 5546 5713 5714 5715 5716 5717 5718 5721
4297,161.47355138,40.99990000,5517 5518 5519 5530 5537 5538 5539 5540 5541 5542 5544 5545
4298,166.76766902,40.99990000,5438 5439 5521 5522 5523 5524 5525 5526 5528 5529
4299,172.06178667,40.99990000,5437 5454 5455 5473 5474 5475 5476 5477 5478 5480 5481 5482
4300,177.35590432,40.99990000,5453 5457 5458 5459 5460 5461 5462 5464 5465 5466 28670 28671
4301,182.65002197,40.99990000,10894 10913 10914 10915 10916 10917 10918 10920 10921 10922 28669
4302,187.94413961,40.99990000,10814 10893 10895 10897 10898 10899 10900 10901 10902 10904 10905 10906
4303,193.23825726,40.99990000,10813 10815 10849 10850 10851 10852 10854 10856 10857 10858
4304,198.53237491,40.99990000,10829 10830 10831 10833 10834 10835 10836 10838 10840 10841 10842 10853
4305,203.82649255,40.99990000,10493 10494 10495 10657 10658 10659 10662 10664 10665 10666 10837
4306,209.12061020,40.99990000,10637 10638 10639 10641 10642 10643 10646 10648 10649 10650 10660 10661
4307,214.41472785,40.99990000,10557 10558 10559 10594 10595 10600 10601 10602 10644 10645
4308,219.70884550,40.99990000,10573 10574 10575 10578 10579 10584 10585 10586 10593 10596 10597 10598
4309,225.00296314,40.99990000,9213 9214 9215 9890 9896 9897 9898 10577 10580 10581 10582
4310,230.29708079,40.99990000,9869 9870 9871 9874 9880 9881 9882 9889 9891 9892 9893 9894
4311,235.59119844,40.99990000,9789 9790 9791 9832 9834 9873 9875 9876 9877 9878
4312,240.88531608,40.99990000,9805 9806 9807 9816 9818 9825 9826 9827 9828 9829 9830 9833
4313,246.17943373,40.99990000,9469 9470 9471 9642 9809 9810 9811 9812 9813 9814 9817
4314,251.47355138,40.99990000,9613 9614 9615 9626 9633 9634 9635 9636 9637 9638 9640 9641
4315,256.76766902,40.99990000,9534 9535 9617 9618 9619 9620 9621 9622 9624 9625
4316,262.06178667,40.99990000,9533 9550 9551 9569 9570 9571 9572 9573 9574 9576 9577 9578
4317,267.35590432,40.99990000,9549 9553 9554 9555 9556 9557 9558 9560 9561 9562 32766 32767
4318,272.65002197,40.99990000,14990 15009 15010 15011 15012 15013 15014 15016 15017 15018 32765
4319,277.94413961,40.99990000,14910 14989 14991 14993 14994 14995 14996 14997 14998 15000 15001 15002
4320,283.23825726,40.99990000,14909 14911 14945 14946 14947 14948 14950 14952 14953 14954
4321,288.53237491,40.99990000,14925 14926 14927 14929 14930 14931 14932 14934 14936 14937 14938 14949
4322,293.82649255,40.99990000,14589 14590 14591 14753 14754 14755 14758 14760 14761 14762 14933
4323,299.12061020,40.99990000,14733 14734 14735 14737 14738 14739 14742 14744 14745 14746 14756 14757
4324,304.41472785,40.99990000,14653 14654 14655 14690 14691 14696 14697 14698 14740 14741
4325,309.70884550,40.99990000,14669 14670 14671 14674 14675 14680 14681 14682 14689 14692 14693 14694
4326,315.00296314,40.99990000,13309 13310 13311 13986 13992 13993 13994 14673 14676 14677 14678
4327,320.29708079,40.99990000,13965 13966 13967 13970 13976 13977 13978 13985 13987 13988 13989 13990
4328,325.59119844,40.99990000,13885 13886 13887 13928 13930 13969 13971 13972 13973 13974
4329,330.88531608,40.99990000,13901 13902 13903 13912 13914 13921 13922 13923 13924 13925 13926 13929
4330,336.17943373,40.99990000,13565 13566 13567 13738 13905 13906 13907 13908 13909 13910 13913
4331,341.47355138,40.99990000,13709 13710 13711 13722 13729 13730 13731 13732 13733 13734 13736 13737
4332,346.76766902,40.99990000,13630 13631 13713 13714 13715 13716 13717 13718 13720 13721
4333,352.06178667,40.99990000,13629 13646 13647 13665 13666 13667 13668 13669 13670 13672 13673 13674
4334,357.35590432,40.99990000,13645 13649 13650 13651 13652 13653 13654 13656 13657 13658 20478 20479
4335,0.00000000,42.99990000,2731 2732 2733 2734 13655 13660 13661 13662
4336,5.45454545,42.99990000,2715 2716 2717 2718 2727 2736 2737 2738
4337,10.90909091,42.99990000,2667 2668 2670 2711 2752 2753 2754
4338,16.36363636,42.99990000,2651 2654 2663 2669 2672 2673 2674
4339,21.81818182,42.99990000,2475 2478 2647 2652 2653 2816 2817 2818
4340,27.27272727,42.99990000,2459 2462 2471 2476 2477 2480 2481 2482
4341,32.72727273,42.99990000,2411 2455 2460 2461 2496 2497 2498
4342,38.18181818,42.99990000,2395 2407 2412 2413 2414 2416 2417 2418
4343,43.63636364,42.99990000,2391 2396 2397 2398 3072 3073 3074 3075
4344,49.09090909,42.99990000,1703 1707 1708 1709 1710 1712 1713 1714
4345,54.54545455,42.99990000,1687 1691 1692 1693 1694 1728 1730
4346,60.00000000,42.99990000,1639 1643 1644 1645 1646 1648 1650 1729
4347,65.45454545,42.99990000,1623 1627 1628 1629 1630 1649 1792 1794
4348,70.90909091,42.99990000,1447 1451 1452 1453 1454 1456 1458 1793
4349,76.36363636,42.99990000,1431 1435 1436 1437 1438 1457
4350,81.81818182,42.99990000,1383 1387 1388 1389 1390 1472 1473 1474
4351,87.27272727,42.99990000,1367 1371 1372 1373 1374 1392 1393 1394
4352,92.72727273,42.99990000,6823 6827 6828 6829 6830 6832 6833 6834
4353,98.18181818,42.99990000,6807 6811 6812 6813 6814 6848 6849 6850
4354,103.63636364,42.99990000,6759 6763 6764 6765 6766 6770
4355,109.09090909,42.99990000,6743 6747 6748 6749 6750 6768 6769 6914
4356,114.54545455,42.99990000,6567 6571 6572 6573 6574 6578 6912 6913
4357,120.00000000,42.99990000,6551 6555 6556 6557 6558 6576 6577 6594
4358,125.45454545,42.99990000,6503 6507 6508 6509 6510 6592 6593
4359,130.90909091,42.99990000,6487 6491 6492 6493 6494 6512 6513 6514
4360,136.36363636,42.99990000,5803 5804 5805 5806 7168 7169 7170 7171
4361,141.81818182,42.99990000,5787 5788 5789 5790 5799 5808 5809 5810
4362,147.27272727,42.99990000,5739 5740 5742 5783 5824 5825 5826
4363,152.72727273,42.99990000,5723 5724 5726 5735 5741 5744 5745 5746
4364,158.18181818,42.99990000,5547 5548 5550 5719 5725 5888 5889 5890
4365,163.63636364,42.99990000,5531 5534 5543 5549 5552 5553 5554
4366,169.09090909,42.99990000,5483 5527 5532 5533 5568 5569 5570
4367,174.54545455,42.99990000,5467 5479 5484 5485 5486 5488 5489 5490
4368,180.00000000,42.99990000,5463 5468 5469 5470 10923 10924 10925 10926
4369,185.45454545,42.99990000,10907 10908 10909 10910 10919 10928 10929 10930
4370,190.90909091,42.99990000,10859 10860 10862 10903 10944 10945 10946
4371,196.36363636,42.99990000,10843 10846 10855 10861 10864 10865 10866
4372,201.81818182,42.99990000,10667 10670 10839 10844 10845 11008 11009 11010
4373,207.27272727,42.99990000,10651 10654 10663 10668 10669 10672 10673 10674
4374,212.72727273,42.99990000,10603 10647 10652 10653 10688 10689 10690
4375,218.18181818,42.99990000,10587 10599 10604 10605 10606 10608 10609 10610
4376,223.63636364,42.99990000,10583 10588 10589 10590 11264 11265 11266 11267
4377,229.09090909,42.99990000,9895 9899 9900 9901 9902 9904 9905 9906
4378,234.54545455,42.99990000,9879 9883 9884 9885 9886 9920 9922
4379,240.00000000,42.99990000,9831 9835 9836 9837 9838 9840 9842 9921
4380,245.45454545,42.99990000,9815 9819 9820 9821 9822 9841 9984 9986
4381,250.90909091,42.99990000,9639 9643 9644 9645 9646 9648 9650 9985
4382,256.36363636,42.99990000,9623 9627 9628 9629 9630 9649
4383,261.81818182,42.99990000,9575 9579 9580 9581 9582 9664 9665 9666
4384,267.27272727,42.99990000,9559 9563 9564 9565 9566 9584 9585 9586
4385,272.72727273,42.99990000,15015 15019 15020 15021 15022 15024 15025 15026
4386,278.18181818,42.99990000,14999 15003 15004 15005 15006 15040 15041 15042
4387,283.63636364,42.99990000,14951 14955 14956 14957 14958 14962
4388,289.09090909,42.99990000,14935 14939 14940 14941 14942 14960 14961 15106
4389,294.54545455,42.99990000,14759 14763 14764 14765 14766 14770 15104 15105
4390,300.00000000,42.99990000,14743 14747 14748 14749 14750 14768 14769 14786
4391,305.45454545,42.99990000,14695 14699 14700 14701 14702 14784 14785
4392,310.90909091,42.99990000,14679 14683 14684 14685 14686 14704 14705 14706
4393,316.36363636,42.99990000,13995 13996 13997 13998 15360 15361 15362 15363
4394,321.81818182,42.99990000,13979 13980 13981 13982 13991 14000 14001 14002
4395,327.27272727,42.99990000,13931 13932 13934 13975 14016 14017 14018
4396,332.72727273,42.99990000,13915 13916 13918 13927 13933 13936 13937 13938
4397,338.18181818,42.99990000,13739 13740 13742 13911 13917 14080 14081 14082
4398,343.63636364,42.99990000,13723 13726 13735 13741 13744 13745 13746
4399,349.09090909,42.99990000,13675 13719 13724 13725 13760 13761 13762
4400,354.54545455,42.99990000,13659 13671 13676 13677 13678 13680 13681 13682
4401,2.82842219,44.99990000,2735 2739 2740 2741 2742 2743 2744 2745 2746 2747 2748 2784
4402,8.45342219,44.99990000,2719 2755 2756 2757 2758 2759 2760 2761 2762 2763 2764
4403,14.07842219,44.99990000,2671 2675 2678 2679 2680 2681 2682 2683 2684 2768
4404,19.70342219,44.99990000,2655 2676 2677 2819 2822 2823 2824 2825 2826 2827 2828 2848
4405,25.32842219,44.99990000,2479 2483 2486 2488 2489 2490 2491 2492 2820 2821 2832
4406,30.95342219,44.99990000,2463 2484 2485 2487 2499 2502 2504 2505 2506 2507 2508 2528
4407,36.57842219,44.99990000,2415 2419 2424 2425 2426 2427 2428 2500 2501 2503 2512
4408,42.20342219,44.99990000,2399 2420 2421 2422 2423 3080 3081 3082 3083 3084 3104
4409,47.82842219,44.99990000,1711 1720 1721 1722 1723 3076 3077 3078 3079 3088
4410,53.45342219,44.99990000,1695 1715 1716 1717 1718 1719 1724 1736 1737 1738 1739 1760
4411,59.07842219,44.99990000,1647 1656 1658 1659 1731 1732 1733 1734 1735 1740 1744
4412,64.70342219,44.99990000,1631 1651 1652 1653 1654 1655 1657 1660 1800 1802 1824
4413,70.32842219,44.99990000,1455 1464 1466 1795 1796 1797 1798 1799 1801 1803 1804 1808
4414,75.95342219,44.99990000,1439 1459 1460 1461 1462 1463 1465 1467 1468 1482 1504
4415,81.57842219,44.99990000,1391 1475 1476 1477 1478 1479 1480 1481 1483 1484
4416,87.20342219,44.99990000,1375 1395 1396 1397 1398 1399 1400 1401 1402 1403 1404 1488
4417,92.82842219,44.99990000,6831 6835 6836 6837 6838 6839 6840 6841 6842 6843 6844 6880
4418,98.45342219,44.99990000,6815 6851 6852 6853 6854 6855 6856 6857 6858 6859 6860
4419,104.07842219,44.99990000,6767 6771 6774 6775 6776 6777 6778 6779 6780 6864
4420,109.70342219,44.99990000,6751 6772 6773 6915 6918 6919 6920 6921 6922 6923 6924 6944
4421,115.32842219,44.99990000,6575 6579 6582 6584 6585 6586 6587 6588 6916 6917 6928
4422,120.95342219,44.99990000,6559 6580 6581 6583 6595 6598 6600 6601 6602 6603 6604 6624
4423,126.57842219,44.99990000,6511 6515 6520 6521 6522 6523 6524 6596 6597 6599 6608
4424,132.20342219,44.99990000,6495 6516 6517 6518 6519 7176 7177 7178 7179 7180 7200
4425,137.82842219,44.99990000,5807 5816 5817 5818 5819 7172 7173 7174 7175 7184
4426,143.45342219,44.99990000,5791 5811 5812 5813 5814 5815 5820 5832 5833 5834 5835 5856
4427,149.07842219,44.99990000,5743 5752 5754 5755 5827 5828 5829 5830 5831 5836 5840
4428,154.70342219,44.99990000,5727 5747 5748 5749 5750 5751 5753 5756 5896 5898 5920
4429,160.32842219,44.99990000,5551 5560 5562 5891 5892 5893 5894 5895 5897 5899 5900 5904
4430,165.95342219,44.99990000,5535 5555 5556 5557 5558 5559 5561 5563 5564 5578 5600
4431,171.57842219,44.99990000,5487 5571 5572 5573 5574 5575 5576 5577 5579 5580
4432,177.20342219,44.99990000,5471 5491 5492 5493 5494 5495 5496 5497 5498 5499 5500 5584
4433,182.82842219,44.99990000,10927 10931 10932 10933 10934 10935 10936 10937 10938 10939 10940 10976
4434,188.45342219,44.99990000,10911 10947 10948 10949 10950 10951 10952 10953 10954 10955 10956
4435,194.07842219,44.99990000,10863 10867 10870 10871 10872 10873 10874 10875 10876 10960
4436,199.70342219,44.99990000,10847 10868 10869 11011 11014 11015 11016 11017 11018 11019 11020 11040
4437,205.32842219,44.99990000,10671 10675 10678 10680 10681 10682 10683 10684 11012 11013 11024
4438,210.95342219,44.99990000,10655 10676 10677 10679 10691 10694 10696 10697 10698 10699 10700 10720
4439,216.57842219,44.99990000,10607 10611 10616 10617 10618 10619 10620 10692 10693 10695 10704
4440,222.20342219,44.99990000,10591 10612 10613 10614 10615 11272 11273 11274 11275 11276 11296
4441,227.82842219,44.99990000,9903 9912 9913 9914 9915 11268 11269 11270 11271 11280
4442,233.45342219,44.99990000,9887 9907 9908 9909 9910 9911 9916 9928 9929 9930 9931 9952
4443,239.07842219,44.99990000,9839 9848 9850 9851 9923 9924 9925 9926 9927 9932 9936
4444,244.70342219,44.99990000,9823 9843 9844 9845 9846 9847 9849 9852 9992 9994 10016
4445,250.32842219,44.99990000,9647 9656 9658 9987 9988 9989 9990 9991 9993 9995 9996 10000
4446,255.95342219,44.99990000,9631 9651 9652 9653 9654 9655 9657 9659 9660 9674 9696
4447,261.57842219,44.99990000,9583 9667 9668 9669 9670 9671 9672 9673 9675 9676
4448,267.20342219,44.99990000,9567 9587 9588 9589 9590 9591 9592 9593 9594 9595 9596 9680
4449,272.82842219,44.99990000,15023 15027 15028 15029 15030 15031 15032 15033 15034 15035 15036 15072
4450,278.45342219,44.99990000,15007 15043 15044 15045 15046 15047 15048 15049 15050 15051 15052
4451,284.07842219,44.99990000,14959 14963 14966 14967 14968 14969 14970 14971 14972 15056
4452,289.70342219,44.99990000,14943 14964 14965 15107 15110 15111 15112 15113 15114 15115 15116 15136
4453,295.32842219,44.99990000,14767 14771 14774 14776 14777 14778 14779 14780 15108 15109 15120
4454,300.95342219,44.99990000,14751 14772 14773 14775 14787 14790 14792 14793 14794 14795 14796 14816
4455,306.57842219,44.99990000,14703 14707 14712 14713 14714 14715 14716 14788 14789 14791 14800
4456,312.20342219,44.99990000,14687 14708 14709 14710 14711 15368 15369 15370 15371 15372 15392
4457,317.82842219,44.99990000,13999 14008 14009 14010 14011 15364 15365 15366 15367 15376
4458,323.45342219,44.99990000,13983 14003 14004 14005 14006 14007 14012 14024 14025 14026 14027 14048
4459,329.07842219,44.99990000,13935 13944 13946 13947 14019 14020 14021 14022 14023 14028 14032
4460,334.70342219,44.99990000,13919 13939 13940 13941 13942 13943 13945 13948 14088 14090 14112
4461,340.32842219,44.99990000,13743 13752 13754 14083 14084 14085 14086 14087 14089 14091 14092 14096
4462,345.95342219,44.99990000,13727 13747 13748 13749 13750 13751 13753 13755 13756 13770 13792
4463,351.57842219,44.99990000,13679 13763 13764 13765 13766 13767 13768 13769 13771 13772
4464,357.20342219,44.99990000,13663 13683 13684 13685 13686 13687 13688 13689 13690 13691 13692 13776
4465,0.00000000,46.99990000,2749 2750 2751 2792 13693 13694 13695 13780
4466,5.80645161,46.99990000,2765 2766 2767 2776 2785 2786 2787 2788
4467,11.61290323,46.99990000,2686 2687 2769 2770 2771 2772
4468,17.41935484,46.99990000,2685 2830 2831 2849 2850 2851 2852 2856
4469,23.22580645,46.99990000,2494 2495 2829 2833 2834 2835 2836 2840
4470,29.03225806,46.99990000,2493 2510 2529 2530 2531 2532 2536
4471,34.83870968,46.99990000,2509 2511 2513 2514 2515 2516 2520
4472,40.64516129,46.99990000,2429 2430 2431 3105 3106 3107 3108 3112
4473,46.45161290,46.99990000,3085 3086 3087 3089 3090 3091 3096
4474,52.25806452,46.99990000,1725 1726 1727 1761 1762 1763 1768 3092
4475,58.06451613,46.99990000,1741 1742 1743 1746 1747 1752 1764
4476,63.87096774,46.99990000,1661 1662 1663 1745 1748 1826 1832
4477,69.67741935,46.99990000,1805 1806 1807 1810 1816 1825 1827 1828
4478,75.48387097,46.99990000,1469 1470 1471 1506 1512 1809 1811 1812
4479,81.29032258,46.99990000,1485 1486 1487 1505 1507 1508
4480,87.09677419,46.99990000,1405 1406 1407 1489 1490 1491 1492 1496
4481,92.90322581,46.99990000,6845 6846 6847 6881 6882 6883 6884 6888
4482,98.70967742,46.99990000,6861 6862 6863 6866 6867 6872
4483,104.51612903,46.99990000,6781 6782 6783 6865 6868 6946 6947 6952
4484,110.32258065,46.99990000,6925 6926 6927 6930 6931 6936 6945 6948
4485,116.12903226,46.99990000,6589 6590 6591 6626 6632 6929 6932
4486,121.93548387,46.99990000,6605 6606 6607 6616 6625 6627 6628
4487,127.74193548,46.99990000,6525 6526 6527 6609 6610 6611 6612 7208
4488,133.54838710,46.99990000,7181 7182 7183 7201 7202 7203 7204
4489,139.35483871,46.99990000,5821 5822 5823 7185 7186 7187 7188 7192
4490,145.16129032,46.99990000,5838 5839 5857 5858 5859 5860 5864
4491,150.96774194,46.99990000,5758 5837 5841 5842 5843 5844 5848
4492,156.77419355,46.99990000,5757 5759 5902 5921 5922 5923 5924 5928
4493,162.58064516,46.99990000,5566 5901 5903 5905 5906 5907 5908 5912
4494,168.38709677,46.99990000,5565 5567 5601 5602 5603 5608
4495,174.19354839,46.99990000,5581 5582 5583 5585 5586 5587 5592 5604
4496,180.00000000,46.99990000,5501 5502 5503 5588 10941 10942 10943 10984
4497,185.80645161,46.99990000,10957 10958 10959 10968 10977 10978 10979 10980
4498,191.61290323,46.99990000,10878 10879 10961 10962 10963 10964
4499,197.41935484,46.99990000,10877 11022 11023 11041 11042 11043 11044 11048
4500,203.22580645,46.99990000,10686 10687 11021 11025 11026 11027 11028 11032
4501,209.03225806,46.99990000,10685 10702 10721 10722 10723 10724 10728
4502,214.83870968,46.99990000,10701 10703 10705 10706 10707 10708 10712
4503,220.64516129,46.99990000,10621 10622 10623 11297 11298 11299 11300 11304
4504,226.45161290,46.99990000,11277 11278 11279 11281 11282 11283 11288
4505,232.25806452,46.99990000,9917 9918 9919 9953 9954 9955 9960 11284
4506,238.06451613,46.99990000,9933 9934 9935 9938 9939 9944 9956
4507,243.87096774,46.99990000,9853 9854 9855 9937 9940 10018 10024
4508,249.67741935,46.99990000,9997 9998 9999 10002 10008 10017 10019 10020
4509,255.48387097,46.99990000,9661 9662 9663 9698 9704 10001 10003 10004
4510,261.29032258,46.99990000,9677 9678 9679 9697 9699 9700
4511,267.09677419,46.99990000,9597 9598 9599 9681 9682 9683 9684 9688
4512,272.90322581,46.99990000,15037 15038 15039 15073 15074 15075 15076 15080
4513,278.70967742,46.99990000,15053 15054 15055 15058 15059 15064
4514,284.51612903,46.99990000,14973 14974 14975 15057 15060 15138 15139 15144
4515,290.32258065,46.99990000,15117 15118 15119 15122 15123 15128 15137 15140
4516,296.12903226,46.99990000,14781 14782 14783 14818 14824 15121 15124
4517,301.93548387,46.99990000,14797 14798 14799 14808 14817 14819 14820
4518,307.74193548,46.99990000,14717 14718 14719 14801 14802 14803 14804 15400
4519,313.54838710,46.99990000,15373 15374 15375 15393 15394 15395 15396
4520,319.35483871,46.99990000,14013 14014 14015 15377 15378 15379 15380 15384
4521,325.16129032,46.99990000,14030 14031 14049 14050 14051 14052 14056
4522,330.96774194,46.99990000,13950 14029 14033 14034 14035 14036 14040
4523,336.77419355,46.99990000,13949 13951 14094 14113 14114 14115 14116 14120
4524,342.58064516,46.99990000,13758 14093 14095 14097 14098 14099 14100 14104
4525,348.38709677,46.99990000,13757 13759 13793 13794 13795 13800
4526,354.19354839,46.99990000,13773 13774 13775 13777 13778 13779 13784 13796
4527,3.04850005,48.99990000,2789 2790 2791 2793 2794 2795 2796 2797 2798 2800 2801 2802
4528,9.04850005,48.99990000,2774 2775 2777 2778 2779 2780 2781 2782 2946
4529,15.04850005,48.99990000,2773 2854 2855 2857 2858 2859 2860 2861 2862 2866 2944 2945
4530,21.04850005,48.99990000,2838 2839 2841 2842 2843 2844 2845 2846 2853 2864 2865
4531,27.04850005,48.99990000,2534 2537 2538 2539 2540 2541 2542 2837 2880 2881 2882
4532,33.04850005,48.99990000,2521 2522 2523 2524 2525 2526 2533 2535 2544 2545 2546
4533,39.04850005,48.99990000,2517 2518 2519 3113 3114 3115 3116 3118 3200 3201 3202
4534,45.04850005,48.99990000,3097 3098 3099 3102 3109 3110 3111 3117 3120 3121 3122
4535,51.04850005,48.99990000,1769 1770 1771 3093 3094 3095 3100 3101 3136 3137 3138
4536,57.04850005,48.99990000,1754 1755 1765 1766 1767 1772 1773 1774 1776 1777 1778
4537,63.04850005,48.99990000,1749 1750 1751 1753 1756 1757 1758 1834 1920 1921 1922
4538,69.04850005,48.99990000,1818 1829 1830 1831 1833 1835 1836 1837 1838 1840 1842
4539,75.04850005,48.99990000,1514 1813 1814 1815 1817 1819 1820 1821 1822 1841 1856 1858
4540,81.04850005,48.99990000,1509 1510 1511 1513 1515 1516 1517 1518 1857
4541,87.04850005,48.99990000,1493 1494 1495 1497 1498 1499 1500 1501 1502 1520 1521 1522
4542,93.04850005,48.99990000,6885 6886 6887 6889 6890 6891 6892 6893 6894 6896 6897 6898
4543,99.04850005,48.99990000,6870 6871 6873 6874 6875 6876 6877 6878 7042
4544,105.04850005,48.99990000,6869 6950 6951 6953 6954 6955 6956 6957 6958 6962 7040 7041
4545,111.04850005,48.99990000,6934 6935 6937 6938 6939 6940 6941 6942 6949 6960 6961
4546,117.04850005,48.99990000,6630 6633 6634 6635 6636 6637 6638 6933 6976 6977 6978
4547,123.04850005,48.99990000,6617 6618 6619 6620 6621 6622 6629 6631 6640 6641 6642
4548,129.04850005,48.99990000,6613 6614 6615 7209 7210 7211 7212 7214 7296 7297 7298
4549,135.04850005,48.99990000,7193 7194 7195 7198 7205 7206 7207 7213 7216 7217 7218
4550,141.04850005,48.99990000,5865 5866 5867 7189 7190 7191 7196 7197 7232 7233 7234
4551,147.04850005,48.99990000,5850 5851 5861 5862 5863 5868 5869 5870 5872 5873 5874
4552,153.04850005,48.99990000,5845 5846 5847 5849 5852 5853 5854 5930 6016 6017 6018
4553,159.04850005,48.99990000,5914 5925 5926 5927 5929 5931 5932 5933 5934 5936 5938
4554,165.04850005,48.99990000,5610 5909 5910 5911 5913 5915 5916 5917 5918 5937 5952 5954
4555,171.04850005,48.99990000,5605 5606 5607 5609 5611 5612 5613 5614 5953
4556,177.04850005,48.99990000,5589 5590 5591 5593 5594 5595 5596 5597 5598 5616 5617 5618
4557,183.04850005,48.99990000,10981 10982 10983 10985 10986 10987 10988 10989 10990 10992 10993 10994
4558,189.04850005,48.99990000,10966 10967 10969 10970 10971 10972 10973 10974 11138
4559,195.04850005,48.99990000,10965 11046 11047 11049 11050 11051 11052 11053 11054 11058 11136 11137
4560,201.04850005,48.99990000,11030 11031 11033 11034 11035 11036 11037 11038 11045 11056 11057
4561,207.04850005,48.99990000,10726 10729 10730 10731 10732 10733 10734 11029 11072 11073 11074
4562,213.04850005,48.99990000,10713 10714 10715 10716 10717 10718 10725 10727 10736 10737 10738
4563,219.04850005,48.99990000,10709 10710 10711 11305 11306 11307 11308 11310 11392 11393 11394
4564,225.04850005,48.99990000,11289 11290 11291 11294 11301 11302 11303 11309 11312 11313 11314
4565,231.04850005,48.99990000,9961 9962 9963 11285 11286 11287 11292 11293 11328 11329 11330
4566,237.04850005,48.99990000,9946 9947 9957 9958 9959 9964 9965 9966 9968 9969 9970
4567,243.04850005,48.99990000,9941 9942 9943 9945 9948 9949 9950 10026 10112 10113 10114
4568,249.04850005,48.99990000,10010 10021 10022 10023 10025 10027 10028 10029 10030 10032 10034
4569,255.04850005,48.99990000,9706 10005 10006 10007 10009 10011 10012 10013 10014 10033 10048 10050
4570,261.04850005,48.99990000,9701 9702 9703 9705 9707 9708 9709 9710 10049
4571,267.04850005,48.99990000,9685 9686 9687 9689 9690 9691 9692 9693 9694 9712 9713 9714
4572,273.04850005,48.99990000,15077 15078 15079 15081 15082 15083 15084 15085 15086 15088 15089 15090
4573,279.04850005,48.99990000,15062 15063 15065 15066 15067 15068 15069 15070 15234
4574,285.04850005,48.99990000,15061 15142 15143 15145 15146 15147 15148 15149 15150 15154 15232 15233
4575,291.04850005,48.99990000,15126 15127 15129 15130 15131 15132 15133 15134 15141 15152 15153
4576,297.04850005,48.99990000,14822 14825 14826 14827 14828 14829 14830 15125 15168 15169 15170
4577,303.04850005,48.99990000,14809 14810 14811 14812 14813 14814 14821 14823 14832 14833 14834
4578,309.04850005,48.99990000,14805 14806 14807 15401 15402 15403 15404 15406 15488 15489 15490
4579,315.04850005,48.99990000,15385 15386 15387 15390 15397 15398 15399 15405 15408 15409 15410
4580,321.04850005,48.99990000,14057 14058 14059 15381 15382 15383 15388 15389 15424 15425 15426
4581,327.04850005,48.99990000,14042 14043 14053 14054 14055 14060 14061 14062 14064 14065 14066
4582,333.04850005,48.99990000,14037 14038 14039 14041 14044 14045 14046 14122 14208 14209 14210
4583,339.04850005,48.99990000,14106 14117 14118 14119 14121 14123 14124 14125 14126 14128 14130
4584,345.04850005,48.99990000,13802 14101 14102 14103 14105 14107 14108 14109 14110 14129 14144 14146
4585,351.04850005,48.99990000,13797 13798 13799 13801 13803 13804 13805 13806 14145
4586,357.04850005,48.99990000,13781 13782 13783 13785 13786 13787 13788 13789 13790 13808 13809 13810
4587,0.00000000,50.99990000,2799 2808 2809 2810 13791 13812 13813 13814
4588,6.31578947,50.99990000,2783 2803 2804 2805 2806 2952 2954
4589,12.63157895,50.99990000,2863 2874 2947 2948 2949 2950 2953
4590,18.94736842,50.99990000,2847 2867 2868 2869 2870 2872 2873 2890
4591,25.26315789,50.99990000,2543 2883 2884 2885 2886 2888 2889
4592,31.57894737,50.99990000,2547 2548 2549 2550 2552 2553 2554
4593,37.89473684,50.99990000,2527 3203 3204 3205 3206 3208 3209 3210
4594,44.21052632,50.99990000,3119 3123 3124 3126 3128 3129 3130
4595,50.52631579,50.99990000,3103 3125 3139 3140 3142 3144 3145 3146
4596,56.84210526,50.99990000,1775 1779 1782 1784 1785 1786 3141
4597,63.15789474,50.99990000,1759 1780 1781 1923 1928 1929 1930
4598,69.47368421,50.99990000,1839 1843 1848 1849 1850 1924 1925 1926
4599,75.78947368,50.99990000,1823 1844 1845 1846 1864 1865 1866
4600,82.10526316,50.99990000,1519 1528 1530 1859 1860 1861 1862
4601,88.42105263,50.99990000,1503 1523 1524 1525 1526 1529 6895 6906
4602,94.73684211,50.99990000,6879 6899 6900 6901 6902 6904 6905 7050
4603,101.05263158,50.99990000,7043 7044 7045 7046 7048 7049
4604,107.36842105,50.99990000,6959 6963 6964 6965 6966 6968 6969 6970
4605,113.68421053,50.99990000,6943 6979 6980 6981 6982 6984 6985 6986
4606,120.00000000,50.99990000,6639 6643 6644 6646 6648 6649 6650
4607,126.31578947,50.99990000,6623 6645 7299 7302 7304 7305 7306 7328
4608,132.63157895,50.99990000,7215 7219 7224 7225 7226 7300 7301
4609,138.94736842,50.99990000,7199 7220 7221 7222 7235 7240 7241 7242
4610,145.26315789,50.99990000,5871 5880 5881 5882 7236 7237 7238
4611,151.57894737,50.99990000,5855 5875 5876 5877 5878 6024 6026
4612,157.89473684,50.99990000,5935 5944 5946 6019 6020 6021 6022 6025
4613,164.21052632,50.99990000,5919 5939 5940 5941 5942 5945 5960 5962
4614,170.52631579,50.99990000,5615 5955 5956 5957 5958 5961
4615,176.84210526,50.99990000,5599 5619 5620 5621 5622 5624 5625 5626
4616,183.15789474,50.99990000,10991 10995 10996 10997 10998 11000 11001 11002
4617,189.47368421,50.99990000,10975 11139 11142 11144 11145 11146
4618,195.78947368,50.99990000,11055 11059 11062 11064 11065 11066 11140 11141
4619,202.10526316,50.99990000,11039 11060 11061 11075 11078 11080 11081 11082
4620,208.42105263,50.99990000,10735 10739 10744 10745 10746 11076 11077
4621,214.73684211,50.99990000,10719 10740 10741 10742 11400 11401 11402
4622,221.05263158,50.99990000,11311 11320 11321 11322 11395 11396 11397 11398
4623,227.36842105,50.99990000,11295 11315 11316 11317 11318 11336 11338
4624,233.68421053,50.99990000,9967 9978 11331 11332 11333 11334 11337
4625,240.00000000,50.99990000,9951 9971 9972 9973 9974 9976 9977
4626,246.31578947,50.99990000,10031 10115 10116 10117 10118 10120 10121 10122
4627,252.63157895,50.99990000,10015 10035 10036 10037 10038 10040 10041 10042
4628,258.94736842,50.99990000,10051 10052 10054 10056 10057 10058
4629,265.26315789,50.99990000,9711 9715 9716 9718 9720 9721 9722 10053
4630,271.57894737,50.99990000,9695 9717 15087 15091 15094 15096 15097 15098
4631,277.89473684,50.99990000,15071 15092 15093 15235 15240 15241 15242
4632,284.21052632,50.99990000,15151 15160 15161 15162 15236 15237 15238
4633,290.52631579,50.99990000,15135 15155 15156 15157 15158 15176 15177 15178
4634,296.84210526,50.99990000,14831 14840 14842 15171 15172 15173 15174
4635,303.15789474,50.99990000,14815 14835 14836 14837 14838 14841 15498
4636,309.47368421,50.99990000,15407 15418 15491 15492 15493 15494 15496 15497
4637,315.78947368,50.99990000,15391 15411 15412 15413 15414 15416 15417
4638,322.10526316,50.99990000,14063 15427 15428 15429 15430 15432 15433 15434
4639,328.42105263,50.99990000,14067 14068 14069 14070 14072 14073 14074
4640,334.73684211,50.99990000,14047 14211 14212 14214 14216 14217 14218
4641,341.05263158,50.99990000,14127 14131 14132 14134 14136 14137 14138 14213
4642,347.36842105,50.99990000,14111 14133 14147 14150 14152 14153 14154
4643,353.68421053,50.99990000,13807 13811 13816 13817 13818 14148 14149
4644,3.32327259,52.99990000,2807 2811 2812 2813 2814 2815 2976 2977 2978 2979 2980 2984
4645,9.86872713,52.99990000,2951 2955 2956 2957 2958 2959 2962 2963 2968
4646,16.41418168,52.99990000,2871 2875 2876 2877 2878 2879 2914 2915 2920 2960 2961 2964
4647,22.95963622,52.99990000,2887 2891 2892 2893 2894 2895 2898 2904 2912 2913 2916
4648,29.50509077,52.99990000,2551 2555 2556 2557 2558 2559 2896 2897 2899 2900 3240
4649,36.05054531,52.99990000,3211 3212 3213 3214 3215 3232 3233 3234 3235 3236
4650,42.59599986,52.99990000,3131 3132 3134 3135 3207 3216 3217 3218 3219 3220 3224
4651,49.14145440,52.99990000,3127 3133 3147 3148 3150 3151 3168 3169 3170 3171 3172 3176
4652,55.68690895,52.99990000,1787 1790 3143 3149 3152 3153 3154 3155 3156 3160
4653,62.23236349,52.99990000,1783 1788 1789 1791 1931 1952 1953 1954 1955 1956 1960
4654,68.77781804,52.99990000,1851 1927 1932 1933 1934 1935 1936 1937 1938 1939 1944
4655,75.32327259,52.99990000,1847 1852 1853 1854 1855 1867 1888 1889 1890 1891 1896 1940
4656,81.86872713,52.99990000,1863 1868 1869 1870 1871 1872 1874 1880 1892
4657,88.41418168,52.99990000,1527 1531 1532 1533 1534 1535 1873 1875 1876 6907 6910 6911
4658,94.95963622,52.99990000,6903 6908 6909 7051 7054 7072 7073 7074 7075 7076 7080
4659,101.50509077,52.99990000,7047 7052 7053 7055 7056 7057 7058 7059 7060 7064
4660,108.05054531,52.99990000,6967 6971 6972 6973 6974 6975 7008 7009 7010 7011 7012 7016
4661,114.59599986,52.99990000,6983 6987 6988 6989 6990 6991 6992 6994 6995 7000
4662,121.14145440,52.99990000,6647 6651 6652 6653 6654 6655 6993 6996 7330 7331 7336
4663,127.68690895,52.99990000,7303 7307 7308 7309 7310 7311 7314 7320 7329 7332
4664,134.23236349,52.99990000,7223 7227 7228 7229 7230 7231 7272 7312 7313 7315 7316
4665,140.77781804,52.99990000,7239 7243 7244 7245 7246 7247 7264 7265 7266 7267 7268
4666,147.32327259,52.99990000,5883 5884 5885 5886 5887 7248 7249 7250 7251 7252 7256
4667,153.86872713,52.99990000,5879 6027 6028 6030 6031 6048 6049 6050 6051 6052 6056
4668,160.41418168,52.99990000,5947 5948 5950 6023 6029 6032 6033 6034 6035 6036 6040
4669,166.95963622,52.99990000,5943 5949 5951 5963 5966 5984 5985 5986 5987 5988 5992
4670,173.50509077,52.99990000,5627 5959 5964 5965 5967 5968 5969 5970 5971 5976
4671,180.05054531,52.99990000,5623 5628 5629 5630 5631 5972 11003 11004 11005 11006 11007 11176
4672,186.59599986,52.99990000,10999 11147 11148 11150 11151 11168 11169 11170 11171 11172
4673,193.14145440,52.99990000,11067 11070 11071 11143 11149 11152 11153 11154 11155 11156 11160
4674,199.68690895,52.99990000,11063 11068 11069 11083 11086 11087 11104 11105 11106 11107 11108 11112
4675,206.23236349,52.99990000,10747 11079 11084 11085 11088 11089 11090 11091 11092 11096
4676,212.77781804,52.99990000,10743 10748 10749 10750 10751 11424 11425 11426 11427 11428 11432
4677,219.32327259,52.99990000,11399 11403 11404 11405 11406 11407 11408 11409 11410 11411 11416
4678,225.86872713,52.99990000,11319 11323 11324 11325 11326 11327 11360 11362 11363 11368 11412
4679,232.41418168,52.99990000,11335 11339 11340 11341 11342 11343 11344 11346 11352 11361 11364
4680,238.95963622,52.99990000,9975 9979 9980 9981 9982 9983 10146 10152 11345 11347 11348
4681,245.50509077,52.99990000,10119 10123 10124 10125 10126 10127 10144 10145 10147 10148
4682,252.05054531,52.99990000,10039 10043 10044 10045 10046 10047 10128 10129 10130 10131 10132 10136
4683,258.59599986,52.99990000,10059 10060 10062 10063 10080 10081 10082 10083 10084 10088
4684,265.14145440,52.99990000,9723 9724 9726 10055 10061 10064 10065 10066 10067 10068 10072
4685,271.68690895,52.99990000,9719 9725 9727 15095 15099 15100 15101 15102 15103 15266 15267 15272
4686,278.23236349,52.99990000,15239 15243 15244 15245 15246 15247 15256 15264 15265 15268
4687,284.77781804,52.99990000,15163 15164 15165 15166 15167 15208 15248 15249 15250 15251 15252
4688,291.32327259,52.99990000,15159 15179 15180 15181 15182 15183 15200 15201 15202 15203 15204
4689,297.86872713,52.99990000,14843 14844 14846 14847 15175 15184 15185 15186 15187 15188 15192
4690,304.41418168,52.99990000,14839 14845 15499 15502 15503 15520 15521 15522 15523 15524 15528
4691,310.95963622,52.99990000,15419 15422 15495 15500 15501 15504 15505 15506 15507 15508 15512
4692,317.50509077,52.99990000,15415 15420 15421 15423 15435 15456 15457 15458 15459 15460 15464
4693,324.05054531,52.99990000,15431 15436 15437 15438 15439 15440 15441 15442 15443 15448
4694,330.59599986,52.99990000,14071 14075 14076 14077 14078 14079 14240 14242 14243 14248 15444
4695,337.14145440,52.99990000,14215 14219 14220 14221 14222 14223 14224 14226 14232 14241 14244
4696,343.68690895,52.99990000,14135 14139 14140 14141 14142 14143 14176 14178 14184 14225 14227 14228
4697,350.23236349,52.99990000,14151 14155 14156 14157 14158 14159 14177 14179 14180
4698,356.77781804,52.99990000,13815 13819 13820 13821 13822 13823 14160 14161 14162 14163 14164 14168
4699,0.00000000,54.99990000,2985 2986 2987 2988 2989 2990 14165 14166 14167 14172 14173 14174
4700,6.92307692,54.99990000,2969 2970 2971 2974 2981 2982 2983 2992 2993 2994
4701,13.84615385,54.99990000,2922 2923 2926 2965 2966 2967 2972 2973 3008 3009 3010
4702,20.76923077,54.99990000,2906 2907 2917 2918 2919 2921 2924 2925 2928 2929 2930
4703,27.69230769,54.99990000,2901 2902 2903 2905 2908 2909 2910 3242 3584 3585 3586
4704,34.61538462,54.99990000,3237 3238 3239 3241 3243 3244 3245 3246 3248 3250
4705,41.53846154,54.99990000,3221 3222 3223 3225 3226 3227 3228 3229 3230 3249 3266
4706,48.46153846,54.99990000,3173 3174 3175 3177 3178 3179 3180 3181 3182 3186 3264 3265
4707,55.38461538,54.99990000,3158 3159 3161 3162 3163 3164 3165 3166 3184 3185
4708,62.30769231,54.99990000,1958 1961 1962 1963 1964 1965 1966 3157 3328 3329 3330
4709,69.23076923,54.99990000,1942 1945 1946 1947 1948 1950 1957 1959 1968 1969 1970
4710,76.15384615,54.99990000,1897 1898 1899 1900 1902 1941 1943 1949 1984 1985 1986
4711,83.07692308,54.99990000,1881 1882 1883 1893 1894 1895 1901 1904 1905 1906
4712,90.00000000,54.99990000,1877 1878 1879 1884 1885 1886 7081 7082 7083 7084 7085 7086
4713,96.92307692,54.99990000,7065 7066 7067 7070 7077 7078 7079 7088 7089 7090
4714,103.84615385,54.99990000,7018 7019 7022 7061 7062 7063 7068 7069 7104 7105 7106
4715,110.76923077,54.99990000,7002 7003 7013 7014 7015 7017 7020 7021 7024 7025 7026
4716,117.69230769,54.99990000,6997 6998 6999 7001 7004 7005 7006 7338 7680 7681 7682
4717,124.61538462,54.99990000,7333 7334 7335 7337 7339 7340 7341 7342 7344 7346
4718,131.53846154,54.99990000,7317 7318 7319 7321 7322 7323 7324 7325 7326 7345 7360 7362
4719,138.46153846,54.99990000,7269 7270 7271 7273 7274 7275 7276 7277 7278 7282 7361
4720,145.38461538,54.99990000,7254 7255 7257 7258 7259 7260 7261 7262 7280 7281
4721,152.30769231,54.99990000,6054 6057 6058 6059 6060 6061 6062 7253 7424 7425 7426
4722,159.23076923,54.99990000,6038 6041 6042 6043 6044 6046 6053 6055 6064 6065 6066
4723,166.15384615,54.99990000,5993 5994 5995 5996 5998 6037 6039 6045 6080 6081 6082
4724,173.07692308,54.99990000,5977 5978 5979 5989 5990 5991 5997 6000 6001 6002
4725,180.00000000,54.99990000,5973 5974 5975 5980 5981 5982 11177 11178 11179 11180 11181 11182
4726,186.92307692,54.99990000,11161 11162 11163 11166 11173 11174 11175 11184 11185 11186
4727,193.84615385,54.99990000,11114 11115 11118 11157 11158 11159 11164 11165 11200 11201 11202
4728,200.76923077,54.99990000,11098 11099 11109 11110 11111 11113 11116 11117 11120 11121 11122
4729,207.69230769,54.99990000,11093 11094 11095 11097 11100 11101 11102 11434 11776 11777 11778
4730,214.61538462,54.99990000,11429 11430 11431 11433 11435 11436 11437 11438 11440 11442
4731,221.53846154,54.99990000,11413 11414 11415 11417 11418 11419 11420 11421 11422 11441 11456 11458
4732,228.46153846,54.99990000,11365 11366 11367 11369 11370 11371 11372 11373 11374 11378 11457
4733,235.38461538,54.99990000,11350 11351 11353 11354 11355 11356 11357 11358 11376 11377
4734,242.30769231,54.99990000,10150 10153 10154 10155 10156 10157 10158 11349 11520 11521 11522
4735,249.23076923,54.99990000,10134 10137 10138 10139 10140 10142 10149 10151 10160 10161 10162
4736,256.15384615,54.99990000,10089 10090 10091 10092 10094 10133 10135 10141 10176 10177 10178
4737,263.07692308,54.99990000,10073 10074 10075 10085 10086 10087 10093 10096 10097 10098
4738,270.00000000,54.99990000,10069 10070 10071 10076 10077 10078 15273 15274 15275 15276 15277 15278
4739,276.92307692,54.99990000,15257 15258 15259 15262 15269 15270 15271 15280 15281 15282
4740,283.84615385,54.99990000,15210 15211 15214 15253 15254 15255 15260 15261 15296 15297 15298
4741,290.76923077,54.99990000,15194 15195 15205 15206 15207 15209 15212 15213 15216 15217 15218
4742,297.69230769,54.99990000,15189 15190 15191 15193 15196 15197 15198 15530 15872 15873 15874
4743,304.61538462,54.99990000,15525 15526 15527 15529 15531 15532 15533 15534 15536 15538
4744,311.53846154,54.99990000,15509 15510 15511 15513 15514 15515 15516 15517 15518 15537 15552 15554
4745,318.46153846,54.99990000,15461 15462 15463 15465 15466 15467 15468 15469 15470 15474 15553
4746,325.38461538,54.99990000,15446 15447 15449 15450 15451 15452 15453 15454 15472 15473
4747,332.30769231,54.99990000,14246 14249 14250 14251 14252 14253 14254 15445 15616 15617 15618
4748,339.23076923,54.99990000,14230 14233 14234 14235 14236 14238 14245 14247 14256 14257 14258
4749,346.15384615,54.99990000,14185 14186 14187 14188 14190 14229 14231 14237 14272 14273 14274
4750,353.07692308,54.99990000,14169 14170 14171 14181 14182 14183 14189 14192 14193 14194
4751,3.67214705,56.99990000,2991 2995 2996 2997 2998 3000 3001 3002
4752,10.87214705,56.99990000,2975 3011 3014 3016 3017 3018 3020
4753,18.07214705,56.99990000,2927 2931 2934 2936 2937 2938 3012 3013
4754,25.27214705,56.99990000,2911 2932 2933 3592 3593 3594
4755,32.47214705,56.99990000,3247 3256 3257 3258 3587 3588 3589 3590
4756,39.67214705,56.99990000,3231 3251 3252 3253 3254 3272 3274
4757,46.87214705,56.99990000,3183 3194 3267 3268 3269 3270 3273
4758,54.07214705,56.99990000,3167 3187 3188 3189 3190 3192 3193
4759,61.27214705,56.99990000,3331 3332 3333 3334 3336 3337 3338
4760,68.47214705,56.99990000,1967 1971 1972 1974 1976 1977 1978
4761,75.67214705,56.99990000,1951 1973 1987 1988 1990 1992 1993 1994
4762,82.87214705,56.99990000,1903 1907 1912 1913 1914 1989
4763,90.07214705,56.99990000,1887 1908 1909 1910 7087 7096 7097 7098
4764,97.27214705,56.99990000,7071 7091 7092 7093 7094 7114
4765,104.47214705,56.99990000,7023 7034 7107 7108 7109 7110 7112 7113
4766,111.67214705,56.99990000,7007 7027 7028 7029 7030 7032 7033
4767,118.87214705,56.99990000,7683 7684 7685 7686 7688 7689 7690
4768,126.07214705,56.99990000,7343 7347 7348 7350 7352 7353 7354
4769,133.27214705,56.99990000,7327 7349 7363 7366 7368 7369 7370
4770,140.47214705,56.99990000,7279 7283 7288 7289 7290 7364 7365
4771,147.67214705,56.99990000,7263 7284 7285 7286 7427 7432 7433 7434
4772,154.87214705,56.99990000,6063 6072 6074 7428 7429 7430
4773,162.07214705,56.99990000,6047 6067 6068 6069 6070 6073 6088 6090
4774,169.27214705,56.99990000,5999 6010 6083 6084 6085 6086 6089
4775,176.47214705,56.99990000,5983 6003 6004 6005 6006 6008 6009
4776,183.67214705,56.99990000,11183 11187 11188 11189 11190 11192 11193 11194
4777,190.87214705,56.99990000,11167 11203 11206 11208 11209 11210
4778,198.07214705,56.99990000,11119 11123 11126 11128 11129 11130 11204 11205
4779,205.27214705,56.99990000,11103 11124 11125 11784 11785 11786
4780,212.47214705,56.99990000,11439 11448 11449 11450 11779 11780 11781 11782
4781,219.67214705,56.99990000,11423 11443 11444 11445 11446 11464 11466
4782,226.87214705,56.99990000,11375 11386 11459 11460 11461 11462 11465
4783,234.07214705,56.99990000,11359 11379 11380 11381 11382 11384 11385
4784,241.27214705,56.99990000,11523 11524 11525 11526 11528 11529 11530
4785,248.47214705,56.99990000,10159 10163 10164 10166 10168 10169 10170
4786,255.67214705,56.99990000,10143 10165 10179 10180 10182 10184 10185 10186
4787,262.87214705,56.99990000,10095 10099 10104 10105 10106 10181
4788,270.07214705,56.99990000,10079 10100 10101 10102 15279 15288 15289 15290
4789,277.27214705,56.99990000,15263 15283 15284 15285 15286 15306
4790,284.47214705,56.99990000,15215 15226 15299 15300 15301 15302 15304 15305
4791,291.67214705,56.99990000,15199 15219 15220 15221 15222 15224 15225
4792,298.87214705,56.99990000,15875 15876 15877 15878 15880 15881 15882
4793,306.07214705,56.99990000,15535 15539 15540 15542 15544 15545 15546
4794,313.27214705,56.99990000,15519 15541 15555 15558 15560 15561 15562
4795,320.47214705,56.99990000,15471 15475 15480 15481 15482 15556 15557
4796,327.67214705,56.99990000,15455 15476 15477 15478 15619 15624 15625 15626
4797,334.87214705,56.99990000,14255 14264 14266 15620 15621 15622
4798,342.07214705,56.99990000,14239 14259 14260 14261 14262 14265 14280 14282
4799,349.27214705,56.99990000,14191 14202 14275 14276 14277 14278 14281 14284
4800,356.47214705,56.99990000,14175 14195 14196 14197 14198 14200 14201
4801,0.00000000,58.99990000,3003 3004 3005 3006 3007 3048 14199 14204 14205 14206 14207 14292
4802,7.65957447,58.99990000,2999 3019 3022 3023 3040 3041 3042 3043 3044
4803,15.31914894,58.99990000,2939 2942 2943 3015 3021 3024 3025 3026 3027 3028 3032
4804,22.97872340,58.99990000,2935 2940 2941 3595 3598 3616 3617 3618 3619 3620 3624
4805,30.63829787,58.99990000,3591 3596 3597 3599 3600 3601 3602 3603 3604 3608
4806,38.29787234,58.99990000,3255 3259 3260 3261 3262 3263 3296 3297 3298 3299 3304
4807,45.95744681,58.99990000,3271 3275 3276 3277 3278 3279 3280 3282 3283 3288 3300
4808,53.61702128,58.99990000,3191 3195 3196 3197 3198 3199 3281 3284 3362 3368
4809,61.27659574,58.99990000,3335 3339 3340 3341 3342 3343 3352 3360 3361 3363 3364
4810,68.93617021,58.99990000,1975 1979 1980 1981 1982 1983 3344 3345 3346 3347 3348
4811,76.59574468,58.99990000,1995 1996 1997 1998 1999 2016 2017 2018 2019 2020 2024
4812,84.25531915,58.99990000,1915 1916 1918 1991 2000 2001 2002 2003 2004 2008
4813,91.91489362,58.99990000,1911 1917 1919 7095 7099 7100 7101 7102 7103 7138 7139 7144
4814,99.57446809,58.99990000,7115 7116 7117 7118 7119 7128 7136 7137 7140
4815,107.23404255,58.99990000,7035 7036 7037 7038 7039 7111 7120 7121 7122 7123 7124 7720
4816,114.89361702,58.99990000,7031 7691 7692 7694 7695 7712 7713 7714 7715 7716
4817,122.55319149,58.99990000,7355 7358 7359 7687 7693 7696 7697 7698 7699 7700 7704
4818,130.21276596,58.99990000,7351 7356 7357 7371 7374 7392 7393 7394 7395 7396 7400
4819,137.87234043,58.99990000,7291 7367 7372 7373 7375 7376 7377 7378 7379 7380 7384
4820,145.53191489,58.99990000,7287 7292 7293 7294 7295 7456 7457 7458 7459 7464
4821,153.19148936,58.99990000,7431 7435 7436 7437 7438 7439 7440 7442 7443 7448 7460
4822,160.85106383,58.99990000,6071 6075 6076 6077 6078 6079 6112 6114 6120 7441 7444
4823,168.51063830,58.99990000,6087 6091 6092 6093 6094 6095 6104 6113 6115 6116
4824,176.17021277,58.99990000,6007 6011 6012 6013 6014 6015 6096 6097 6098 6099 6100
4825,183.82978723,58.99990000,11191 11195 11196 11197 11198 11199 11232 11233 11234 11235 11240
4826,191.48936170,58.99990000,11207 11211 11212 11213 11214 11215 11218 11219 11224 11236
4827,199.14893617,58.99990000,11127 11131 11132 11133 11134 11135 11216 11217 11220 11810 11816
4828,206.80851064,58.99990000,11783 11787 11788 11789 11790 11791 11800 11808 11809 11811 11812
4829,214.46808511,58.99990000,11451 11452 11453 11454 11455 11792 11793 11794 11795 11796
4830,222.12765957,58.99990000,11447 11467 11468 11470 11471 11488 11489 11490 11491 11492 11496
4831,229.78723404,58.99990000,11387 11388 11390 11463 11469 11472 11473 11474 11475 11476 11480
4832,237.44680851,58.99990000,11383 11389 11391 11531 11534 11552 11553 11554 11555 11556 11560
4833,245.10638298,58.99990000,10171 11527 11532 11533 11535 11536 11537 11538 11539 11544
4834,252.76595745,58.99990000,10167 10172 10173 10174 10175 10187 10208 10209 10210 10211 10216 11540
4835,260.42553191,58.99990000,10183 10188 10189 10190 10191 10192 10194 10200 10212
4836,268.08510638,58.99990000,10103 10107 10108 10109 10110 10111 10193 10195 10196 15291 15294 15295
4837,275.74468085,58.99990000,15287 15292 15293 15307 15328 15329 15330 15331 15332 15336
4838,283.40425532,58.99990000,15303 15308 15309 15310 15311 15312 15313 15314 15315 15316 15320
4839,291.06382979,58.99990000,15223 15227 15228 15229 15230 15231 15904 15905 15906 15907 15912
4840,298.72340426,58.99990000,15879 15883 15884 15885 15886 15887 15888 15890 15891 15896 15908
4841,306.38297872,58.99990000,15543 15547 15548 15549 15550 15551 15586 15592 15889 15892
4842,314.04255319,58.99990000,15559 15563 15564 15565 15566 15567 15576 15584 15585 15587 15588
4843,321.70212766,58.99990000,15479 15483 15484 15485 15486 15487 15568 15569 15570 15571 15572
4844,329.36170213,58.99990000,15627 15628 15630 15631 15648 15649 15650 15651 15652 15656
4845,337.02127660,58.99990000,14267 14268 14270 15623 15629 15632 15633 15634 15635 15636 15640
4846,344.68085106,58.99990000,14263 14269 14271 14283 14286 14304 14305 14306 14307 14308 14312
4847,352.34042553,58.99990000,14203 14279 14285 14287 14288 14289 14290 14291 14296
4848,4.12531769,60.99990000,3045 3046 3047 3049 3050 3051 3052 3053 3054 3056 3058
4849,12.30713587,60.99990000,3030 3031 3033 3034 3035 3036 3037 3038 3714
4850,20.48895405,60.99990000,3029 3622 3623 3625 3626 3627 3628 3629 3630 3712 3713
4851,28.67077224,60.99990000,3606 3609 3610 3611 3612 3613 3614 3621 3632 3633 3634
4852,36.85259042,60.99990000,3305 3306 3307 3308 3310 3605 3607 3648 3649 3650
4853,45.03440860,60.99990000,3289 3290 3291 3294 3301 3302 3303 3309 3312 3313 3314
4854,53.21622678,60.99990000,3285 3286 3287 3292 3293 3370 3371 3456 3457 3458
4855,61.39804496,60.99990000,3354 3365 3366 3367 3369 3372 3373 3374 3376 3377 3378
4856,69.57986314,60.99990000,2026 3349 3350 3351 3353 3355 3356 3357 3358 3392 3394
4857,77.76168133,60.99990000,2021 2022 2023 2025 2027 2028 2029 2030 2034 3393
4858,85.94349951,60.99990000,2005 2006 2007 2009 2010 2011 2012 2013 2014 2032 2033
4859,94.12531769,60.99990000,7141 7142 7143 7145 7146 7147 7148 7149 7150 7152 7154
4860,102.30713587,60.99990000,7126 7127 7129 7130 7131 7132 7133 7134 7810
4861,110.48895405,60.99990000,7125 7718 7719 7721 7722 7723 7724 7725 7726 7808 7809
4862,118.67077224,60.99990000,7702 7705 7706 7707 7708 7709 7710 7717 7728 7729 7730
4863,126.85259042,60.99990000,7401 7402 7403 7404 7406 7701 7703 7744 7745 7746
4864,135.03440860,60.99990000,7385 7386 7387 7390 7397 7398 7399 7405 7408 7409 7410
4865,143.21622678,60.99990000,7381 7382 7383 7388 7389 7466 7467 7552 7553 7554
4866,151.39804496,60.99990000,7450 7461 7462 7463 7465 7468 7469 7470 7472 7473 7474
4867,159.57986314,60.99990000,6122 7445 7446 7447 7449 7451 7452 7453 7454 7488 7490
4868,167.76168133,60.99990000,6117 6118 6119 6121 6123 6124 6125 6126 6130 7489
4869,175.94349951,60.99990000,6101 6102 6103 6105 6106 6107 6108 6109 6110 6128 6129
4870,184.12531769,60.99990000,11237 11238 11239 11241 11242 11243 11244 11245 11246 11248 11250
4871,192.30713587,60.99990000,11222 11223 11225 11226 11227 11228 11229 11230 11906
4872,200.48895405,60.99990000,11221 11814 11815 11817 11818 11819 11820 11821 11822 11904 11905
4873,208.67077224,60.99990000,11798 11801 11802 11803 11804 11805 11806 11813 11824 11825 11826
4874,216.85259042,60.99990000,11497 11498 11499 11500 11502 11797 11799 11840 11841 11842
4875,225.03440860,60.99990000,11481 11482 11483 11486 11493 11494 11495 11501 11504 11505 11506
4876,233.21622678,60.99990000,11477 11478 11479 11484 11485 11562 11563 11648 11649 11650
4877,241.39804496,60.99990000,11546 11557 11558 11559 11561 11564 11565 11566 11568 11569 11570
4878,249.57986314,60.99990000,10218 11541 11542 11543 11545 11547 11548 11549 11550 11584 11586
4879,257.76168133,60.99990000,10213 10214 10215 10217 10219 10220 10221 10222 10226 11585
4880,265.94349951,60.99990000,10197 10198 10199 10201 10202 10203 10204 10205 10206 10224 10225
4881,274.12531769,60.99990000,15333 15334 15335 15337 15338 15339 15340 15341 15342 15344 15346
4882,282.30713587,60.99990000,15318 15319 15321 15322 15323 15324 15325 15326 16002
4883,290.48895405,60.99990000,15317 15910 15911 15913 15914 15915 15916 15917 15918 16000 16001
4884,298.67077224,60.99990000,15894 15897 15898 15899 15900 15901 15902 15909 15920 15921 15922
4885,306.85259042,60.99990000,15593 15594 15595 15596 15598 15893 15895 15936 15937 15938
4886,315.03440860,60.99990000,15577 15578 15579 15582 15589 15590 15591 15597 15600 15601 15602
4887,323.21622678,60.99990000,15573 15574 15575 15580 15581 15658 15659 15744 15745 15746
4888,331.39804496,60.99990000,15642 15653 15654 15655 15657 15660 15661 15662 15664 15665 15666
4889,339.57986314,60.99990000,14314 15637 15638 15639 15641 15643 15644 15645 15646 15680 15682
4890,347.76168133,60.99990000,14309 14310 14311 14313 14315 14316 14317 14318 14322 15681
4891,355.94349951,60.99990000,14293 14294 14295 14297 14298 14299 14300 14301 14302 14320 14321
4892,0.00000000,62.99990000,3055 3064 3065 3066 14303 14324 14325 14326
4893,8.78048780,62.99990000,3039 3057 3059 3060 3061 3062 3722
4894,17.56097561,62.99990000,3631 3642 3715 3716 3717 3718 3720 3721
4895,26.34146341,62.99990000,3615 3635 3636 3637 3638 3640 3641
4896,35.12195122,62.99990000,3651 3652 3653 3654 3656 3657 3658
4897,43.90243902,62.99990000,3311 3315 3316 3318 3320 3321 3322
4898,52.68292683,62.99990000,3295 3317 3459 3462 3464 3465 3466
4899,61.46341463,62.99990000,3375 3379 3384 3385 3386 3460 3461
4900,70.24390244,62.99990000,3359 3380 3381 3382 3395 3400 3401 3402
4901,79.02439024,62.99990000,2031 2040 2042 3396 3397 3398
4902,87.80487805,62.99990000,2015 2035 2036 2037 2038 2041 7151 7162
4903,96.58536585,62.99990000,7135 7153 7155 7156 7157 7158 7160 7161
4904,105.36585366,62.99990000,7811 7812 7813 7814 7816 7817 7818
4905,114.14634146,62.99990000,7727 7731 7732 7734 7736 7737 7738
4906,122.92682927,62.99990000,7711 7733 7747 7750 7752 7753 7754
4907,131.70731707,62.99990000,7407 7411 7416 7417 7418 7748 7749
4908,140.48780488,62.99990000,7391 7412 7413 7414 7555 7560 7561 7562
4909,149.26829268,62.99990000,7471 7480 7482 7556 7557 7558
4910,158.04878049,62.99990000,7455 7475 7476 7477 7478 7481 7496 7498
4911,166.82926829,62.99990000,6127 7491 7492 7493 7494 7497
4912,175.60975610,62.99990000,6111 6131 6132 6133 6134 6136 6137 6138
4913,184.39024390,62.99990000,11247 11249 11251 11252 11253 11254 11256 11257 11258
4914,193.17073171,62.99990000,11231 11907 11910 11912 11913 11914
4915,201.95121951,62.99990000,11823 11827 11830 11832 11833 11834 11908 11909
4916,210.73170732,62.99990000,11807 11828 11829 11848 11849 11850
4917,219.51219512,62.99990000,11503 11512 11513 11514 11843 11844 11845 11846
4918,228.29268293,62.99990000,11487 11507 11508 11509 11510 11656 11658
4919,237.07317073,62.99990000,11567 11578 11651 11652 11653 11654 11657
4920,245.85365854,62.99990000,11551 11571 11572 11573 11574 11576 11577
4921,254.63414634,62.99990000,11587 11588 11589 11590 11592 11593 11594
4922,263.41463415,62.99990000,10223 10227 10228 10230 10232 10233 10234
4923,272.19512195,62.99990000,10207 10229 15343 15347 15350 15352 15353 15354
4924,280.97560976,62.99990000,15327 15345 15348 15349 16008 16009 16010
4925,289.75609756,62.99990000,15919 15928 15929 15930 16003 16004 16005 16006
4926,298.53658537,62.99990000,15903 15923 15924 15925 15926 15944 15946
4927,307.31707317,62.99990000,15599 15610 15939 15940 15941 15942 15945
4928,316.09756098,62.99990000,15583 15603 15604 15605 15606 15608 15609
4929,324.87804878,62.99990000,15747 15748 15749 15750 15752 15753 15754
4930,333.65853659,62.99990000,15663 15667 15668 15670 15672 15673 15674
4931,342.43902439,62.99990000,15647 15669 15683 15684 15686 15688 15689 15690
4932,351.21951220,62.99990000,14319 14323 14328 14329 14330 15685
4933,4.73238545,64.99990000,3063 3067 3068 3069 3070 3071 3744 3745 3746 3747 3752
4934,13.96315468,64.99990000,3719 3723 3724 3725 3726 3727 3730 3731 3736 3748
4935,23.19392392,64.99990000,3639 3643 3644 3645 3646 3647 3682 3688 3728 3729 3732
4936,32.42469315,64.99990000,3659 3660 3661 3662 3663 3672 3680 3681 3683 3684
4937,41.65546238,64.99990000,3323 3324 3326 3327 3655 3664 3665 3666 3667 3668
4938,50.88623161,64.99990000,3319 3325 3467 3468 3470 3488 3489 3490 3491 3492 3496
4939,60.11700084,64.99990000,3387 3463 3469 3471 3472 3473 3474 3475 3476 3480
4940,69.34777007,64.99990000,3383 3388 3389 3390 3391 3403 3424 3425 3426 3427 3432
4941,78.57853930,64.99990000,3399 3404 3405 3406 3407 3408 3410 3411 3416 3428
4942,87.80930853,64.99990000,2039 2043 2044 2045 2046 2047 3409 3412 7163 7166 7167
4943,97.04007776,64.99990000,7159 7164 7165 7819 7840 7841 7842 7843 7844 7848
4944,106.27084699,64.99990000,7815 7820 7821 7822 7823 7824 7825 7826 7827 7828 7832
4945,115.50161622,64.99990000,7735 7739 7740 7741 7742 7743 7776 7778 7779 7784
4946,124.73238545,64.99990000,7751 7755 7756 7757 7758 7759 7762 7768 7777 7780
4947,133.96315468,64.99990000,7415 7419 7420 7421 7422 7423 7592 7760 7761 7763 7764
4948,143.19392392,64.99990000,7563 7564 7565 7566 7567 7584 7585 7586 7587 7588
4949,152.42469315,64.99990000,7483 7484 7486 7487 7559 7568 7569 7570 7571 7572 7576
4950,161.65546238,64.99990000,7479 7485 7499 7500 7502 7520 7521 7522 7523 7524 7528
4951,170.88623161,64.99990000,6139 7495 7501 7503 7504 7505 7506 7507 7512
4952,180.11700084,64.99990000,6135 6140 6141 6142 6143 7508 11259 11260 11261 11262 11263 11944
4953,189.34777007,64.99990000,11255 11915 11918 11919 11936 11937 11938 11939 11940
4954,198.57853930,64.99990000,11835 11838 11839 11911 11916 11917 11920 11921 11922 11923 11924 11928
4955,207.80930853,64.99990000,11831 11836 11837 11851 11872 11873 11874 11875 11876 11880
4956,217.04007776,64.99990000,11847 11852 11853 11854 11855 11856 11857 11858 11859 11864
4957,226.27084699,64.99990000,11511 11515 11516 11517 11518 11519 11680 11682 11683 11688 11860
4958,235.50161622,64.99990000,11655 11659 11660 11661 11662 11663 11666 11672 11681 11684
4959,244.73238545,64.99990000,11575 11579 11580 11581 11582 11583 11664 11665 11667 11668
4960,253.96315468,64.99990000,11591 11595 11596 11597 11598 11599 11616 11617 11618 11619 11620 11624
4961,263.19392392,64.99990000,10235 10236 10238 11600 11601 11602 11603 11604 11608
4962,272.42469315,64.99990000,10231 10237 10239 15351 15355 15356 15357 15358 15359 16034 16035 16040
4963,281.65546238,64.99990000,16011 16012 16013 16014 16015 16024 16032 16033 16036
4964,290.88623161,64.99990000,15931 15932 15933 15934 15935 16007 16016 16017 16018 16019 16020
4965,300.11700084,64.99990000,15927 15947 15948 15950 15951 15968 15969 15970 15971 15972 15976
4966,309.34777007,64.99990000,15611 15614 15943 15949 15952 15953 15954 15955 15956 15960
4967,318.57853930,64.99990000,15607 15612 15613 15615 15755 15776 15777 15778 15779 15780 15784
4968,327.80930853,64.99990000,15751 15756 15757 15758 15759 15760 15761 15762 15763 15768
4969,337.04007776,64.99990000,15671 15675 15676 15677 15678 15679 15712 15714 15720 15764
4970,346.27084699,64.99990000,15687 15691 15692 15693 15694 15695 15698 15704 15713 15715 15716
4971,355.50161622,64.99990000,14327 14331 14332 14333 14334 14335 15696 15697 15699 15700
4972,0.00000000,66.99990000,3753 3754 3755 3756 3757 3758 15701 15702 15703 15708 15709 15710
4973,10.00000000,66.99990000,3738 3739 3742 3749 3750 3751 3760 3761 3762
4974,20.00000000,66.99990000,3690 3691 3733 3734 3735 3737 3740 3741 3776 3777 3778
4975,30.00000000,66.99990000,3685 3686 3687 3689 3692 3693 3694 3696 3697 3698
4976,40.00000000,66.99990000,3669 3670 3671 3673 3674 3675 3676 3677 3678 3840 3842
4977,50.00000000,66.99990000,3493 3494 3495 3497 3498 3499 3500 3501 3502 3841
4978,60.00000000,66.99990000,3478 3481 3482 3483 3484 3485 3486 3504 3505 3506
4979,70.00000000,66.99990000,3430 3433 3434 3435 3436 3438 3477 3479 3520 3521 3522
4980,80.00000000,66.99990000,3417 3418 3419 3429 3431 3437 3440 3441 3442
4981,90.00000000,66.99990000,3413 3414 3415 3420 3421 3422 7849 7850 7851 7852 7853 7854
4982,100.00000000,66.99990000,7834 7835 7838 7845 7846 7847 7856 7857 7858
4983,110.00000000,66.99990000,7786 7787 7829 7830 7831 7833 7836 7837 7872 7873 7874
4984,120.00000000,66.99990000,7781 7782 7783 7785 7788 7789 7790 7792 7793 7794
4985,130.00000000,66.99990000,7765 7766 7767 7769 7770 7771 7772 7773 7774 7936 7938
4986,140.00000000,66.99990000,7589 7590 7591 7593 7594 7595 7596 7597 7598 7937
4987,150.00000000,66.99990000,7574 7577 7578 7579 7580 7581 7582 7600 7601 7602
4988,160.00000000,66.99990000,7526 7529 7530 7531 7532 7534 7573 7575 7616 7617 7618
4989,170.00000000,66.99990000,7513 7514 7515 7525 7527 7533 7536 7537 7538
4990,180.00000000,66.99990000,7509 7510 7511 7516 7517 7518 11945 11946 11947 11948 11949 11950
4991,190.00000000,66.99990000,11930 11931 11934 11941 11942 11943 11952 11953 11954
4992,200.00000000,66.99990000,11882 11883 11925 11926 11927 11929 11932 11933 11968 11969 11970
4993,210.00000000,66.99990000,11877 11878 11879 11881 11884 11885 11886 11888 11889 11890
4994,220.00000000,66.99990000,11861 11862 11863 11865 11866 11867 11868 11869 11870 12032 12034
4995,230.00000000,66.99990000,11685 11686 11687 11689 11690 11691 11692 11693 11694 12033
4996,240.00000000,66.99990000,11670 11673 11674 11675 11676 11677 11678 11696 11697 11698
4997,250.00000000,66.99990000,11622 11625 11626 11627 11628 11630 11669 11671 11712 11713 11714
4998,260.00000000,66.99990000,11609 11610 11611 11621 11623 11629 11632 11633 11634
4999,270.00000000,66.99990000,11605 11606 11607 11612 11613 11614 16041 16042 16043 16044 16045 16046
5000,280.00000000,66.99990000,16026 16027 16030 16037 16038 16039 16048 16049 16050
5001,290.00000000,66.99990000,15978 15979 16021 16022 16023 16025 16028 16029 16064 16065 16066
5002,300.00000000,66.99990000,15973 15974 15975 15977 15980 15981 15982 15984 15985 15986
5003,310.00000000,66.99990000,15957 15958 15959 15961 15962 15963 15964 15965 15966 16128 16130
5004,320.00000000,66.99990000,15781 15782 15783 15785 15786 15787 15788 15789 15790 16129
5005,330.00000000,66.99990000,15766 15769 15770 15771 15772 15773 15774 15792 15793 15794
5006,340.00000000,66.99990000,15718 15721 15722 15723 15724 15726 15765 15767 15808 15809 15810
5007,350.00000000,66.99990000,15705 15706 15707 15717 15719 15725 15728 15729 15730
5008,5.58083084,68.99990000,3759 3763 3764 3766 3768 3769 3770
5009,16.48992175,68.99990000,3743 3765 3779 3782 3784 3785 3786
5010,27.39901266,68.99990000,3695 3699 3704 3705 3706 3780 3781
5011,38.30810357,68.99990000,3679 3700 3701 3702 3848 3849 3850
5012,49.21719448,68.99990000,3503 3512 3514 3843 3844 3845 3846
5013,60.12628539,68.99990000,3487 3507 3508 3509 3510 3513
5014,71.03537630,68.99990000,3439 3523 3524 3525 3526 3528 3529 3530
5015,81.94446721,68.99990000,3443 3444 3446 3448 3449 3450
5016,92.85355812,68.99990000,3423 3445 7855 7859 7862 7864 7865 7866
5017,103.76264903,68.99990000,7839 7860 7861 7880 7881 7882
5018,114.67173994,68.99990000,7791 7800 7802 7875 7876 7877 7878
5019,125.58083084,68.99990000,7775 7795 7796 7797 7798 7801 7946
5020,136.48992175,68.99990000,7599 7939 7940 7941 7942 7944 7945
5021,147.39901266,68.99990000,7603 7604 7605 7606 7608 7609 7610
5022,158.30810357,68.99990000,7583 7619 7620 7622 7624 7625 7626
5023,169.21719448,68.99990000,7535 7539 7544 7545 7546 7621
5024,180.12628539,68.99990000,7519 7540 7541 7542 11951 11960 11961 11962
5025,191.03537630,68.99990000,11935 11955 11956 11957 11958 11978
5026,201.94446721,68.99990000,11887 11898 11971 11972 11973 11974 11976 11977
5027,212.85355812,68.99990000,11891 11892 11893 11894 11896 11897
5028,223.76264903,68.99990000,11871 12035 12036 12038 12040 12041 12042
5029,234.67173994,68.99990000,11695 11699 11702 11704 11705 11706 12037
5030,245.58083084,68.99990000,11679 11700 11701 11715 11720 11721 11722
5031,256.48992175,68.99990000,11631 11640 11642 11716 11717 11718
5032,267.39901266,68.99990000,11615 11635 11636 11637 11638 11641 16047 16058
5033,278.30810357,68.99990000,16051 16052 16053 16054 16056 16057
5034,289.21719448,68.99990000,16031 16067 16068 16069 16070 16072 16073 16074
5035,300.12628539,68.99990000,15983 15987 15990 15992 15993 15994
5036,311.03537630,68.99990000,15967 15988 15989 16131 16136 16137 16138
5037,321.94446721,68.99990000,15791 15800 15801 15802 16132 16133 16134
5038,332.85355812,68.99990000,15775 15795 15796 15797 15798 15816 15818
5039,343.76264903,68.99990000,15727 15736 15738 15811 15812 15813 15814 15817
5040,354.67173994,68.99990000,15711 15731 15732 15733 15734 15737
5041,0.00000000,70.99990000,3771 3772 3773 3774 3775 3816 15735 15740 15741 15742 15743 15828
5042,12.00000000,70.99990000,3767 3787 3790 3791 3808 3809 3810 3811 3812
5043,24.00000000,70.99990000,3707 3710 3783 3788 3789 3792 3793 3794 3795 3796 3800
5044,36.00000000,70.99990000,3703 3708 3709 3711 3851 3872 3873 3874 3875 3876 3880
5045,48.00000000,70.99990000,3847 3852 3853 3854 3855 3856 3857 3858 3859 3864
5046,60.00000000,70.99990000,3511 3515 3516 3517 3518 3519 3552 3554 3560 3860
5047,72.00000000,70.99990000,3527 3531 3532 3533 3534 3535 3538 3544 3553 3555 3556
5048,84.00000000,70.99990000,3447 3451 3452 3453 3454 3455 3536 3537 3539 3540
5049,96.00000000,70.99990000,7863 7867 7868 7869 7870 7871 7904 7906 7907 7912
5050,108.00000000,70.99990000,7879 7883 7884 7885 7886 7887 7890 7891 7896 7898 7905 7908
5051,120.00000000,70.99990000,7799 7803 7804 7805 7806 7807 7888 7889 7892 7976
5052,132.00000000,70.99990000,7947 7948 7949 7950 7951 7968 7969 7970 7971 7972
5053,144.00000000,70.99990000,7611 7612 7614 7615 7943 7952 7953 7954 7955 7956 7960
5054,156.00000000,70.99990000,7607 7613 7627 7628 7630 7648 7649 7650 7651 7652 7656
5055,168.00000000,70.99990000,7547 7623 7629 7631 7632 7633 7634 7635 7640
5056,180.00000000,70.99990000,7543 7548 7549 7550 7551 7636 11963 11964 11965 11966 11967 12008
5057,192.00000000,70.99990000,11959 11979 11982 11983 12000 12001 12002 12003 12004
5058,204.00000000,70.99990000,11899 11902 11975 11980 11981 11984 11985 11986 11987 11988 11992
5059,216.00000000,70.99990000,11895 11900 11901 11903 12043 12064 12065 12066 12067 12068 12072
5060,228.00000000,70.99990000,12039 12044 12045 12046 12047 12048 12049 12050 12051 12056 12058
5061,240.00000000,70.99990000,11703 11707 11708 11709 11710 11711 11744 11746 11752 12052
5062,252.00000000,70.99990000,11719 11723 11724 11725 11726 11727 11730 11736 11745 11747 11748
5063,264.00000000,70.99990000,11639 11643 11644 11645 11646 11647 11728 11729 11731 11732
5064,276.00000000,70.99990000,16055 16059 16060 16061 16062 16063 16096 16098 16099 16104
5065,288.00000000,70.99990000,16071 16075 16076 16077 16078 16079 16082 16083 16088 16097 16100
5066,300.00000000,70.99990000,15991 15995 15996 15997 15998 15999 16080 16081 16084 16168
5067,312.00000000,70.99990000,16139 16140 16141 16142 16143 16160 16161 16162 16163 16164
5068,324.00000000,70.99990000,15803 15804 15806 15807 16135 16144 16145 16146 16147 16148 16152
5069,336.00000000,70.99990000,15799 15805 15819 15820 15822 15840 15841 15842 15843 15844 15848
5070,348.00000000,70.99990000,15739 15815 15821 15823 15824 15825 15826 15827 15832 15834
5071,6.84056819,72.99990000,3813 3814 3815 3817 3818 3819 3820 3821 3822 3826
5072,20.17390152,72.99990000,3798 3799 3801 3802 3803 3804 3805 3806 3824 3825 3970
5073,33.50723486,72.99990000,3797 3878 3881 3882 3883 3884 3885 3886 3968 3969
5074,46.84056819,72.99990000,3865 3866 3867 3868 3870 3877 3879 3888 3889 3890
5075,60.17390152,72.99990000,3561 3562 3563 3861 3862 3863 3869 3904 3905 3906
5076,73.50723486,72.99990000,3546 3557 3558 3559 3564 3565 3566 3568 3569 3570
5077,86.84056819,72.99990000,3541 3542 3543 3545 3547 3548 3549 3550 7914 7915 7918
5078,100.17390152,72.99990000,7909 7910 7911 7913 7916 7917 7920 7921 7922
5079,113.50723486,72.99990000,7893 7894 7895 7897 7899 7900 7901 7902 8064 8066
5080,126.84056819,72.99990000,7973 7974 7975 7977 7978 7979 7980 7981 7982 7986 8065
5081,140.17390152,72.99990000,7958 7959 7961 7962 7963 7964 7965 7966 7984 7985
5082,153.50723486,72.99990000,7654 7657 7658 7659 7660 7662 7957 8000 8001 8002
5083,166.84056819,72.99990000,7641 7642 7643 7653 7655 7661 7664 7665 7666
5084,180.17390152,72.99990000,7637 7638 7639 7644 7645 7646 12009 12010 12011 12012 12013 12014
5085,193.50723486,72.99990000,11994 11995 11998 12005 12006 12007 12016 12017 12018
5086,206.84056819,72.99990000,11989 11990 11991 11993 11996 11997 12074 12075 12160 12161 12162
5087,220.17390152,72.99990000,12069 12070 12071 12073 12076 12077 12078 12080 12082
5088,233.50723486,72.99990000,12053 12054 12055 12057 12059 12060 12061 12062 12081 12098
5089,246.84056819,72.99990000,11749 11750 11751 11753 11754 11755 11756 11757 11758 12096 12097
5090,260.17390152,72.99990000,11734 11737 11738 11739 11740 11742 11760 11761 11762
5091,273.50723486,72.99990000,11733 11735 11741 16102 16103 16105 16106 16107 16108 16109 16110
5092,286.84056819,72.99990000,16089 16090 16091 16092 16093 16094 16101 16112 16113 16114
5093,300.17390152,72.99990000,16085 16086 16087 16169 16170 16171 16174 16256 16257 16258
5094,313.50723486,72.99990000,16154 16155 16165 16166 16167 16172 16173 16176 16177 16178
5095,326.84056819,72.99990000,15850 16149 16150 16151 16153 16156 16157 16158 16192 16193 16194
5096,340.17390152,72.99990000,15845 15846 15847 15849 15851 15852 15853 15854 15856 15858
5097,353.50723486,72.99990000,15829 15830 15831 15833 15835 15836 15837 15838 15857
5098,0.00000000,74.99990000,3823 3832 3833 3834 15839 15860 15861 15862
5099,15.00000000,74.99990000,3807 3827 3828 3829 3830 3978
5100,30.00000000,74.99990000,3887 3971 3972 3973 3974 3976 3977
5101,45.00000000,74.99990000,3891 3892 3893 3894 3896 3897 3898
5102,60.00000000,74.99990000,3871 3907 3908 3910 3912 3913 3914
5103,75.00000000,74.99990000,3567 3571 3576 3577 3578 3909 3911
5104,90.00000000,74.99990000,3551 3572 3573 3574 7919 7928 7929 7930
5105,105.00000000,74.99990000,7903 7923 7924 7925 7926 8074
5106,120.00000000,74.99990000,7983 8067 8068 8069 8070 8072 8073
5107,135.00000000,74.99990000,7987 7988 7989 7990 7992 7993 7994
5108,150.00000000,74.99990000,7967 8003 8004 8006 8008 8009 8010
5109,165.00000000,74.99990000,7663 7667 7672 7673 7674 8005
5110,180.00000000,74.99990000,7647 7668 7669 7670 12015 12024 12025 12026
5111,195.00000000,74.99990000,11999 12019 12020 12021 12022 12170
5112,210.00000000,74.99990000,12079 12163 12164 12165 12166 12168 12169 12172
5113,225.00000000,74.99990000,12083 12084 12085 12086 12088 12089 12090
5114,240.00000000,74.99990000,12063 12099 12100 12102 12104 12105 12106
5115,255.00000000,74.99990000,11759 11763 11768 11769 11770 12101
5116,270.00000000,74.99990000,11743 11764 11765 11766 16111 16120 16121 16122
5117,285.00000000,74.99990000,16095 16115 16116 16117 16118 16266
5118,300.00000000,74.99990000,16175 16259 16260 16261 16262 16264 16265
5119,315.00000000,74.99990000,16179 16180 16181 16182 16184 16185 16186
5120,330.00000000,74.99990000,16159 16195 16196 16198 16200 16201 16202
5121,345.00000000,74.99990000,15855 15859 15864 15865 15866 16197
5122,8.89075575,76.99990000,3831 3835 3836 3837 3838 3839 4000 4002 4003 4008
5123,26.03361290,76.99990000,3975 3979 3980 3981 3982 3983 3986 3987 3992 4001 4004
5124,43.17647004,76.99990000,3895 3899 3900 3901 3902 3903 3944 3984 3985 3988
5125,60.31932718,76.99990000,3915 3916 3917 3918 3919 3936 3937 3938 3939 3940
5126,77.46218432,76.99990000,3579 3580 3582 3920 3921 3922 3923 3924 3928
5127,94.60504147,76.99990000,3575 3581 3583 7927 7931 7932 7933 7934 7935 8098 8104
5128,111.74789861,76.99990000,8075 8076 8077 8078 8079 8088 8096 8097 8099 8100
5129,128.89075575,76.99990000,7995 7996 7998 7999 8071 8080 8081 8082 8083 8084
5130,146.03361290,76.99990000,7991 7997 8011 8012 8014 8032 8033 8034 8035 8036 8040
5131,163.17647004,76.99990000,7675 8007 8013 8015 8016 8017 8018 8019 8024
5132,180.31932718,76.99990000,7671 7676 7677 7678 7679 8020 12027 12028 12029 12030 12031 12200
5133,197.46218432,76.99990000,12023 12171 12174 12175 12192 12193 12194 12195 12196
5134,214.60504147,76.99990000,12091 12094 12167 12173 12176 12177 12178 12179 12180 12184
5135,231.74789861,76.99990000,12087 12092 12093 12095 12107 12128 12129 12130 12131 12136
5136,248.89075575,76.99990000,12103 12108 12109 12110 12111 12112 12114 12115 12120 12132
5137,266.03361290,76.99990000,11767 11771 11772 11773 11774 11775 12113 12116 16123 16126 16127
5138,283.17647004,76.99990000,16119 16124 16125 16267 16288 16289 16290 16291 16292 16296
5139,300.31932718,76.99990000,16263 16268 16269 16270 16271 16272 16273 16274 16275 16280
5140,317.46218432,76.99990000,16183 16187 16188 16189 16190 16191 16224 16226 16227 16232 16276
5141,334.60504147,76.99990000,16199 16203 16204 16205 16206 16207 16210 16216 16225 16228
5142,351.74789861,76.99990000,15863 15867 15868 15869 15870 15871 16208 16209 16211 16212
5143,0.00000000,78.99990000,4009 4010 4011 4012 4013 4014 16213 16214 16215 16220 16221 16222
5144,20.00000000,78.99990000,3994 3995 3998 4005 4006 4007 4016 4017 4018
5145,40.00000000,78.99990000,3946 3989 3990 3991 3993 3996 3997 4032 4033 4034
5146,60.00000000,78.99990000,3941 3942 3943 3945 3947 3948 3949 3950 3952 3954
5147,80.00000000,78.99990000,3925 3926 3927 3929 3930 3931 3932 3933 3934 3953
5148,100.00000000,78.99990000,8101 8102 8103 8105 8106 8107 8108 8109 8110 8114
5149,120.00000000,78.99990000,8086 8087 8089 8090 8091 8092 8093 8094 8112 8113
5150,140.00000000,78.99990000,8038 8041 8042 8043 8044 8046 8085 8128 8129 8130
5151,160.00000000,78.99990000,8025 8026 8027 8037 8039 8045 8048 8049 8050
5152,180.00000000,78.99990000,8021 8022 8023 8028 8029 8030 12201 12202 12203 12204 12205 12206
5153,200.00000000,78.99990000,12186 12187 12190 12197 12198 12199 12208 12209 12210
5154,220.00000000,78.99990000,12138 12181 12182 12183 12185 12188 12189 12224 12225 12226
5155,240.00000000,78.99990000,12133 12134 12135 12137 12139 12140 12141 12142 12144 12146
5156,260.00000000,78.99990000,12117 12118 12119 12121 12122 12123 12124 12125 12126 12145
5157,280.00000000,78.99990000,16293 16294 16295 16297 16298 16299 16300 16301 16302 16306
5158,300.00000000,78.99990000,16278 16279 16281 16282 16283 16284 16285 16286 16304 16305
5159,320.00000000,78.99990000,16230 16233 16234 16235 16236 16238 16277 16320 16321 16322
5160,340.00000000,78.99990000,16217 16218 16219 16229 16231 16237 16240 16241 16242
5161,12.78476556,80.99990000,4015 4019 4020 4022 4024 4025 4026 4028
5162,36.78476556,80.99990000,3999 4021 4035 4038 4040 4041 4042 4043
5163,60.78476556,80.99990000,3951 3955 3960 3961 3962 4036 4037 4048
5164,84.78476556,80.99990000,3935 3956 3957 3958 3959 8111 8122
5165,108.78476556,80.99990000,8115 8116 8117 8118 8119 8120 8121
5166,132.78476556,80.99990000,8095 8131 8132 8134 8136 8137 8138 8139 8140
5167,156.78476556,80.99990000,8047 8051 8054 8056 8057 8058 8059 8133 8144
5168,180.78476556,80.99990000,8031 8052 8053 8055 12207 12216 12217 12218 12219
5169,204.78476556,80.99990000,12191 12211 12212 12213 12214 12215 12234 12256
5170,228.78476556,80.99990000,12143 12227 12228 12229 12230 12231 12232 12233 12236
5171,252.78476556,80.99990000,12147 12148 12150 12152 12153 12154 12155 12156
5172,276.78476556,80.99990000,12127 12149 16303 16307 16310 16312 16313 16314 16315 16316
5173,300.78476556,80.99990000,16287 16308 16309 16328 16329 16330 16331 16352
5174,324.78476556,80.99990000,16239 16248 16250 16323 16324 16325 16326 16327
5175,348.78476556,80.99990000,16223 16243 16244 16245 16246 16249 16252
5176,0.00000000,82.99990000,4027 4029 4030 4031 4072 16247 16253 16254 16255 16340
5177,32.72727273,82.99990000,4023 4044 4046 4047 4064 4065 4066 4067 4068
5178,65.45454545,82.99990000,3963 3964 3966 4039 4045 4049 4050 4051 4052 4056
5179,98.18181818,82.99990000,3965 3967 8123 8124 8125 8126 8127 8162 8168
5180,130.90909091,82.99990000,8135 8141 8142 8143 8152 8160 8161 8163 8164
5181,163.63636364,82.99990000,8060 8061 8062 8063 8145 8146 8147 8148
5182,196.36363636,82.99990000,12220 12221 12222 12223 12257 12258 12259 12264
5183,229.09090909,82.99990000,12235 12237 12238 12239 12240 12242 12243 12248 12260
5184,261.81818182,82.99990000,12151 12157 12158 12159 12241 12244 16318 16319
5185,294.54545455,82.99990000,16311 16317 16334 16353 16354 16355 16356 16360
5186,327.27272727,82.99990000,16251 16332 16333 16335 16336 16337 16338 16339 16344
5187,22.94696872,84.99990000,4069 4070 4071 4073 4074 4075 4076 4077 4078 4080 4082
5188,67.94696872,84.99990000,4053 4054 4055 4057 4058 4059 4060 4061 4062 4081
5189,112.94696872,84.99990000,8165 8166 8167 8169 8170 8171 8172 8173 8174 8176 8178
5190,157.94696872,84.99990000,8149 8150 8151 8153 8154 8155 8156 8157 8158 8177
5191,202.94696872,84.99990000,12261 12262 12263 12265 12266 12267 12268 12269 12270 12272 12274
5192,247.94696872,84.99990000,12245 12246 12247 12249 12250 12251 12252 12253 12254 12273
5193,292.94696872,84.99990000,16357 16358 16359 16361 16362 16363 16364 16365 16366 16368 16370
5194,337.94696872,84.99990000,16341 16342 16343 16345 16346 16347 16348 16349 16350 16369
5195,0.00000000,86.99990000,4079 4088 4089 4090 4091 16351 16372 16373 16374 16375
5196,72.00000000,86.99990000,4063 4083 4084 4085 4086 4087 4092 8175 8186
5197,144.00000000,86.99990000,8159 8179 8180 8181 8182 8183 8184 8185 8188
5198,216.00000000,86.99990000,12271 12275 12276 12278 12280 12281 12282 12283 12284
5199,288.00000000,86.99990000,12255 12277 16367 16371 16376 16377 16378 16379
5200,114.58591957,88.99990000,4093 4095 8187 8189 8190 8191 12286
5201,294.58591957,88.99990000,4094 12279 12285 12287 16380 16381 16382 16383
